<annotation>
	<folder>train</folder>
	<filename>02eysg1vm9mnkq75s1viv0b.jpg</filename>
	<path>C:\tensorflow1\models\research\object_detection\images\train\02eysg1vm9mnkq75s1viv0b.jpg</path>
	<source>
		<database>Unknown</database>
	</source>
	<size>
		<width>800</width>
		<height>800</height>
		<depth>3</depth>
	</size>
	<segmented>0</segmented>
	<object>
		<name>nomask</name>
		<pose>Unspecified</pose>
		<truncated>1</truncated>
		<difficult>0</difficult>
		<bndbox>
			<xmin>1</xmin>
			<ymin>285</ymin>
			<xmax>296</xmax>
			<ymax>623</ymax>
		</bndbox>
	</object>
</annotation>
