<annotation>
	<folder>train</folder>
	<filename>02u21tq3opa46c4dy1bwmv4.jpg</filename>
	<path>C:\tensorflow1\models\research\object_detection\images\train\02u21tq3opa46c4dy1bwmv4.jpg</path>
	<source>
		<database>Unknown</database>
	</source>
	<size>
		<width>800</width>
		<height>800</height>
		<depth>3</depth>
	</size>
	<segmented>0</segmented>
	<object>
		<name>mask</name>
		<pose>Unspecified</pose>
		<truncated>1</truncated>
		<difficult>0</difficult>
		<bndbox>
			<xmin>408</xmin>
			<ymin>181</ymin>
			<xmax>800</xmax>
			<ymax>663</ymax>
		</bndbox>
	</object>
</annotation>
