<annotation>
	<folder>train</folder>
	<filename>0b375va16pheix2zc2wh0v.jpg</filename>
	<path>C:\tensorflow1\models\research\object_detection\images\train\0b375va16pheix2zc2wh0v.jpg</path>
	<source>
		<database>Unknown</database>
	</source>
	<size>
		<width>800</width>
		<height>800</height>
		<depth>3</depth>
	</size>
	<segmented>0</segmented>
	<object>
		<name>mask</name>
		<pose>Unspecified</pose>
		<truncated>0</truncated>
		<difficult>0</difficult>
		<bndbox>
			<xmin>293</xmin>
			<ymin>254</ymin>
			<xmax>666</xmax>
			<ymax>643</ymax>
		</bndbox>
	</object>
</annotation>
