<annotation>
	<folder>train</folder>
	<filename>0dor0770xredhls83alpods.jpg</filename>
	<path>C:\tensorflow1\models\research\object_detection\images\train\0dor0770xredhls83alpods.jpg</path>
	<source>
		<database>Unknown</database>
	</source>
	<size>
		<width>800</width>
		<height>800</height>
		<depth>3</depth>
	</size>
	<segmented>0</segmented>
	<object>
		<name>mask</name>
		<pose>Unspecified</pose>
		<truncated>0</truncated>
		<difficult>0</difficult>
		<bndbox>
			<xmin>268</xmin>
			<ymin>128</ymin>
			<xmax>533</xmax>
			<ymax>448</ymax>
		</bndbox>
	</object>
</annotation>
