<annotation>
	<folder>train</folder>
	<filename>0jmyicu76js6oxkm7xhabs.jpg</filename>
	<path>C:\tensorflow1\models\research\object_detection\images\train\0jmyicu76js6oxkm7xhabs.jpg</path>
	<source>
		<database>Unknown</database>
	</source>
	<size>
		<width>800</width>
		<height>800</height>
		<depth>3</depth>
	</size>
	<segmented>0</segmented>
	<object>
		<name>nomask</name>
		<pose>Unspecified</pose>
		<truncated>1</truncated>
		<difficult>0</difficult>
		<bndbox>
			<xmin>355</xmin>
			<ymin>1</ymin>
			<xmax>519</xmax>
			<ymax>157</ymax>
		</bndbox>
	</object>
</annotation>
