<annotation>
	<folder>train</folder>
	<filename>0l2cw3x5pn5iuvnf1ksg4ol.jpg</filename>
	<path>C:\tensorflow1\models\research\object_detection\images\train\0l2cw3x5pn5iuvnf1ksg4ol.jpg</path>
	<source>
		<database>Unknown</database>
	</source>
	<size>
		<width>800</width>
		<height>800</height>
		<depth>3</depth>
	</size>
	<segmented>0</segmented>
	<object>
		<name>nomask</name>
		<pose>Unspecified</pose>
		<truncated>0</truncated>
		<difficult>0</difficult>
		<bndbox>
			<xmin>72</xmin>
			<ymin>199</ymin>
			<xmax>325</xmax>
			<ymax>450</ymax>
		</bndbox>
	</object>
</annotation>
