<annotation>
	<folder>train</folder>
	<filename>0lhxl6bw2wi95x7ra0vmyxi.jpg</filename>
	<path>C:\tensorflow1\models\research\object_detection\images\train\0lhxl6bw2wi95x7ra0vmyxi.jpg</path>
	<source>
		<database>Unknown</database>
	</source>
	<size>
		<width>800</width>
		<height>800</height>
		<depth>3</depth>
	</size>
	<segmented>0</segmented>
	<object>
		<name>mask</name>
		<pose>Unspecified</pose>
		<truncated>0</truncated>
		<difficult>0</difficult>
		<bndbox>
			<xmin>294</xmin>
			<ymin>95</ymin>
			<xmax>448</xmax>
			<ymax>329</ymax>
		</bndbox>
	</object>
</annotation>
