<annotation>
	<folder>train</folder>
	<filename>0lnjeh4pk0wsipykukhr9a.jpg</filename>
	<path>C:\tensorflow1\models\research\object_detection\images\train\0lnjeh4pk0wsipykukhr9a.jpg</path>
	<source>
		<database>Unknown</database>
	</source>
	<size>
		<width>800</width>
		<height>800</height>
		<depth>3</depth>
	</size>
	<segmented>0</segmented>
	<object>
		<name>nomask</name>
		<pose>Unspecified</pose>
		<truncated>0</truncated>
		<difficult>0</difficult>
		<bndbox>
			<xmin>225</xmin>
			<ymin>5</ymin>
			<xmax>412</xmax>
			<ymax>190</ymax>
		</bndbox>
	</object>
</annotation>
