<annotation>
	<folder>train</folder>
	<filename>0mfoqr5sfnmur4k8k32tyb.jpg</filename>
	<path>C:\tensorflow1\models\research\object_detection\images\train\0mfoqr5sfnmur4k8k32tyb.jpg</path>
	<source>
		<database>Unknown</database>
	</source>
	<size>
		<width>800</width>
		<height>800</height>
		<depth>3</depth>
	</size>
	<segmented>0</segmented>
	<object>
		<name>nomask</name>
		<pose>Unspecified</pose>
		<truncated>0</truncated>
		<difficult>0</difficult>
		<bndbox>
			<xmin>372</xmin>
			<ymin>203</ymin>
			<xmax>640</xmax>
			<ymax>479</ymax>
		</bndbox>
	</object>
</annotation>
