<annotation>
	<folder>train</folder>
	<filename>0neym2ib2b9cxnl87c7j0qe.jpg</filename>
	<path>C:\tensorflow1\models\research\object_detection\images\train\0neym2ib2b9cxnl87c7j0qe.jpg</path>
	<source>
		<database>Unknown</database>
	</source>
	<size>
		<width>800</width>
		<height>800</height>
		<depth>3</depth>
	</size>
	<segmented>0</segmented>
	<object>
		<name>nomask</name>
		<pose>Unspecified</pose>
		<truncated>0</truncated>
		<difficult>0</difficult>
		<bndbox>
			<xmin>230</xmin>
			<ymin>210</ymin>
			<xmax>534</xmax>
			<ymax>525</ymax>
		</bndbox>
	</object>
</annotation>
