<annotation>
	<folder>train</folder>
	<filename>10.jpeg</filename>
	<path>C:\Users\BETSY\Desktop\tflite\train\images\train\10.jpeg</path>
	<source>
		<database>Unknown</database>
	</source>
	<size>
		<width>355</width>
		<height>142</height>
		<depth>3</depth>
	</size>
	<segmented>0</segmented>
	<object>
		<name>apple</name>
		<pose>Unspecified</pose>
		<truncated>0</truncated>
		<difficult>0</difficult>
		<bndbox>
			<xmin>17</xmin>
			<ymin>4</ymin>
			<xmax>137</xmax>
			<ymax>69</ymax>
		</bndbox>
	</object>
	<object>
		<name>apple</name>
		<pose>Unspecified</pose>
		<truncated>0</truncated>
		<difficult>0</difficult>
		<bndbox>
			<xmin>10</xmin>
			<ymin>65</ymin>
			<xmax>126</xmax>
			<ymax>130</ymax>
		</bndbox>
	</object>
	<object>
		<name>apple</name>
		<pose>Unspecified</pose>
		<truncated>0</truncated>
		<difficult>0</difficult>
		<bndbox>
			<xmin>223</xmin>
			<ymin>55</ymin>
			<xmax>327</xmax>
			<ymax>127</ymax>
		</bndbox>
	</object>
	<object>
		<name>apple</name>
		<pose>Unspecified</pose>
		<truncated>1</truncated>
		<difficult>0</difficult>
		<bndbox>
			<xmin>119</xmin>
			<ymin>1</ymin>
			<xmax>213</xmax>
			<ymax>59</ymax>
		</bndbox>
	</object>
</annotation>
