<annotation>
	<folder>apple</folder>
	<filename>100.jpeg</filename>
	<path>C:\Users\BETSY\Desktop\tflite\train2\apple\100.jpeg</path>
	<source>
		<database>Unknown</database>
	</source>
	<size>
		<width>474</width>
		<height>317</height>
		<depth>3</depth>
	</size>
	<segmented>0</segmented>
	<object>
		<name>apple</name>
		<pose>Unspecified</pose>
		<truncated>0</truncated>
		<difficult>0</difficult>
		<bndbox>
			<xmin>86</xmin>
			<ymin>115</ymin>
			<xmax>229</xmax>
			<ymax>246</ymax>
		</bndbox>
	</object>
</annotation>
