<annotation>
	<folder>apple</folder>
	<filename>101.jpeg</filename>
	<path>C:\Users\BETSY\Desktop\tflite\train2\apple\101.jpeg</path>
	<source>
		<database>Unknown</database>
	</source>
	<size>
		<width>474</width>
		<height>500</height>
		<depth>3</depth>
	</size>
	<segmented>0</segmented>
	<object>
		<name>apple</name>
		<pose>Unspecified</pose>
		<truncated>0</truncated>
		<difficult>0</difficult>
		<bndbox>
			<xmin>40</xmin>
			<ymin>132</ymin>
			<xmax>245</xmax>
			<ymax>340</ymax>
		</bndbox>
	</object>
	<object>
		<name>apple</name>
		<pose>Unspecified</pose>
		<truncated>0</truncated>
		<difficult>0</difficult>
		<bndbox>
			<xmin>218</xmin>
			<ymin>238</ymin>
			<xmax>418</xmax>
			<ymax>437</ymax>
		</bndbox>
	</object>
	<object>
		<name>apple</name>
		<pose>Unspecified</pose>
		<truncated>0</truncated>
		<difficult>0</difficult>
		<bndbox>
			<xmin>241</xmin>
			<ymin>54</ymin>
			<xmax>431</xmax>
			<ymax>238</ymax>
		</bndbox>
	</object>
</annotation>
