<annotation>
	<folder>train</folder>
	<filename>101.jpeg</filename>
	<path>C:\Users\BETSY\Desktop\tflite\train\images\train\101.jpeg</path>
	<source>
		<database>Unknown</database>
	</source>
	<size>
		<width>286</width>
		<height>176</height>
		<depth>3</depth>
	</size>
	<segmented>0</segmented>
	<object>
		<name>banana</name>
		<pose>Unspecified</pose>
		<truncated>0</truncated>
		<difficult>0</difficult>
		<bndbox>
			<xmin>67</xmin>
			<ymin>45</ymin>
			<xmax>226</xmax>
			<ymax>165</ymax>
		</bndbox>
	</object>
	<object>
		<name>banana</name>
		<pose>Unspecified</pose>
		<truncated>0</truncated>
		<difficult>0</difficult>
		<bndbox>
			<xmin>13</xmin>
			<ymin>71</ymin>
			<xmax>97</xmax>
			<ymax>155</ymax>
		</bndbox>
	</object>
	<object>
		<name>banana</name>
		<pose>Unspecified</pose>
		<truncated>0</truncated>
		<difficult>0</difficult>
		<bndbox>
			<xmin>93</xmin>
			<ymin>4</ymin>
			<xmax>256</xmax>
			<ymax>74</ymax>
		</bndbox>
	</object>
</annotation>
