<annotation>
	<folder>apple</folder>
	<filename>102.jpeg</filename>
	<path>C:\Users\BETSY\Desktop\tflite\train2\apple\102.jpeg</path>
	<source>
		<database>Unknown</database>
	</source>
	<size>
		<width>474</width>
		<height>392</height>
		<depth>3</depth>
	</size>
	<segmented>0</segmented>
	<object>
		<name>apple</name>
		<pose>Unspecified</pose>
		<truncated>1</truncated>
		<difficult>0</difficult>
		<bndbox>
			<xmin>112</xmin>
			<ymin>85</ymin>
			<xmax>472</xmax>
			<ymax>392</ymax>
		</bndbox>
	</object>
</annotation>
