<annotation>
	<folder>train</folder>
	<filename>102.jpeg</filename>
	<path>C:\Users\BETSY\Desktop\tflite\train\images\train\102.jpeg</path>
	<source>
		<database>Unknown</database>
	</source>
	<size>
		<width>275</width>
		<height>183</height>
		<depth>3</depth>
	</size>
	<segmented>0</segmented>
	<object>
		<name>banana</name>
		<pose>Unspecified</pose>
		<truncated>1</truncated>
		<difficult>0</difficult>
		<bndbox>
			<xmin>40</xmin>
			<ymin>11</ymin>
			<xmax>116</xmax>
			<ymax>183</ymax>
		</bndbox>
	</object>
	<object>
		<name>banana</name>
		<pose>Unspecified</pose>
		<truncated>0</truncated>
		<difficult>0</difficult>
		<bndbox>
			<xmin>92</xmin>
			<ymin>2</ymin>
			<xmax>185</xmax>
			<ymax>161</ymax>
		</bndbox>
	</object>
</annotation>
