<annotation>
	<folder>train</folder>
	<filename>103.jpeg</filename>
	<path>C:\Users\BETSY\Desktop\tflite\train\images\train\103.jpeg</path>
	<source>
		<database>Unknown</database>
	</source>
	<size>
		<width>280</width>
		<height>180</height>
		<depth>3</depth>
	</size>
	<segmented>0</segmented>
	<object>
		<name>banana</name>
		<pose>Unspecified</pose>
		<truncated>1</truncated>
		<difficult>0</difficult>
		<bndbox>
			<xmin>58</xmin>
			<ymin>1</ymin>
			<xmax>240</xmax>
			<ymax>149</ymax>
		</bndbox>
	</object>
</annotation>
