<annotation>
	<folder>train</folder>
	<filename>104.jpeg</filename>
	<path>C:\Users\BETSY\Desktop\tflite\train\images\train\104.jpeg</path>
	<source>
		<database>Unknown</database>
	</source>
	<size>
		<width>320</width>
		<height>158</height>
		<depth>3</depth>
	</size>
	<segmented>0</segmented>
	<object>
		<name>banana</name>
		<pose>Unspecified</pose>
		<truncated>0</truncated>
		<difficult>0</difficult>
		<bndbox>
			<xmin>133</xmin>
			<ymin>74</ymin>
			<xmax>180</xmax>
			<ymax>135</ymax>
		</bndbox>
	</object>
</annotation>
