<annotation>
	<folder>apple</folder>
	<filename>105.jpeg</filename>
	<path>C:\Users\BETSY\Desktop\tflite\train2\apple\105.jpeg</path>
	<source>
		<database>Unknown</database>
	</source>
	<size>
		<width>474</width>
		<height>474</height>
		<depth>3</depth>
	</size>
	<segmented>0</segmented>
	<object>
		<name>apple</name>
		<pose>Unspecified</pose>
		<truncated>0</truncated>
		<difficult>0</difficult>
		<bndbox>
			<xmin>177</xmin>
			<ymin>120</ymin>
			<xmax>280</xmax>
			<ymax>237</ymax>
		</bndbox>
	</object>
	<object>
		<name>apple</name>
		<pose>Unspecified</pose>
		<truncated>0</truncated>
		<difficult>0</difficult>
		<bndbox>
			<xmin>109</xmin>
			<ymin>182</ymin>
			<xmax>188</xmax>
			<ymax>288</ymax>
		</bndbox>
	</object>
	<object>
		<name>apple</name>
		<pose>Unspecified</pose>
		<truncated>0</truncated>
		<difficult>0</difficult>
		<bndbox>
			<xmin>149</xmin>
			<ymin>221</ymin>
			<xmax>252</xmax>
			<ymax>335</ymax>
		</bndbox>
	</object>
</annotation>
