<annotation>
	<folder>train</folder>
	<filename>105.jpeg</filename>
	<path>C:\Users\BETSY\Desktop\tflite\train\images\train\105.jpeg</path>
	<source>
		<database>Unknown</database>
	</source>
	<size>
		<width>203</width>
		<height>249</height>
		<depth>3</depth>
	</size>
	<segmented>0</segmented>
	<object>
		<name>banana</name>
		<pose>Unspecified</pose>
		<truncated>1</truncated>
		<difficult>0</difficult>
		<bndbox>
			<xmin>1</xmin>
			<ymin>3</ymin>
			<xmax>203</xmax>
			<ymax>247</ymax>
		</bndbox>
	</object>
</annotation>
