<annotation>
	<folder>train</folder>
	<filename>106.jpeg</filename>
	<path>C:\Users\BETSY\Desktop\tflite\train\images\train\106.jpeg</path>
	<source>
		<database>Unknown</database>
	</source>
	<size>
		<width>342</width>
		<height>147</height>
		<depth>3</depth>
	</size>
	<segmented>0</segmented>
	<object>
		<name>banana</name>
		<pose>Unspecified</pose>
		<truncated>1</truncated>
		<difficult>0</difficult>
		<bndbox>
			<xmin>2</xmin>
			<ymin>2</ymin>
			<xmax>340</xmax>
			<ymax>147</ymax>
		</bndbox>
	</object>
</annotation>
