<annotation>
	<folder>train</folder>
	<filename>108.jpeg</filename>
	<path>C:\Users\BETSY\Desktop\tflite\train\images\train\108.jpeg</path>
	<source>
		<database>Unknown</database>
	</source>
	<size>
		<width>194</width>
		<height>259</height>
		<depth>3</depth>
	</size>
	<segmented>0</segmented>
	<object>
		<name>banana</name>
		<pose>Unspecified</pose>
		<truncated>0</truncated>
		<difficult>0</difficult>
		<bndbox>
			<xmin>37</xmin>
			<ymin>25</ymin>
			<xmax>139</xmax>
			<ymax>214</ymax>
		</bndbox>
	</object>
</annotation>
