<annotation>
	<folder>train</folder>
	<filename>109.jpeg</filename>
	<path>C:\Users\BETSY\Desktop\tflite\train\images\train\109.jpeg</path>
	<source>
		<database>Unknown</database>
	</source>
	<size>
		<width>251</width>
		<height>201</height>
		<depth>3</depth>
	</size>
	<segmented>0</segmented>
	<object>
		<name>banana</name>
		<pose>Unspecified</pose>
		<truncated>0</truncated>
		<difficult>0</difficult>
		<bndbox>
			<xmin>25</xmin>
			<ymin>24</ymin>
			<xmax>231</xmax>
			<ymax>178</ymax>
		</bndbox>
	</object>
</annotation>
