<annotation>
	<folder>apple</folder>
	<filename>110.jpeg</filename>
	<path>C:\Users\BETSY\Desktop\tflite\train2\apple\110.jpeg</path>
	<source>
		<database>Unknown</database>
	</source>
	<size>
		<width>474</width>
		<height>315</height>
		<depth>3</depth>
	</size>
	<segmented>0</segmented>
	<object>
		<name>apple</name>
		<pose>Unspecified</pose>
		<truncated>0</truncated>
		<difficult>0</difficult>
		<bndbox>
			<xmin>40</xmin>
			<ymin>152</ymin>
			<xmax>167</xmax>
			<ymax>282</ymax>
		</bndbox>
	</object>
	<object>
		<name>apple</name>
		<pose>Unspecified</pose>
		<truncated>0</truncated>
		<difficult>0</difficult>
		<bndbox>
			<xmin>152</xmin>
			<ymin>143</ymin>
			<xmax>296</xmax>
			<ymax>295</ymax>
		</bndbox>
	</object>
</annotation>
