<annotation>
	<folder>train</folder>
	<filename>110.jpeg</filename>
	<path>C:\Users\BETSY\Desktop\tflite\train\images\train\110.jpeg</path>
	<source>
		<database>Unknown</database>
	</source>
	<size>
		<width>273</width>
		<height>184</height>
		<depth>3</depth>
	</size>
	<segmented>0</segmented>
	<object>
		<name>banana</name>
		<pose>Unspecified</pose>
		<truncated>1</truncated>
		<difficult>0</difficult>
		<bndbox>
			<xmin>1</xmin>
			<ymin>1</ymin>
			<xmax>273</xmax>
			<ymax>184</ymax>
		</bndbox>
	</object>
</annotation>
