<annotation>
	<folder>apple</folder>
	<filename>111.jpeg</filename>
	<path>C:\Users\BETSY\Desktop\tflite\train2\apple\111.jpeg</path>
	<source>
		<database>Unknown</database>
	</source>
	<size>
		<width>474</width>
		<height>313</height>
		<depth>3</depth>
	</size>
	<segmented>0</segmented>
	<object>
		<name>apple</name>
		<pose>Unspecified</pose>
		<truncated>0</truncated>
		<difficult>0</difficult>
		<bndbox>
			<xmin>82</xmin>
			<ymin>103</ymin>
			<xmax>235</xmax>
			<ymax>255</ymax>
		</bndbox>
	</object>
	<object>
		<name>apple</name>
		<pose>Unspecified</pose>
		<truncated>0</truncated>
		<difficult>0</difficult>
		<bndbox>
			<xmin>234</xmin>
			<ymin>93</ymin>
			<xmax>375</xmax>
			<ymax>236</ymax>
		</bndbox>
	</object>
</annotation>
