<annotation>
	<folder>train</folder>
	<filename>112.jpeg</filename>
	<path>C:\Users\BETSY\Desktop\tflite\train\images\train\112.jpeg</path>
	<source>
		<database>Unknown</database>
	</source>
	<size>
		<width>257</width>
		<height>196</height>
		<depth>3</depth>
	</size>
	<segmented>0</segmented>
	<object>
		<name>banana</name>
		<pose>Unspecified</pose>
		<truncated>0</truncated>
		<difficult>0</difficult>
		<bndbox>
			<xmin>3</xmin>
			<ymin>14</ymin>
			<xmax>242</xmax>
			<ymax>172</ymax>
		</bndbox>
	</object>
</annotation>
