<annotation>
	<folder>train</folder>
	<filename>113.jpeg</filename>
	<path>C:\Users\BETSY\Desktop\tflite\train\images\train\113.jpeg</path>
	<source>
		<database>Unknown</database>
	</source>
	<size>
		<width>276</width>
		<height>183</height>
		<depth>3</depth>
	</size>
	<segmented>0</segmented>
	<object>
		<name>banana</name>
		<pose>Unspecified</pose>
		<truncated>0</truncated>
		<difficult>0</difficult>
		<bndbox>
			<xmin>74</xmin>
			<ymin>37</ymin>
			<xmax>161</xmax>
			<ymax>111</ymax>
		</bndbox>
	</object>
	<object>
		<name>banana</name>
		<pose>Unspecified</pose>
		<truncated>0</truncated>
		<difficult>0</difficult>
		<bndbox>
			<xmin>181</xmin>
			<ymin>106</ymin>
			<xmax>263</xmax>
			<ymax>173</ymax>
		</bndbox>
	</object>
</annotation>
