<annotation>
	<folder>apple</folder>
	<filename>113.jpeg</filename>
	<path>C:\Users\BETSY\Desktop\tflite\train2\apple\113.jpeg</path>
	<source>
		<database>Unknown</database>
	</source>
	<size>
		<width>474</width>
		<height>632</height>
		<depth>3</depth>
	</size>
	<segmented>0</segmented>
	<object>
		<name>apple</name>
		<pose>Unspecified</pose>
		<truncated>0</truncated>
		<difficult>0</difficult>
		<bndbox>
			<xmin>81</xmin>
			<ymin>168</ymin>
			<xmax>337</xmax>
			<ymax>431</ymax>
		</bndbox>
	</object>
</annotation>
