<annotation>
	<folder>apple</folder>
	<filename>114.jpeg</filename>
	<path>C:\Users\BETSY\Desktop\tflite\train2\apple\114.jpeg</path>
	<source>
		<database>Unknown</database>
	</source>
	<size>
		<width>474</width>
		<height>474</height>
		<depth>3</depth>
	</size>
	<segmented>0</segmented>
	<object>
		<name>apple</name>
		<pose>Unspecified</pose>
		<truncated>0</truncated>
		<difficult>0</difficult>
		<bndbox>
			<xmin>70</xmin>
			<ymin>81</ymin>
			<xmax>431</xmax>
			<ymax>417</ymax>
		</bndbox>
	</object>
</annotation>
