<annotation>
	<folder>train</folder>
	<filename>114.jpeg</filename>
	<path>C:\Users\BETSY\Desktop\tflite\train\images\train\114.jpeg</path>
	<source>
		<database>Unknown</database>
	</source>
	<size>
		<width>242</width>
		<height>209</height>
		<depth>3</depth>
	</size>
	<segmented>0</segmented>
	<object>
		<name>banana</name>
		<pose>Unspecified</pose>
		<truncated>0</truncated>
		<difficult>0</difficult>
		<bndbox>
			<xmin>8</xmin>
			<ymin>8</ymin>
			<xmax>241</xmax>
			<ymax>204</ymax>
		</bndbox>
	</object>
</annotation>
