<annotation>
	<folder>train</folder>
	<filename>116.jpeg</filename>
	<path>C:\Users\BETSY\Desktop\tflite\train\images\train\116.jpeg</path>
	<source>
		<database>Unknown</database>
	</source>
	<size>
		<width>264</width>
		<height>191</height>
		<depth>3</depth>
	</size>
	<segmented>0</segmented>
	<object>
		<name>banana</name>
		<pose>Unspecified</pose>
		<truncated>0</truncated>
		<difficult>0</difficult>
		<bndbox>
			<xmin>65</xmin>
			<ymin>49</ymin>
			<xmax>117</xmax>
			<ymax>81</ymax>
		</bndbox>
	</object>
</annotation>
