<annotation>
	<folder>apple</folder>
	<filename>117.jpeg</filename>
	<path>C:\Users\BETSY\Desktop\tflite\train2\apple\117.jpeg</path>
	<source>
		<database>Unknown</database>
	</source>
	<size>
		<width>474</width>
		<height>327</height>
		<depth>3</depth>
	</size>
	<segmented>0</segmented>
	<object>
		<name>apple</name>
		<pose>Unspecified</pose>
		<truncated>0</truncated>
		<difficult>0</difficult>
		<bndbox>
			<xmin>58</xmin>
			<ymin>106</ymin>
			<xmax>253</xmax>
			<ymax>283</ymax>
		</bndbox>
	</object>
	<object>
		<name>apple</name>
		<pose>Unspecified</pose>
		<truncated>0</truncated>
		<difficult>0</difficult>
		<bndbox>
			<xmin>161</xmin>
			<ymin>23</ymin>
			<xmax>326</xmax>
			<ymax>141</ymax>
		</bndbox>
	</object>
</annotation>
