<annotation>
	<folder>train</folder>
	<filename>117.jpeg</filename>
	<path>C:\Users\BETSY\Desktop\tflite\train\images\train\117.jpeg</path>
	<source>
		<database>Unknown</database>
	</source>
	<size>
		<width>290</width>
		<height>174</height>
		<depth>3</depth>
	</size>
	<segmented>0</segmented>
	<object>
		<name>banana</name>
		<pose>Unspecified</pose>
		<truncated>1</truncated>
		<difficult>0</difficult>
		<bndbox>
			<xmin>1</xmin>
			<ymin>3</ymin>
			<xmax>290</xmax>
			<ymax>169</ymax>
		</bndbox>
	</object>
</annotation>
