<annotation>
	<folder>apple</folder>
	<filename>118.jpeg</filename>
	<path>C:\Users\BETSY\Desktop\tflite\train2\apple\118.jpeg</path>
	<source>
		<database>Unknown</database>
	</source>
	<size>
		<width>474</width>
		<height>459</height>
		<depth>3</depth>
	</size>
	<segmented>0</segmented>
	<object>
		<name>apple</name>
		<pose>Unspecified</pose>
		<truncated>0</truncated>
		<difficult>0</difficult>
		<bndbox>
			<xmin>102</xmin>
			<ymin>108</ymin>
			<xmax>366</xmax>
			<ymax>388</ymax>
		</bndbox>
	</object>
</annotation>
