<annotation>
	<folder>train</folder>
	<filename>118.jpeg</filename>
	<path>C:\Users\BETSY\Desktop\tflite\train\images\train\118.jpeg</path>
	<source>
		<database>Unknown</database>
	</source>
	<size>
		<width>100</width>
		<height>100</height>
		<depth>3</depth>
	</size>
	<segmented>0</segmented>
	<object>
		<name>banana</name>
		<pose>Unspecified</pose>
		<truncated>0</truncated>
		<difficult>0</difficult>
		<bndbox>
			<xmin>4</xmin>
			<ymin>4</ymin>
			<xmax>91</xmax>
			<ymax>91</ymax>
		</bndbox>
	</object>
</annotation>
