<annotation>
	<folder>train</folder>
	<filename>119.jpeg</filename>
	<path>C:\Users\BETSY\Desktop\tflite\train\images\train\119.jpeg</path>
	<source>
		<database>Unknown</database>
	</source>
	<size>
		<width>328</width>
		<height>154</height>
		<depth>3</depth>
	</size>
	<segmented>0</segmented>
	<object>
		<name>banana</name>
		<pose>Unspecified</pose>
		<truncated>0</truncated>
		<difficult>0</difficult>
		<bndbox>
			<xmin>10</xmin>
			<ymin>8</ymin>
			<xmax>317</xmax>
			<ymax>148</ymax>
		</bndbox>
	</object>
</annotation>
