<annotation>
	<folder>train</folder>
	<filename>11m360qow8gn8o8a5kyk8.jpg</filename>
	<path>C:\tensorflow1\models\research\object_detection\images\train\11m360qow8gn8o8a5kyk8.jpg</path>
	<source>
		<database>Unknown</database>
	</source>
	<size>
		<width>800</width>
		<height>800</height>
		<depth>3</depth>
	</size>
	<segmented>0</segmented>
	<object>
		<name>nomask</name>
		<pose>Unspecified</pose>
		<truncated>0</truncated>
		<difficult>0</difficult>
		<bndbox>
			<xmin>212</xmin>
			<ymin>228</ymin>
			<xmax>540</xmax>
			<ymax>600</ymax>
		</bndbox>
	</object>
</annotation>
