<annotation>
	<folder>train</folder>
	<filename>121.jpeg</filename>
	<path>C:\Users\BETSY\Desktop\tflite\train\images\train\121.jpeg</path>
	<source>
		<database>Unknown</database>
	</source>
	<size>
		<width>259</width>
		<height>195</height>
		<depth>3</depth>
	</size>
	<segmented>0</segmented>
	<object>
		<name>banana</name>
		<pose>Unspecified</pose>
		<truncated>1</truncated>
		<difficult>0</difficult>
		<bndbox>
			<xmin>6</xmin>
			<ymin>13</ymin>
			<xmax>259</xmax>
			<ymax>190</ymax>
		</bndbox>
	</object>
</annotation>
