<annotation>
	<folder>apple</folder>
	<filename>122.jpeg</filename>
	<path>C:\Users\BETSY\Desktop\tflite\train2\apple\122.jpeg</path>
	<source>
		<database>Unknown</database>
	</source>
	<size>
		<width>474</width>
		<height>316</height>
		<depth>3</depth>
	</size>
	<segmented>0</segmented>
	<object>
		<name>apple</name>
		<pose>Unspecified</pose>
		<truncated>0</truncated>
		<difficult>0</difficult>
		<bndbox>
			<xmin>194</xmin>
			<ymin>118</ymin>
			<xmax>334</xmax>
			<ymax>241</ymax>
		</bndbox>
	</object>
	<object>
		<name>apple</name>
		<pose>Unspecified</pose>
		<truncated>1</truncated>
		<difficult>0</difficult>
		<bndbox>
			<xmin>1</xmin>
			<ymin>163</ymin>
			<xmax>83</xmax>
			<ymax>301</ymax>
		</bndbox>
	</object>
	<object>
		<name>apple</name>
		<pose>Unspecified</pose>
		<truncated>0</truncated>
		<difficult>0</difficult>
		<bndbox>
			<xmin>304</xmin>
			<ymin>68</ymin>
			<xmax>434</xmax>
			<ymax>164</ymax>
		</bndbox>
	</object>
</annotation>
