<annotation>
	<folder>apple</folder>
	<filename>125.jpeg</filename>
	<path>C:\Users\BETSY\Desktop\tflite\train2\apple\125.jpeg</path>
	<source>
		<database>Unknown</database>
	</source>
	<size>
		<width>474</width>
		<height>474</height>
		<depth>3</depth>
	</size>
	<segmented>0</segmented>
	<object>
		<name>apple</name>
		<pose>Unspecified</pose>
		<truncated>0</truncated>
		<difficult>0</difficult>
		<bndbox>
			<xmin>60</xmin>
			<ymin>117</ymin>
			<xmax>242</xmax>
			<ymax>260</ymax>
		</bndbox>
	</object>
	<object>
		<name>apple</name>
		<pose>Unspecified</pose>
		<truncated>0</truncated>
		<difficult>0</difficult>
		<bndbox>
			<xmin>256</xmin>
			<ymin>114</ymin>
			<xmax>420</xmax>
			<ymax>308</ymax>
		</bndbox>
	</object>
	<object>
		<name>apple</name>
		<pose>Unspecified</pose>
		<truncated>0</truncated>
		<difficult>0</difficult>
		<bndbox>
			<xmin>127</xmin>
			<ymin>173</ymin>
			<xmax>318</xmax>
			<ymax>363</ymax>
		</bndbox>
	</object>
</annotation>
