<annotation>
	<folder>train</folder>
	<filename>125.jpeg</filename>
	<path>C:\Users\BETSY\Desktop\tflite\train\images\train\125.jpeg</path>
	<source>
		<database>Unknown</database>
	</source>
	<size>
		<width>267</width>
		<height>189</height>
		<depth>3</depth>
	</size>
	<segmented>0</segmented>
	<object>
		<name>banana</name>
		<pose>Unspecified</pose>
		<truncated>0</truncated>
		<difficult>0</difficult>
		<bndbox>
			<xmin>4</xmin>
			<ymin>6</ymin>
			<xmax>266</xmax>
			<ymax>187</ymax>
		</bndbox>
	</object>
</annotation>
