<annotation>
	<folder>train</folder>
	<filename>126.jpeg</filename>
	<path>C:\Users\BETSY\Desktop\tflite\train\images\train\126.jpeg</path>
	<source>
		<database>Unknown</database>
	</source>
	<size>
		<width>255</width>
		<height>198</height>
		<depth>3</depth>
	</size>
	<segmented>0</segmented>
	<object>
		<name>banana</name>
		<pose>Unspecified</pose>
		<truncated>0</truncated>
		<difficult>0</difficult>
		<bndbox>
			<xmin>7</xmin>
			<ymin>10</ymin>
			<xmax>184</xmax>
			<ymax>190</ymax>
		</bndbox>
	</object>
</annotation>
