<annotation>
	<folder>apple</folder>
	<filename>126.jpeg</filename>
	<path>C:\Users\BETSY\Desktop\tflite\train2\apple\126.jpeg</path>
	<source>
		<database>Unknown</database>
	</source>
	<size>
		<width>474</width>
		<height>311</height>
		<depth>3</depth>
	</size>
	<segmented>0</segmented>
	<object>
		<name>apple</name>
		<pose>Unspecified</pose>
		<truncated>0</truncated>
		<difficult>0</difficult>
		<bndbox>
			<xmin>22</xmin>
			<ymin>80</ymin>
			<xmax>252</xmax>
			<ymax>291</ymax>
		</bndbox>
	</object>
	<object>
		<name>apple</name>
		<pose>Unspecified</pose>
		<truncated>0</truncated>
		<difficult>0</difficult>
		<bndbox>
			<xmin>253</xmin>
			<ymin>79</ymin>
			<xmax>455</xmax>
			<ymax>286</ymax>
		</bndbox>
	</object>
</annotation>
