<annotation>
	<folder>train</folder>
	<filename>129.jpeg</filename>
	<path>C:\Users\BETSY\Desktop\tflite\train\images\train\129.jpeg</path>
	<source>
		<database>Unknown</database>
	</source>
	<size>
		<width>280</width>
		<height>180</height>
		<depth>3</depth>
	</size>
	<segmented>0</segmented>
	<object>
		<name>banana</name>
		<pose>Unspecified</pose>
		<truncated>1</truncated>
		<difficult>0</difficult>
		<bndbox>
			<xmin>4</xmin>
			<ymin>4</ymin>
			<xmax>279</xmax>
			<ymax>180</ymax>
		</bndbox>
	</object>
</annotation>
