<annotation>
	<folder>train</folder>
	<filename>130.jpeg</filename>
	<path>C:\Users\BETSY\Desktop\tflite\train\images\train\130.jpeg</path>
	<source>
		<database>Unknown</database>
	</source>
	<size>
		<width>309</width>
		<height>163</height>
		<depth>3</depth>
	</size>
	<segmented>0</segmented>
	<object>
		<name>banana</name>
		<pose>Unspecified</pose>
		<truncated>0</truncated>
		<difficult>0</difficult>
		<bndbox>
			<xmin>5</xmin>
			<ymin>8</ymin>
			<xmax>307</xmax>
			<ymax>159</ymax>
		</bndbox>
	</object>
</annotation>
