<annotation>
	<folder>train</folder>
	<filename>132.jpeg</filename>
	<path>C:\Users\BETSY\Desktop\tflite\train\images\train\132.jpeg</path>
	<source>
		<database>Unknown</database>
	</source>
	<size>
		<width>307</width>
		<height>164</height>
		<depth>3</depth>
	</size>
	<segmented>0</segmented>
	<object>
		<name>banana</name>
		<pose>Unspecified</pose>
		<truncated>0</truncated>
		<difficult>0</difficult>
		<bndbox>
			<xmin>69</xmin>
			<ymin>41</ymin>
			<xmax>159</xmax>
			<ymax>131</ymax>
		</bndbox>
	</object>
	<object>
		<name>banana</name>
		<pose>Unspecified</pose>
		<truncated>0</truncated>
		<difficult>0</difficult>
		<bndbox>
			<xmin>189</xmin>
			<ymin>23</ymin>
			<xmax>257</xmax>
			<ymax>102</ymax>
		</bndbox>
	</object>
</annotation>
