<annotation>
	<folder>apple</folder>
	<filename>132.jpeg</filename>
	<path>C:\Users\BETSY\Desktop\tflite\train2\apple\132.jpeg</path>
	<source>
		<database>Unknown</database>
	</source>
	<size>
		<width>474</width>
		<height>340</height>
		<depth>3</depth>
	</size>
	<segmented>0</segmented>
	<object>
		<name>apple</name>
		<pose>Unspecified</pose>
		<truncated>0</truncated>
		<difficult>0</difficult>
		<bndbox>
			<xmin>37</xmin>
			<ymin>156</ymin>
			<xmax>233</xmax>
			<ymax>322</ymax>
		</bndbox>
	</object>
	<object>
		<name>apple</name>
		<pose>Unspecified</pose>
		<truncated>0</truncated>
		<difficult>0</difficult>
		<bndbox>
			<xmin>233</xmin>
			<ymin>127</ymin>
			<xmax>411</xmax>
			<ymax>301</ymax>
		</bndbox>
	</object>
	<object>
		<name>apple</name>
		<pose>Unspecified</pose>
		<truncated>1</truncated>
		<difficult>0</difficult>
		<bndbox>
			<xmin>321</xmin>
			<ymin>14</ymin>
			<xmax>474</xmax>
			<ymax>124</ymax>
		</bndbox>
	</object>
</annotation>
