<annotation>
	<folder>apple</folder>
	<filename>133.jpeg</filename>
	<path>C:\Users\BETSY\Desktop\tflite\train2\apple\133.jpeg</path>
	<source>
		<database>Unknown</database>
	</source>
	<size>
		<width>474</width>
		<height>457</height>
		<depth>3</depth>
	</size>
	<segmented>0</segmented>
	<object>
		<name>apple</name>
		<pose>Unspecified</pose>
		<truncated>0</truncated>
		<difficult>0</difficult>
		<bndbox>
			<xmin>72</xmin>
			<ymin>71</ymin>
			<xmax>407</xmax>
			<ymax>413</ymax>
		</bndbox>
	</object>
</annotation>
