<annotation>
	<folder>train</folder>
	<filename>133.jpeg</filename>
	<path>C:\Users\BETSY\Desktop\tflite\train\images\train\133.jpeg</path>
	<source>
		<database>Unknown</database>
	</source>
	<size>
		<width>310</width>
		<height>163</height>
		<depth>3</depth>
	</size>
	<segmented>0</segmented>
	<object>
		<name>banana</name>
		<pose>Unspecified</pose>
		<truncated>0</truncated>
		<difficult>0</difficult>
		<bndbox>
			<xmin>85</xmin>
			<ymin>18</ymin>
			<xmax>197</xmax>
			<ymax>123</ymax>
		</bndbox>
	</object>
</annotation>
