<annotation>
	<folder>train</folder>
	<filename>134.jpeg</filename>
	<path>C:\Users\BETSY\Desktop\tflite\train\images\train\134.jpeg</path>
	<source>
		<database>Unknown</database>
	</source>
	<size>
		<width>272</width>
		<height>185</height>
		<depth>3</depth>
	</size>
	<segmented>0</segmented>
	<object>
		<name>banana</name>
		<pose>Unspecified</pose>
		<truncated>1</truncated>
		<difficult>0</difficult>
		<bndbox>
			<xmin>233</xmin>
			<ymin>1</ymin>
			<xmax>272</xmax>
			<ymax>55</ymax>
		</bndbox>
	</object>
</annotation>
