<annotation>
	<folder>train</folder>
	<filename>135.jpeg</filename>
	<path>C:\Users\BETSY\Desktop\tflite\train\images\train\135.jpeg</path>
	<source>
		<database>Unknown</database>
	</source>
	<size>
		<width>225</width>
		<height>225</height>
		<depth>3</depth>
	</size>
	<segmented>0</segmented>
	<object>
		<name>banana</name>
		<pose>Unspecified</pose>
		<truncated>0</truncated>
		<difficult>0</difficult>
		<bndbox>
			<xmin>16</xmin>
			<ymin>59</ymin>
			<xmax>210</xmax>
			<ymax>186</ymax>
		</bndbox>
	</object>
</annotation>
