<annotation>
	<folder>apple</folder>
	<filename>135.jpeg</filename>
	<path>C:\Users\BETSY\Desktop\tflite\train2\apple\135.jpeg</path>
	<source>
		<database>Unknown</database>
	</source>
	<size>
		<width>474</width>
		<height>355</height>
		<depth>3</depth>
	</size>
	<segmented>0</segmented>
	<object>
		<name>apple</name>
		<pose>Unspecified</pose>
		<truncated>0</truncated>
		<difficult>0</difficult>
		<bndbox>
			<xmin>52</xmin>
			<ymin>98</ymin>
			<xmax>238</xmax>
			<ymax>261</ymax>
		</bndbox>
	</object>
	<object>
		<name>apple</name>
		<pose>Unspecified</pose>
		<truncated>0</truncated>
		<difficult>0</difficult>
		<bndbox>
			<xmin>264</xmin>
			<ymin>85</ymin>
			<xmax>442</xmax>
			<ymax>253</ymax>
		</bndbox>
	</object>
</annotation>
