<annotation>
	<folder>train</folder>
	<filename>136.jpeg</filename>
	<path>C:\Users\BETSY\Desktop\tflite\train\images\train\136.jpeg</path>
	<source>
		<database>Unknown</database>
	</source>
	<size>
		<width>240</width>
		<height>210</height>
		<depth>3</depth>
	</size>
	<segmented>0</segmented>
	<object>
		<name>banana</name>
		<pose>Unspecified</pose>
		<truncated>0</truncated>
		<difficult>0</difficult>
		<bndbox>
			<xmin>19</xmin>
			<ymin>32</ymin>
			<xmax>227</xmax>
			<ymax>176</ymax>
		</bndbox>
	</object>
</annotation>
