<annotation>
	<folder>apple</folder>
	<filename>136.jpeg</filename>
	<path>C:\Users\BETSY\Desktop\tflite\train2\apple\136.jpeg</path>
	<source>
		<database>Unknown</database>
	</source>
	<size>
		<width>474</width>
		<height>474</height>
		<depth>3</depth>
	</size>
	<segmented>0</segmented>
	<object>
		<name>apple</name>
		<pose>Unspecified</pose>
		<truncated>0</truncated>
		<difficult>0</difficult>
		<bndbox>
			<xmin>152</xmin>
			<ymin>71</ymin>
			<xmax>340</xmax>
			<ymax>247</ymax>
		</bndbox>
	</object>
	<object>
		<name>apple</name>
		<pose>Unspecified</pose>
		<truncated>0</truncated>
		<difficult>0</difficult>
		<bndbox>
			<xmin>79</xmin>
			<ymin>220</ymin>
			<xmax>258</xmax>
			<ymax>415</ymax>
		</bndbox>
	</object>
	<object>
		<name>apple</name>
		<pose>Unspecified</pose>
		<truncated>0</truncated>
		<difficult>0</difficult>
		<bndbox>
			<xmin>255</xmin>
			<ymin>217</ymin>
			<xmax>402</xmax>
			<ymax>399</ymax>
		</bndbox>
	</object>
</annotation>
