<annotation>
	<folder>apple</folder>
	<filename>137.jpeg</filename>
	<path>C:\Users\BETSY\Desktop\tflite\train2\apple\137.jpeg</path>
	<source>
		<database>Unknown</database>
	</source>
	<size>
		<width>474</width>
		<height>316</height>
		<depth>3</depth>
	</size>
	<segmented>0</segmented>
	<object>
		<name>apple</name>
		<pose>Unspecified</pose>
		<truncated>1</truncated>
		<difficult>0</difficult>
		<bndbox>
			<xmin>74</xmin>
			<ymin>146</ymin>
			<xmax>474</xmax>
			<ymax>314</ymax>
		</bndbox>
	</object>
</annotation>
