<annotation>
	<folder>train</folder>
	<filename>137.jpeg</filename>
	<path>C:\Users\BETSY\Desktop\tflite\train\images\train\137.jpeg</path>
	<source>
		<database>Unknown</database>
	</source>
	<size>
		<width>264</width>
		<height>191</height>
		<depth>3</depth>
	</size>
	<segmented>0</segmented>
	<object>
		<name>banana</name>
		<pose>Unspecified</pose>
		<truncated>1</truncated>
		<difficult>0</difficult>
		<bndbox>
			<xmin>3</xmin>
			<ymin>31</ymin>
			<xmax>227</xmax>
			<ymax>191</ymax>
		</bndbox>
	</object>
</annotation>
