<annotation>
	<folder>apple</folder>
	<filename>138.jpeg</filename>
	<path>C:\Users\BETSY\Desktop\tflite\train2\apple\138.jpeg</path>
	<source>
		<database>Unknown</database>
	</source>
	<size>
		<width>474</width>
		<height>474</height>
		<depth>3</depth>
	</size>
	<segmented>0</segmented>
	<object>
		<name>apple</name>
		<pose>Unspecified</pose>
		<truncated>0</truncated>
		<difficult>0</difficult>
		<bndbox>
			<xmin>31</xmin>
			<ymin>145</ymin>
			<xmax>245</xmax>
			<ymax>389</ymax>
		</bndbox>
	</object>
	<object>
		<name>apple</name>
		<pose>Unspecified</pose>
		<truncated>1</truncated>
		<difficult>0</difficult>
		<bndbox>
			<xmin>245</xmin>
			<ymin>124</ymin>
			<xmax>474</xmax>
			<ymax>375</ymax>
		</bndbox>
	</object>
</annotation>
