<annotation>
	<folder>apple</folder>
	<filename>139.jpeg</filename>
	<path>C:\Users\BETSY\Desktop\tflite\train2\apple\139.jpeg</path>
	<source>
		<database>Unknown</database>
	</source>
	<size>
		<width>474</width>
		<height>474</height>
		<depth>3</depth>
	</size>
	<segmented>0</segmented>
	<object>
		<name>apple</name>
		<pose>Unspecified</pose>
		<truncated>0</truncated>
		<difficult>0</difficult>
		<bndbox>
			<xmin>199</xmin>
			<ymin>109</ymin>
			<xmax>434</xmax>
			<ymax>337</ymax>
		</bndbox>
	</object>
	<object>
		<name>apple</name>
		<pose>Unspecified</pose>
		<truncated>0</truncated>
		<difficult>0</difficult>
		<bndbox>
			<xmin>94</xmin>
			<ymin>92</ymin>
			<xmax>225</xmax>
			<ymax>264</ymax>
		</bndbox>
	</object>
</annotation>
