<annotation>
	<folder>apple</folder>
	<filename>14.jpeg</filename>
	<path>C:\Users\BETSY\Desktop\tflite\train2\apple\14.jpeg</path>
	<source>
		<database>Unknown</database>
	</source>
	<size>
		<width>474</width>
		<height>355</height>
		<depth>3</depth>
	</size>
	<segmented>0</segmented>
	<object>
		<name>apple</name>
		<pose>Unspecified</pose>
		<truncated>1</truncated>
		<difficult>0</difficult>
		<bndbox>
			<xmin>1</xmin>
			<ymin>25</ymin>
			<xmax>158</xmax>
			<ymax>215</ymax>
		</bndbox>
	</object>
	<object>
		<name>apple</name>
		<pose>Unspecified</pose>
		<truncated>0</truncated>
		<difficult>0</difficult>
		<bndbox>
			<xmin>165</xmin>
			<ymin>29</ymin>
			<xmax>334</xmax>
			<ymax>150</ymax>
		</bndbox>
	</object>
	<object>
		<name>apple</name>
		<pose>Unspecified</pose>
		<truncated>1</truncated>
		<difficult>0</difficult>
		<bndbox>
			<xmin>330</xmin>
			<ymin>6</ymin>
			<xmax>474</xmax>
			<ymax>193</ymax>
		</bndbox>
	</object>
</annotation>
