<annotation>
	<folder>train</folder>
	<filename>141.jpeg</filename>
	<path>C:\Users\BETSY\Desktop\tflite\train\images\train\141.jpeg</path>
	<source>
		<database>Unknown</database>
	</source>
	<size>
		<width>263</width>
		<height>192</height>
		<depth>3</depth>
	</size>
	<segmented>0</segmented>
	<object>
		<name>banana</name>
		<pose>Unspecified</pose>
		<truncated>0</truncated>
		<difficult>0</difficult>
		<bndbox>
			<xmin>35</xmin>
			<ymin>14</ymin>
			<xmax>225</xmax>
			<ymax>170</ymax>
		</bndbox>
	</object>
</annotation>
