<annotation>
	<folder>apple</folder>
	<filename>141.jpeg</filename>
	<path>C:\Users\BETSY\Desktop\tflite\train2\apple\141.jpeg</path>
	<source>
		<database>Unknown</database>
	</source>
	<size>
		<width>474</width>
		<height>367</height>
		<depth>3</depth>
	</size>
	<segmented>0</segmented>
	<object>
		<name>apple</name>
		<pose>Unspecified</pose>
		<truncated>1</truncated>
		<difficult>0</difficult>
		<bndbox>
			<xmin>90</xmin>
			<ymin>96</ymin>
			<xmax>371</xmax>
			<ymax>367</ymax>
		</bndbox>
	</object>
</annotation>
