<annotation>
	<folder>apple</folder>
	<filename>142.jpeg</filename>
	<path>C:\Users\BETSY\Desktop\tflite\train2\apple\142.jpeg</path>
	<source>
		<database>Unknown</database>
	</source>
	<size>
		<width>450</width>
		<height>320</height>
		<depth>3</depth>
	</size>
	<segmented>0</segmented>
	<object>
		<name>apple</name>
		<pose>Unspecified</pose>
		<truncated>0</truncated>
		<difficult>0</difficult>
		<bndbox>
			<xmin>48</xmin>
			<ymin>192</ymin>
			<xmax>190</xmax>
			<ymax>298</ymax>
		</bndbox>
	</object>
</annotation>
