<annotation>
	<folder>train</folder>
	<filename>143.jpeg</filename>
	<path>C:\Users\BETSY\Desktop\tflite\train\images\train\143.jpeg</path>
	<source>
		<database>Unknown</database>
	</source>
	<size>
		<width>254</width>
		<height>199</height>
		<depth>3</depth>
	</size>
	<segmented>0</segmented>
	<object>
		<name>banana</name>
		<pose>Unspecified</pose>
		<truncated>1</truncated>
		<difficult>0</difficult>
		<bndbox>
			<xmin>1</xmin>
			<ymin>5</ymin>
			<xmax>254</xmax>
			<ymax>192</ymax>
		</bndbox>
	</object>
</annotation>
