<annotation>
	<folder>train</folder>
	<filename>146.jpeg</filename>
	<path>C:\Users\BETSY\Desktop\tflite\train\images\train\146.jpeg</path>
	<source>
		<database>Unknown</database>
	</source>
	<size>
		<width>230</width>
		<height>219</height>
		<depth>3</depth>
	</size>
	<segmented>0</segmented>
	<object>
		<name>orange</name>
		<pose>Unspecified</pose>
		<truncated>0</truncated>
		<difficult>0</difficult>
		<bndbox>
			<xmin>6</xmin>
			<ymin>8</ymin>
			<xmax>227</xmax>
			<ymax>218</ymax>
		</bndbox>
	</object>
</annotation>
