<annotation>
	<folder>train</folder>
	<filename>147.jpeg</filename>
	<path>C:\Users\BETSY\Desktop\tflite\train\images\train\147.jpeg</path>
	<source>
		<database>Unknown</database>
	</source>
	<size>
		<width>367</width>
		<height>137</height>
		<depth>3</depth>
	</size>
	<segmented>0</segmented>
	<object>
		<name>orange</name>
		<pose>Unspecified</pose>
		<truncated>0</truncated>
		<difficult>0</difficult>
		<bndbox>
			<xmin>20</xmin>
			<ymin>4</ymin>
			<xmax>182</xmax>
			<ymax>136</ymax>
		</bndbox>
	</object>
</annotation>
