<annotation>
	<folder>apple</folder>
	<filename>147.jpeg</filename>
	<path>C:\Users\BETSY\Desktop\tflite\train2\apple\147.jpeg</path>
	<source>
		<database>Unknown</database>
	</source>
	<size>
		<width>474</width>
		<height>388</height>
		<depth>3</depth>
	</size>
	<segmented>0</segmented>
	<object>
		<name>apple</name>
		<pose>Unspecified</pose>
		<truncated>0</truncated>
		<difficult>0</difficult>
		<bndbox>
			<xmin>62</xmin>
			<ymin>114</ymin>
			<xmax>245</xmax>
			<ymax>300</ymax>
		</bndbox>
	</object>
	<object>
		<name>apple</name>
		<pose>Unspecified</pose>
		<truncated>0</truncated>
		<difficult>0</difficult>
		<bndbox>
			<xmin>279</xmin>
			<ymin>106</ymin>
			<xmax>427</xmax>
			<ymax>254</ymax>
		</bndbox>
	</object>
	<object>
		<name>apple</name>
		<pose>Unspecified</pose>
		<truncated>0</truncated>
		<difficult>0</difficult>
		<bndbox>
			<xmin>209</xmin>
			<ymin>77</ymin>
			<xmax>326</xmax>
			<ymax>208</ymax>
		</bndbox>
	</object>
</annotation>
