<annotation>
	<folder>apple</folder>
	<filename>149.jpeg</filename>
	<path>C:\Users\BETSY\Desktop\tflite\train2\apple\149.jpeg</path>
	<source>
		<database>Unknown</database>
	</source>
	<size>
		<width>474</width>
		<height>474</height>
		<depth>3</depth>
	</size>
	<segmented>0</segmented>
	<object>
		<name>apple</name>
		<pose>Unspecified</pose>
		<truncated>0</truncated>
		<difficult>0</difficult>
		<bndbox>
			<xmin>61</xmin>
			<ymin>182</ymin>
			<xmax>232</xmax>
			<ymax>363</ymax>
		</bndbox>
	</object>
	<object>
		<name>apple</name>
		<pose>Unspecified</pose>
		<truncated>0</truncated>
		<difficult>0</difficult>
		<bndbox>
			<xmin>235</xmin>
			<ymin>187</ymin>
			<xmax>417</xmax>
			<ymax>355</ymax>
		</bndbox>
	</object>
</annotation>
