<annotation>
	<folder>apple</folder>
	<filename>151.jpeg</filename>
	<path>C:\Users\BETSY\Desktop\tflite\train2\apple\151.jpeg</path>
	<source>
		<database>Unknown</database>
	</source>
	<size>
		<width>429</width>
		<height>600</height>
		<depth>3</depth>
	</size>
	<segmented>0</segmented>
	<object>
		<name>apple</name>
		<pose>Unspecified</pose>
		<truncated>1</truncated>
		<difficult>0</difficult>
		<bndbox>
			<xmin>3</xmin>
			<ymin>137</ymin>
			<xmax>429</xmax>
			<ymax>578</ymax>
		</bndbox>
	</object>
</annotation>
