<annotation>
	<folder>train</folder>
	<filename>152.jpeg</filename>
	<path>C:\Users\BETSY\Desktop\tflite\train\images\train\152.jpeg</path>
	<source>
		<database>Unknown</database>
	</source>
	<size>
		<width>311</width>
		<height>162</height>
		<depth>3</depth>
	</size>
	<segmented>0</segmented>
	<object>
		<name>orange</name>
		<pose>Unspecified</pose>
		<truncated>0</truncated>
		<difficult>0</difficult>
		<bndbox>
			<xmin>13</xmin>
			<ymin>19</ymin>
			<xmax>155</xmax>
			<ymax>150</ymax>
		</bndbox>
	</object>
</annotation>
