<annotation>
	<folder>train</folder>
	<filename>154.jpeg</filename>
	<path>C:\Users\BETSY\Desktop\tflite\train\images\train\154.jpeg</path>
	<source>
		<database>Unknown</database>
	</source>
	<size>
		<width>296</width>
		<height>170</height>
		<depth>3</depth>
	</size>
	<segmented>0</segmented>
	<object>
		<name>orange</name>
		<pose>Unspecified</pose>
		<truncated>0</truncated>
		<difficult>0</difficult>
		<bndbox>
			<xmin>155</xmin>
			<ymin>31</ymin>
			<xmax>283</xmax>
			<ymax>167</ymax>
		</bndbox>
	</object>
</annotation>
