<annotation>
	<folder>apple</folder>
	<filename>155.jpeg</filename>
	<path>C:\Users\BETSY\Desktop\tflite\train2\apple\155.jpeg</path>
	<source>
		<database>Unknown</database>
	</source>
	<size>
		<width>474</width>
		<height>316</height>
		<depth>3</depth>
	</size>
	<segmented>0</segmented>
	<object>
		<name>apple</name>
		<pose>Unspecified</pose>
		<truncated>0</truncated>
		<difficult>0</difficult>
		<bndbox>
			<xmin>60</xmin>
			<ymin>85</ymin>
			<xmax>281</xmax>
			<ymax>287</ymax>
		</bndbox>
	</object>
	<object>
		<name>apple</name>
		<pose>Unspecified</pose>
		<truncated>0</truncated>
		<difficult>0</difficult>
		<bndbox>
			<xmin>209</xmin>
			<ymin>54</ymin>
			<xmax>353</xmax>
			<ymax>214</ymax>
		</bndbox>
	</object>
</annotation>
