<annotation>
	<folder>apple</folder>
	<filename>156.jpeg</filename>
	<path>C:\Users\BETSY\Desktop\tflite\train2\apple\156.jpeg</path>
	<source>
		<database>Unknown</database>
	</source>
	<size>
		<width>256</width>
		<height>256</height>
		<depth>3</depth>
	</size>
	<segmented>0</segmented>
	<object>
		<name>apple</name>
		<pose>Unspecified</pose>
		<truncated>0</truncated>
		<difficult>0</difficult>
		<bndbox>
			<xmin>39</xmin>
			<ymin>76</ymin>
			<xmax>218</xmax>
			<ymax>249</ymax>
		</bndbox>
	</object>
</annotation>
