<annotation>
	<folder>train</folder>
	<filename>156.jpeg</filename>
	<path>C:\Users\BETSY\Desktop\tflite\train\images\train\156.jpeg</path>
	<source>
		<database>Unknown</database>
	</source>
	<size>
		<width>318</width>
		<height>159</height>
		<depth>3</depth>
	</size>
	<segmented>0</segmented>
	<object>
		<name>orange</name>
		<pose>Unspecified</pose>
		<truncated>1</truncated>
		<difficult>0</difficult>
		<bndbox>
			<xmin>27</xmin>
			<ymin>1</ymin>
			<xmax>197</xmax>
			<ymax>157</ymax>
		</bndbox>
	</object>
</annotation>
