<annotation>
	<folder>apple</folder>
	<filename>157.jpeg</filename>
	<path>C:\Users\BETSY\Desktop\tflite\train2\apple\157.jpeg</path>
	<source>
		<database>Unknown</database>
	</source>
	<size>
		<width>474</width>
		<height>350</height>
		<depth>3</depth>
	</size>
	<segmented>0</segmented>
	<object>
		<name>apple</name>
		<pose>Unspecified</pose>
		<truncated>0</truncated>
		<difficult>0</difficult>
		<bndbox>
			<xmin>13</xmin>
			<ymin>63</ymin>
			<xmax>176</xmax>
			<ymax>243</ymax>
		</bndbox>
	</object>
	<object>
		<name>apple</name>
		<pose>Unspecified</pose>
		<truncated>0</truncated>
		<difficult>0</difficult>
		<bndbox>
			<xmin>123</xmin>
			<ymin>90</ymin>
			<xmax>347</xmax>
			<ymax>318</ymax>
		</bndbox>
	</object>
	<object>
		<name>apple</name>
		<pose>Unspecified</pose>
		<truncated>0</truncated>
		<difficult>0</difficult>
		<bndbox>
			<xmin>302</xmin>
			<ymin>60</ymin>
			<xmax>454</xmax>
			<ymax>261</ymax>
		</bndbox>
	</object>
</annotation>
