<annotation>
	<folder>train</folder>
	<filename>157.jpeg</filename>
	<path>C:\Users\BETSY\Desktop\tflite\train\images\train\157.jpeg</path>
	<source>
		<database>Unknown</database>
	</source>
	<size>
		<width>262</width>
		<height>192</height>
		<depth>3</depth>
	</size>
	<segmented>0</segmented>
	<object>
		<name>orange</name>
		<pose>Unspecified</pose>
		<truncated>0</truncated>
		<difficult>0</difficult>
		<bndbox>
			<xmin>79</xmin>
			<ymin>18</ymin>
			<xmax>149</xmax>
			<ymax>86</ymax>
		</bndbox>
	</object>
	<object>
		<name>orange</name>
		<pose>Unspecified</pose>
		<truncated>0</truncated>
		<difficult>0</difficult>
		<bndbox>
			<xmin>171</xmin>
			<ymin>63</ymin>
			<xmax>233</xmax>
			<ymax>122</ymax>
		</bndbox>
	</object>
	<object>
		<name>orange</name>
		<pose>Unspecified</pose>
		<truncated>0</truncated>
		<difficult>0</difficult>
		<bndbox>
			<xmin>54</xmin>
			<ymin>81</ymin>
			<xmax>131</xmax>
			<ymax>161</ymax>
		</bndbox>
	</object>
</annotation>
