<annotation>
	<folder>train</folder>
	<filename>159.jpeg</filename>
	<path>C:\Users\BETSY\Desktop\tflite\train\images\train\159.jpeg</path>
	<source>
		<database>Unknown</database>
	</source>
	<size>
		<width>240</width>
		<height>210</height>
		<depth>3</depth>
	</size>
	<segmented>0</segmented>
	<object>
		<name>orange</name>
		<pose>Unspecified</pose>
		<truncated>1</truncated>
		<difficult>0</difficult>
		<bndbox>
			<xmin>10</xmin>
			<ymin>16</ymin>
			<xmax>205</xmax>
			<ymax>210</ymax>
		</bndbox>
	</object>
</annotation>
