<annotation>
	<folder>train</folder>
	<filename>15ht2z6eke982f5bv14anw.jpg</filename>
	<path>C:\tensorflow1\models\research\object_detection\images\train\15ht2z6eke982f5bv14anw.jpg</path>
	<source>
		<database>Unknown</database>
	</source>
	<size>
		<width>800</width>
		<height>800</height>
		<depth>3</depth>
	</size>
	<segmented>0</segmented>
	<object>
		<name>nomask</name>
		<pose>Unspecified</pose>
		<truncated>1</truncated>
		<difficult>0</difficult>
		<bndbox>
			<xmin>1</xmin>
			<ymin>288</ymin>
			<xmax>192</xmax>
			<ymax>657</ymax>
		</bndbox>
	</object>
	<object>
		<name>nomask</name>
		<pose>Unspecified</pose>
		<truncated>1</truncated>
		<difficult>0</difficult>
		<bndbox>
			<xmin>618</xmin>
			<ymin>223</ymin>
			<xmax>800</xmax>
			<ymax>610</ymax>
		</bndbox>
	</object>
</annotation>
