<annotation>
	<folder>train</folder>
	<filename>16.jpeg</filename>
	<path>C:\Users\BETSY\Desktop\tflite\train\images\train\16.jpeg</path>
	<source>
		<database>Unknown</database>
	</source>
	<size>
		<width>219</width>
		<height>230</height>
		<depth>3</depth>
	</size>
	<segmented>0</segmented>
	<object>
		<name>apple</name>
		<pose>Unspecified</pose>
		<truncated>0</truncated>
		<difficult>0</difficult>
		<bndbox>
			<xmin>8</xmin>
			<ymin>13</ymin>
			<xmax>212</xmax>
			<ymax>219</ymax>
		</bndbox>
	</object>
</annotation>
