<annotation>
	<folder>apple</folder>
	<filename>16.jpeg</filename>
	<path>C:\Users\BETSY\Desktop\tflite\train2\apple\16.jpeg</path>
	<source>
		<database>Unknown</database>
	</source>
	<size>
		<width>474</width>
		<height>355</height>
		<depth>3</depth>
	</size>
	<segmented>0</segmented>
	<object>
		<name>apple</name>
		<pose>Unspecified</pose>
		<truncated>0</truncated>
		<difficult>0</difficult>
		<bndbox>
			<xmin>177</xmin>
			<ymin>62</ymin>
			<xmax>403</xmax>
			<ymax>270</ymax>
		</bndbox>
	</object>
	<object>
		<name>apple</name>
		<pose>Unspecified</pose>
		<truncated>0</truncated>
		<difficult>0</difficult>
		<bndbox>
			<xmin>45</xmin>
			<ymin>86</ymin>
			<xmax>201</xmax>
			<ymax>264</ymax>
		</bndbox>
	</object>
</annotation>
