<annotation>
	<folder>train</folder>
	<filename>160.jpeg</filename>
	<path>C:\Users\BETSY\Desktop\tflite\train\images\train\160.jpeg</path>
	<source>
		<database>Unknown</database>
	</source>
	<size>
		<width>256</width>
		<height>197</height>
		<depth>3</depth>
	</size>
	<segmented>0</segmented>
	<object>
		<name>orange</name>
		<pose>Unspecified</pose>
		<truncated>0</truncated>
		<difficult>0</difficult>
		<bndbox>
			<xmin>2</xmin>
			<ymin>10</ymin>
			<xmax>160</xmax>
			<ymax>189</ymax>
		</bndbox>
	</object>
</annotation>
