<annotation>
	<folder>train</folder>
	<filename>161.jpeg</filename>
	<path>C:\Users\BETSY\Desktop\tflite\train\images\train\161.jpeg</path>
	<source>
		<database>Unknown</database>
	</source>
	<size>
		<width>259</width>
		<height>194</height>
		<depth>3</depth>
	</size>
	<segmented>0</segmented>
	<object>
		<name>orange</name>
		<pose>Unspecified</pose>
		<truncated>0</truncated>
		<difficult>0</difficult>
		<bndbox>
			<xmin>31</xmin>
			<ymin>62</ymin>
			<xmax>135</xmax>
			<ymax>165</ymax>
		</bndbox>
	</object>
	<object>
		<name>orange</name>
		<pose>Unspecified</pose>
		<truncated>0</truncated>
		<difficult>0</difficult>
		<bndbox>
			<xmin>134</xmin>
			<ymin>45</ymin>
			<xmax>227</xmax>
			<ymax>149</ymax>
		</bndbox>
	</object>
</annotation>
