<annotation>
	<folder>train</folder>
	<filename>162.jpeg</filename>
	<path>C:\Users\BETSY\Desktop\tflite\train\images\train\162.jpeg</path>
	<source>
		<database>Unknown</database>
	</source>
	<size>
		<width>191</width>
		<height>264</height>
		<depth>3</depth>
	</size>
	<segmented>0</segmented>
	<object>
		<name>orange</name>
		<pose>Unspecified</pose>
		<truncated>0</truncated>
		<difficult>0</difficult>
		<bndbox>
			<xmin>6</xmin>
			<ymin>69</ymin>
			<xmax>187</xmax>
			<ymax>252</ymax>
		</bndbox>
	</object>
</annotation>
