<annotation>
	<folder>train</folder>
	<filename>164.jpeg</filename>
	<path>C:\Users\BETSY\Desktop\tflite\train\images\train\164.jpeg</path>
	<source>
		<database>Unknown</database>
	</source>
	<size>
		<width>238</width>
		<height>212</height>
		<depth>3</depth>
	</size>
	<segmented>0</segmented>
	<object>
		<name>orange</name>
		<pose>Unspecified</pose>
		<truncated>0</truncated>
		<difficult>0</difficult>
		<bndbox>
			<xmin>22</xmin>
			<ymin>38</ymin>
			<xmax>150</xmax>
			<ymax>161</ymax>
		</bndbox>
	</object>
</annotation>
