<annotation>
	<folder>train</folder>
	<filename>165.jpeg</filename>
	<path>C:\Users\BETSY\Desktop\tflite\train\images\train\165.jpeg</path>
	<source>
		<database>Unknown</database>
	</source>
	<size>
		<width>227</width>
		<height>222</height>
		<depth>3</depth>
	</size>
	<segmented>0</segmented>
	<object>
		<name>orange</name>
		<pose>Unspecified</pose>
		<truncated>0</truncated>
		<difficult>0</difficult>
		<bndbox>
			<xmin>16</xmin>
			<ymin>24</ymin>
			<xmax>208</xmax>
			<ymax>204</ymax>
		</bndbox>
	</object>
</annotation>
