<annotation>
	<folder>train</folder>
	<filename>167.jpeg</filename>
	<path>C:\Users\BETSY\Desktop\tflite\train\images\train\167.jpeg</path>
	<source>
		<database>Unknown</database>
	</source>
	<size>
		<width>343</width>
		<height>147</height>
		<depth>3</depth>
	</size>
	<segmented>0</segmented>
	<object>
		<name>orange</name>
		<pose>Unspecified</pose>
		<truncated>1</truncated>
		<difficult>0</difficult>
		<bndbox>
			<xmin>161</xmin>
			<ymin>69</ymin>
			<xmax>258</xmax>
			<ymax>147</ymax>
		</bndbox>
	</object>
</annotation>
