<annotation>
	<folder>train</folder>
	<filename>16b7kwcg62aaxsquj8rij6.jpg</filename>
	<path>C:\tensorflow1\models\research\object_detection\images\train\16b7kwcg62aaxsquj8rij6.jpg</path>
	<source>
		<database>Unknown</database>
	</source>
	<size>
		<width>800</width>
		<height>800</height>
		<depth>3</depth>
	</size>
	<segmented>0</segmented>
	<object>
		<name>mask</name>
		<pose>Unspecified</pose>
		<truncated>0</truncated>
		<difficult>0</difficult>
		<bndbox>
			<xmin>192</xmin>
			<ymin>145</ymin>
			<xmax>355</xmax>
			<ymax>298</ymax>
		</bndbox>
	</object>
</annotation>
