<annotation>
	<folder>apple</folder>
	<filename>17.jpeg</filename>
	<path>C:\Users\BETSY\Desktop\tflite\train2\apple\17.jpeg</path>
	<source>
		<database>Unknown</database>
	</source>
	<size>
		<width>474</width>
		<height>391</height>
		<depth>3</depth>
	</size>
	<segmented>0</segmented>
	<object>
		<name>apple</name>
		<pose>Unspecified</pose>
		<truncated>0</truncated>
		<difficult>0</difficult>
		<bndbox>
			<xmin>16</xmin>
			<ymin>51</ymin>
			<xmax>281</xmax>
			<ymax>301</ymax>
		</bndbox>
	</object>
	<object>
		<name>apple</name>
		<pose>Unspecified</pose>
		<truncated>0</truncated>
		<difficult>0</difficult>
		<bndbox>
			<xmin>222</xmin>
			<ymin>25</ymin>
			<xmax>427</xmax>
			<ymax>230</ymax>
		</bndbox>
	</object>
</annotation>
