<annotation>
	<folder>train</folder>
	<filename>17.jpeg</filename>
	<path>C:\Users\BETSY\Desktop\tflite\train\images\train\17.jpeg</path>
	<source>
		<database>Unknown</database>
	</source>
	<size>
		<width>223</width>
		<height>226</height>
		<depth>3</depth>
	</size>
	<segmented>0</segmented>
	<object>
		<name>apple</name>
		<pose>Unspecified</pose>
		<truncated>0</truncated>
		<difficult>0</difficult>
		<bndbox>
			<xmin>40</xmin>
			<ymin>32</ymin>
			<xmax>205</xmax>
			<ymax>203</ymax>
		</bndbox>
	</object>
</annotation>
