<annotation>
	<folder>train</folder>
	<filename>170.jpeg</filename>
	<path>C:\Users\BETSY\Desktop\tflite\train\images\train\170.jpeg</path>
	<source>
		<database>Unknown</database>
	</source>
	<size>
		<width>183</width>
		<height>275</height>
		<depth>3</depth>
	</size>
	<segmented>0</segmented>
	<object>
		<name>orange</name>
		<pose>Unspecified</pose>
		<truncated>0</truncated>
		<difficult>0</difficult>
		<bndbox>
			<xmin>46</xmin>
			<ymin>131</ymin>
			<xmax>143</xmax>
			<ymax>236</ymax>
		</bndbox>
	</object>
</annotation>
