<annotation>
	<folder>train</folder>
	<filename>171.jpeg</filename>
	<path>C:\Users\BETSY\Desktop\tflite\train\images\train\171.jpeg</path>
	<source>
		<database>Unknown</database>
	</source>
	<size>
		<width>247</width>
		<height>204</height>
		<depth>3</depth>
	</size>
	<segmented>0</segmented>
	<object>
		<name>orange</name>
		<pose>Unspecified</pose>
		<truncated>0</truncated>
		<difficult>0</difficult>
		<bndbox>
			<xmin>47</xmin>
			<ymin>29</ymin>
			<xmax>197</xmax>
			<ymax>182</ymax>
		</bndbox>
	</object>
</annotation>
