<annotation>
	<folder>train</folder>
	<filename>172.jpeg</filename>
	<path>C:\Users\BETSY\Desktop\tflite\train\images\train\172.jpeg</path>
	<source>
		<database>Unknown</database>
	</source>
	<size>
		<width>333</width>
		<height>151</height>
		<depth>3</depth>
	</size>
	<segmented>0</segmented>
	<object>
		<name>orange</name>
		<pose>Unspecified</pose>
		<truncated>1</truncated>
		<difficult>0</difficult>
		<bndbox>
			<xmin>129</xmin>
			<ymin>13</ymin>
			<xmax>321</xmax>
			<ymax>151</ymax>
		</bndbox>
	</object>
</annotation>
