<annotation>
	<folder>train</folder>
	<filename>173.jpeg</filename>
	<path>C:\Users\BETSY\Desktop\tflite\train\images\train\173.jpeg</path>
	<source>
		<database>Unknown</database>
	</source>
	<size>
		<width>311</width>
		<height>162</height>
		<depth>3</depth>
	</size>
	<segmented>0</segmented>
	<object>
		<name>orange</name>
		<pose>Unspecified</pose>
		<truncated>0</truncated>
		<difficult>0</difficult>
		<bndbox>
			<xmin>11</xmin>
			<ymin>11</ymin>
			<xmax>157</xmax>
			<ymax>152</ymax>
		</bndbox>
	</object>
</annotation>
