<annotation>
	<folder>apple</folder>
	<filename>174.jpeg</filename>
	<path>C:\Users\BETSY\Desktop\tflite\train2\apple\174.jpeg</path>
	<source>
		<database>Unknown</database>
	</source>
	<size>
		<width>250</width>
		<height>166</height>
		<depth>3</depth>
	</size>
	<segmented>0</segmented>
	<object>
		<name>apple</name>
		<pose>Unspecified</pose>
		<truncated>0</truncated>
		<difficult>0</difficult>
		<bndbox>
			<xmin>21</xmin>
			<ymin>31</ymin>
			<xmax>119</xmax>
			<ymax>133</ymax>
		</bndbox>
	</object>
	<object>
		<name>apple</name>
		<pose>Unspecified</pose>
		<truncated>0</truncated>
		<difficult>0</difficult>
		<bndbox>
			<xmin>125</xmin>
			<ymin>30</ymin>
			<xmax>221</xmax>
			<ymax>139</ymax>
		</bndbox>
	</object>
</annotation>
