<annotation>
	<folder>train</folder>
	<filename>174.jpeg</filename>
	<path>C:\Users\BETSY\Desktop\tflite\train\images\train\174.jpeg</path>
	<source>
		<database>Unknown</database>
	</source>
	<size>
		<width>259</width>
		<height>194</height>
		<depth>3</depth>
	</size>
	<segmented>0</segmented>
	<object>
		<name>orange</name>
		<pose>Unspecified</pose>
		<truncated>0</truncated>
		<difficult>0</difficult>
		<bndbox>
			<xmin>49</xmin>
			<ymin>17</ymin>
			<xmax>112</xmax>
			<ymax>75</ymax>
		</bndbox>
	</object>
	<object>
		<name>orange</name>
		<pose>Unspecified</pose>
		<truncated>0</truncated>
		<difficult>0</difficult>
		<bndbox>
			<xmin>111</xmin>
			<ymin>122</ymin>
			<xmax>174</xmax>
			<ymax>185</ymax>
		</bndbox>
	</object>
	<object>
		<name>orange</name>
		<pose>Unspecified</pose>
		<truncated>0</truncated>
		<difficult>0</difficult>
		<bndbox>
			<xmin>16</xmin>
			<ymin>104</ymin>
			<xmax>79</xmax>
			<ymax>157</ymax>
		</bndbox>
	</object>
</annotation>
