<annotation>
	<folder>train</folder>
	<filename>175.jpeg</filename>
	<path>C:\Users\BETSY\Desktop\tflite\train\images\train\175.jpeg</path>
	<source>
		<database>Unknown</database>
	</source>
	<size>
		<width>241</width>
		<height>209</height>
		<depth>3</depth>
	</size>
	<segmented>0</segmented>
	<object>
		<name>orange</name>
		<pose>Unspecified</pose>
		<truncated>0</truncated>
		<difficult>0</difficult>
		<bndbox>
			<xmin>57</xmin>
			<ymin>106</ymin>
			<xmax>116</xmax>
			<ymax>165</ymax>
		</bndbox>
	</object>
</annotation>
