<annotation>
	<folder>apple</folder>
	<filename>177.jpeg</filename>
	<path>C:\Users\BETSY\Desktop\tflite\train2\apple\177.jpeg</path>
	<source>
		<database>Unknown</database>
	</source>
	<size>
		<width>474</width>
		<height>327</height>
		<depth>3</depth>
	</size>
	<segmented>0</segmented>
	<object>
		<name>apple</name>
		<pose>Unspecified</pose>
		<truncated>0</truncated>
		<difficult>0</difficult>
		<bndbox>
			<xmin>59</xmin>
			<ymin>105</ymin>
			<xmax>252</xmax>
			<ymax>291</ymax>
		</bndbox>
	</object>
	<object>
		<name>apple</name>
		<pose>Unspecified</pose>
		<truncated>0</truncated>
		<difficult>0</difficult>
		<bndbox>
			<xmin>165</xmin>
			<ymin>27</ymin>
			<xmax>334</xmax>
			<ymax>134</ymax>
		</bndbox>
	</object>
</annotation>
