<annotation>
	<folder>train</folder>
	<filename>178.jpeg</filename>
	<path>C:\Users\BETSY\Desktop\tflite\train\images\train\178.jpeg</path>
	<source>
		<database>Unknown</database>
	</source>
	<size>
		<width>275</width>
		<height>183</height>
		<depth>3</depth>
	</size>
	<segmented>0</segmented>
	<object>
		<name>orange</name>
		<pose>Unspecified</pose>
		<truncated>0</truncated>
		<difficult>0</difficult>
		<bndbox>
			<xmin>133</xmin>
			<ymin>36</ymin>
			<xmax>193</xmax>
			<ymax>91</ymax>
		</bndbox>
	</object>
</annotation>
