<annotation>
	<folder>apple</folder>
	<filename>179.jpeg</filename>
	<path>C:\Users\BETSY\Desktop\tflite\train2\apple\179.jpeg</path>
	<source>
		<database>Unknown</database>
	</source>
	<size>
		<width>474</width>
		<height>711</height>
		<depth>3</depth>
	</size>
	<segmented>0</segmented>
	<object>
		<name>apple</name>
		<pose>Unspecified</pose>
		<truncated>0</truncated>
		<difficult>0</difficult>
		<bndbox>
			<xmin>68</xmin>
			<ymin>352</ymin>
			<xmax>313</xmax>
			<ymax>605</ymax>
		</bndbox>
	</object>
	<object>
		<name>apple</name>
		<pose>Unspecified</pose>
		<truncated>0</truncated>
		<difficult>0</difficult>
		<bndbox>
			<xmin>6</xmin>
			<ymin>82</ymin>
			<xmax>179</xmax>
			<ymax>196</ymax>
		</bndbox>
	</object>
</annotation>
