<annotation>
	<folder>train</folder>
	<filename>18.jpeg</filename>
	<path>C:\Users\BETSY\Desktop\tflite\train\images\train\18.jpeg</path>
	<source>
		<database>Unknown</database>
	</source>
	<size>
		<width>253</width>
		<height>199</height>
		<depth>3</depth>
	</size>
	<segmented>0</segmented>
	<object>
		<name>apple</name>
		<pose>Unspecified</pose>
		<truncated>0</truncated>
		<difficult>0</difficult>
		<bndbox>
			<xmin>43</xmin>
			<ymin>25</ymin>
			<xmax>192</xmax>
			<ymax>167</ymax>
		</bndbox>
	</object>
</annotation>
