<annotation>
	<folder>apple</folder>
	<filename>180.jpeg</filename>
	<path>C:\Users\BETSY\Desktop\tflite\train2\apple\180.jpeg</path>
	<source>
		<database>Unknown</database>
	</source>
	<size>
		<width>276</width>
		<height>300</height>
		<depth>3</depth>
	</size>
	<segmented>0</segmented>
	<object>
		<name>apple</name>
		<pose>Unspecified</pose>
		<truncated>0</truncated>
		<difficult>0</difficult>
		<bndbox>
			<xmin>98</xmin>
			<ymin>2</ymin>
			<xmax>235</xmax>
			<ymax>130</ymax>
		</bndbox>
	</object>
	<object>
		<name>apple</name>
		<pose>Unspecified</pose>
		<truncated>0</truncated>
		<difficult>0</difficult>
		<bndbox>
			<xmin>117</xmin>
			<ymin>131</ymin>
			<xmax>243</xmax>
			<ymax>266</ymax>
		</bndbox>
	</object>
</annotation>
