<annotation>
	<folder>train</folder>
	<filename>180.jpeg</filename>
	<path>C:\Users\BETSY\Desktop\tflite\train\images\train\180.jpeg</path>
	<source>
		<database>Unknown</database>
	</source>
	<size>
		<width>279</width>
		<height>181</height>
		<depth>3</depth>
	</size>
	<segmented>0</segmented>
	<object>
		<name>orange</name>
		<pose>Unspecified</pose>
		<truncated>0</truncated>
		<difficult>0</difficult>
		<bndbox>
			<xmin>48</xmin>
			<ymin>44</ymin>
			<xmax>158</xmax>
			<ymax>156</ymax>
		</bndbox>
	</object>
</annotation>
