<annotation>
	<folder>train</folder>
	<filename>182.jpeg</filename>
	<path>C:\Users\BETSY\Desktop\tflite\train\images\train\182.jpeg</path>
	<source>
		<database>Unknown</database>
	</source>
	<size>
		<width>243</width>
		<height>207</height>
		<depth>3</depth>
	</size>
	<segmented>0</segmented>
	<object>
		<name>orange</name>
		<pose>Unspecified</pose>
		<truncated>0</truncated>
		<difficult>0</difficult>
		<bndbox>
			<xmin>63</xmin>
			<ymin>56</ymin>
			<xmax>178</xmax>
			<ymax>175</ymax>
		</bndbox>
	</object>
</annotation>
