<annotation>
	<folder>apple</folder>
	<filename>183.jpeg</filename>
	<path>C:\Users\BETSY\Desktop\tflite\train2\apple\183.jpeg</path>
	<source>
		<database>Unknown</database>
	</source>
	<size>
		<width>474</width>
		<height>266</height>
		<depth>3</depth>
	</size>
	<segmented>0</segmented>
	<object>
		<name>apple</name>
		<pose>Unspecified</pose>
		<truncated>0</truncated>
		<difficult>0</difficult>
		<bndbox>
			<xmin>14</xmin>
			<ymin>100</ymin>
			<xmax>177</xmax>
			<ymax>253</ymax>
		</bndbox>
	</object>
	<object>
		<name>apple</name>
		<pose>Unspecified</pose>
		<truncated>0</truncated>
		<difficult>0</difficult>
		<bndbox>
			<xmin>179</xmin>
			<ymin>122</ymin>
			<xmax>336</xmax>
			<ymax>261</ymax>
		</bndbox>
	</object>
	<object>
		<name>apple</name>
		<pose>Unspecified</pose>
		<truncated>0</truncated>
		<difficult>0</difficult>
		<bndbox>
			<xmin>312</xmin>
			<ymin>88</ymin>
			<xmax>450</xmax>
			<ymax>245</ymax>
		</bndbox>
	</object>
</annotation>
