<annotation>
	<folder>apple</folder>
	<filename>184.jpeg</filename>
	<path>C:\Users\BETSY\Desktop\tflite\train2\apple\184.jpeg</path>
	<source>
		<database>Unknown</database>
	</source>
	<size>
		<width>474</width>
		<height>316</height>
		<depth>3</depth>
	</size>
	<segmented>0</segmented>
	<object>
		<name>apple</name>
		<pose>Unspecified</pose>
		<truncated>0</truncated>
		<difficult>0</difficult>
		<bndbox>
			<xmin>253</xmin>
			<ymin>95</ymin>
			<xmax>449</xmax>
			<ymax>283</ymax>
		</bndbox>
	</object>
	<object>
		<name>apple</name>
		<pose>Unspecified</pose>
		<truncated>0</truncated>
		<difficult>0</difficult>
		<bndbox>
			<xmin>24</xmin>
			<ymin>91</ymin>
			<xmax>223</xmax>
			<ymax>284</ymax>
		</bndbox>
	</object>
</annotation>
