<annotation>
	<folder>apple</folder>
	<filename>186.jpeg</filename>
	<path>C:\Users\BETSY\Desktop\tflite\train2\apple\186.jpeg</path>
	<source>
		<database>Unknown</database>
	</source>
	<size>
		<width>474</width>
		<height>643</height>
		<depth>3</depth>
	</size>
	<segmented>0</segmented>
	<object>
		<name>apple</name>
		<pose>Unspecified</pose>
		<truncated>1</truncated>
		<difficult>0</difficult>
		<bndbox>
			<xmin>1</xmin>
			<ymin>230</ymin>
			<xmax>169</xmax>
			<ymax>456</ymax>
		</bndbox>
	</object>
	<object>
		<name>apple</name>
		<pose>Unspecified</pose>
		<truncated>0</truncated>
		<difficult>0</difficult>
		<bndbox>
			<xmin>111</xmin>
			<ymin>319</ymin>
			<xmax>399</xmax>
			<ymax>586</ymax>
		</bndbox>
	</object>
	<object>
		<name>apple</name>
		<pose>Unspecified</pose>
		<truncated>0</truncated>
		<difficult>0</difficult>
		<bndbox>
			<xmin>164</xmin>
			<ymin>132</ymin>
			<xmax>418</xmax>
			<ymax>346</ymax>
		</bndbox>
	</object>
</annotation>
