<annotation>
	<folder>train</folder>
	<filename>186.jpeg</filename>
	<path>C:\Users\BETSY\Desktop\tflite\train\images\train\186.jpeg</path>
	<source>
		<database>Unknown</database>
	</source>
	<size>
		<width>275</width>
		<height>183</height>
		<depth>3</depth>
	</size>
	<segmented>0</segmented>
	<object>
		<name>orange</name>
		<pose>Unspecified</pose>
		<truncated>0</truncated>
		<difficult>0</difficult>
		<bndbox>
			<xmin>43</xmin>
			<ymin>36</ymin>
			<xmax>190</xmax>
			<ymax>163</ymax>
		</bndbox>
	</object>
</annotation>
