<annotation>
	<folder>train</folder>
	<filename>188.jpeg</filename>
	<path>C:\Users\BETSY\Desktop\tflite\train\images\train\188.jpeg</path>
	<source>
		<database>Unknown</database>
	</source>
	<size>
		<width>183</width>
		<height>275</height>
		<depth>3</depth>
	</size>
	<segmented>0</segmented>
	<object>
		<name>orange</name>
		<pose>Unspecified</pose>
		<truncated>0</truncated>
		<difficult>0</difficult>
		<bndbox>
			<xmin>19</xmin>
			<ymin>138</ymin>
			<xmax>174</xmax>
			<ymax>271</ymax>
		</bndbox>
	</object>
</annotation>
