<annotation>
	<folder>train</folder>
	<filename>18q52n4ua25pu9nueipkdj.jpg</filename>
	<path>C:\tensorflow1\models\research\object_detection\images\train\18q52n4ua25pu9nueipkdj.jpg</path>
	<source>
		<database>Unknown</database>
	</source>
	<size>
		<width>800</width>
		<height>800</height>
		<depth>3</depth>
	</size>
	<segmented>0</segmented>
	<object>
		<name>mask</name>
		<pose>Unspecified</pose>
		<truncated>0</truncated>
		<difficult>0</difficult>
		<bndbox>
			<xmin>488</xmin>
			<ymin>449</ymin>
			<xmax>538</xmax>
			<ymax>498</ymax>
		</bndbox>
	</object>
	<object>
		<name>mask</name>
		<pose>Unspecified</pose>
		<truncated>0</truncated>
		<difficult>0</difficult>
		<bndbox>
			<xmin>123</xmin>
			<ymin>461</ymin>
			<xmax>185</xmax>
			<ymax>516</ymax>
		</bndbox>
	</object>
	<object>
		<name>mask</name>
		<pose>Unspecified</pose>
		<truncated>0</truncated>
		<difficult>0</difficult>
		<bndbox>
			<xmin>232</xmin>
			<ymin>400</ymin>
			<xmax>256</xmax>
			<ymax>430</ymax>
		</bndbox>
	</object>
</annotation>
