<annotation>
	<folder>apple</folder>
	<filename>190.jpeg</filename>
	<path>C:\Users\BETSY\Desktop\tflite\train2\apple\190.jpeg</path>
	<source>
		<database>Unknown</database>
	</source>
	<size>
		<width>425</width>
		<height>650</height>
		<depth>3</depth>
	</size>
	<segmented>0</segmented>
	<object>
		<name>apple</name>
		<pose>Unspecified</pose>
		<truncated>0</truncated>
		<difficult>0</difficult>
		<bndbox>
			<xmin>109</xmin>
			<ymin>246</ymin>
			<xmax>324</xmax>
			<ymax>458</ymax>
		</bndbox>
	</object>
</annotation>
