<annotation>
	<folder>train</folder>
	<filename>191.jpeg</filename>
	<path>C:\Users\BETSY\Desktop\tflite\train\images\train\191.jpeg</path>
	<source>
		<database>Unknown</database>
	</source>
	<size>
		<width>339</width>
		<height>148</height>
		<depth>3</depth>
	</size>
	<segmented>0</segmented>
	<object>
		<name>orange</name>
		<pose>Unspecified</pose>
		<truncated>1</truncated>
		<difficult>0</difficult>
		<bndbox>
			<xmin>135</xmin>
			<ymin>42</ymin>
			<xmax>252</xmax>
			<ymax>148</ymax>
		</bndbox>
	</object>
</annotation>
