<annotation>
	<folder>train</folder>
	<filename>192.jpeg</filename>
	<path>C:\Users\BETSY\Desktop\tflite\train\images\train\192.jpeg</path>
	<source>
		<database>Unknown</database>
	</source>
	<size>
		<width>258</width>
		<height>195</height>
		<depth>3</depth>
	</size>
	<segmented>0</segmented>
	<object>
		<name>orange</name>
		<pose>Unspecified</pose>
		<truncated>0</truncated>
		<difficult>0</difficult>
		<bndbox>
			<xmin>104</xmin>
			<ymin>42</ymin>
			<xmax>164</xmax>
			<ymax>91</ymax>
		</bndbox>
	</object>
</annotation>
