<annotation>
	<folder>apple</folder>
	<filename>195.jpeg</filename>
	<path>C:\Users\BETSY\Desktop\tflite\train2\apple\195.jpeg</path>
	<source>
		<database>Unknown</database>
	</source>
	<size>
		<width>225</width>
		<height>225</height>
		<depth>3</depth>
	</size>
	<segmented>0</segmented>
	<object>
		<name>apple</name>
		<pose>Unspecified</pose>
		<truncated>0</truncated>
		<difficult>0</difficult>
		<bndbox>
			<xmin>32</xmin>
			<ymin>42</ymin>
			<xmax>192</xmax>
			<ymax>201</ymax>
		</bndbox>
	</object>
</annotation>
