<annotation>
	<folder>train</folder>
	<filename>195.jpeg</filename>
	<path>C:\Users\BETSY\Desktop\tflite\train\images\train\195.jpeg</path>
	<source>
		<database>Unknown</database>
	</source>
	<size>
		<width>300</width>
		<height>168</height>
		<depth>3</depth>
	</size>
	<segmented>0</segmented>
	<object>
		<name>orange</name>
		<pose>Unspecified</pose>
		<truncated>0</truncated>
		<difficult>0</difficult>
		<bndbox>
			<xmin>136</xmin>
			<ymin>44</ymin>
			<xmax>203</xmax>
			<ymax>94</ymax>
		</bndbox>
	</object>
</annotation>
