<annotation>
	<folder>apple</folder>
	<filename>196.jpeg</filename>
	<path>C:\Users\BETSY\Desktop\tflite\train2\apple\196.jpeg</path>
	<source>
		<database>Unknown</database>
	</source>
	<size>
		<width>249</width>
		<height>249</height>
		<depth>3</depth>
	</size>
	<segmented>0</segmented>
	<object>
		<name>apple</name>
		<pose>Unspecified</pose>
		<truncated>0</truncated>
		<difficult>0</difficult>
		<bndbox>
			<xmin>35</xmin>
			<ymin>30</ymin>
			<xmax>230</xmax>
			<ymax>216</ymax>
		</bndbox>
	</object>
</annotation>
