<annotation>
	<folder>train</folder>
	<filename>197.jpeg</filename>
	<path>C:\Users\BETSY\Desktop\tflite\train\images\train\197.jpeg</path>
	<source>
		<database>Unknown</database>
	</source>
	<size>
		<width>259</width>
		<height>194</height>
		<depth>3</depth>
	</size>
	<segmented>0</segmented>
	<object>
		<name>orange</name>
		<pose>Unspecified</pose>
		<truncated>0</truncated>
		<difficult>0</difficult>
		<bndbox>
			<xmin>42</xmin>
			<ymin>9</ymin>
			<xmax>216</xmax>
			<ymax>175</ymax>
		</bndbox>
	</object>
</annotation>
