<annotation>
	<folder>apple</folder>
	<filename>197.jpeg</filename>
	<path>C:\Users\BETSY\Desktop\tflite\train2\apple\197.jpeg</path>
	<source>
		<database>Unknown</database>
	</source>
	<size>
		<width>350</width>
		<height>350</height>
		<depth>3</depth>
	</size>
	<segmented>0</segmented>
	<object>
		<name>apple</name>
		<pose>Unspecified</pose>
		<truncated>0</truncated>
		<difficult>0</difficult>
		<bndbox>
			<xmin>35</xmin>
			<ymin>122</ymin>
			<xmax>149</xmax>
			<ymax>223</ymax>
		</bndbox>
	</object>
	<object>
		<name>apple</name>
		<pose>Unspecified</pose>
		<truncated>0</truncated>
		<difficult>0</difficult>
		<bndbox>
			<xmin>57</xmin>
			<ymin>63</ymin>
			<xmax>150</xmax>
			<ymax>135</ymax>
		</bndbox>
	</object>
	<object>
		<name>apple</name>
		<pose>Unspecified</pose>
		<truncated>0</truncated>
		<difficult>0</difficult>
		<bndbox>
			<xmin>151</xmin>
			<ymin>69</ymin>
			<xmax>235</xmax>
			<ymax>154</ymax>
		</bndbox>
	</object>
	<object>
		<name>apple</name>
		<pose>Unspecified</pose>
		<truncated>0</truncated>
		<difficult>0</difficult>
		<bndbox>
			<xmin>137</xmin>
			<ymin>166</ymin>
			<xmax>251</xmax>
			<ymax>278</ymax>
		</bndbox>
	</object>
	<object>
		<name>apple</name>
		<pose>Unspecified</pose>
		<truncated>0</truncated>
		<difficult>0</difficult>
		<bndbox>
			<xmin>233</xmin>
			<ymin>63</ymin>
			<xmax>323</xmax>
			<ymax>133</ymax>
		</bndbox>
	</object>
	<object>
		<name>apple</name>
		<pose>Unspecified</pose>
		<truncated>0</truncated>
		<difficult>0</difficult>
		<bndbox>
			<xmin>230</xmin>
			<ymin>126</ymin>
			<xmax>340</xmax>
			<ymax>226</ymax>
		</bndbox>
	</object>
</annotation>
