<annotation>
	<folder>apple</folder>
	<filename>198.jpeg</filename>
	<path>C:\Users\BETSY\Desktop\tflite\train2\apple\198.jpeg</path>
	<source>
		<database>Unknown</database>
	</source>
	<size>
		<width>333</width>
		<height>300</height>
		<depth>3</depth>
	</size>
	<segmented>0</segmented>
	<object>
		<name>apple</name>
		<pose>Unspecified</pose>
		<truncated>0</truncated>
		<difficult>0</difficult>
		<bndbox>
			<xmin>14</xmin>
			<ymin>39</ymin>
			<xmax>275</xmax>
			<ymax>273</ymax>
		</bndbox>
	</object>
</annotation>
