<annotation>
	<folder>train</folder>
	<filename>1bfcwdwojbwivt3dgsrrer.jpg</filename>
	<path>C:\tensorflow1\models\research\object_detection\images\train\1bfcwdwojbwivt3dgsrrer.jpg</path>
	<source>
		<database>Unknown</database>
	</source>
	<size>
		<width>800</width>
		<height>800</height>
		<depth>3</depth>
	</size>
	<segmented>0</segmented>
	<object>
		<name>mask</name>
		<pose>Unspecified</pose>
		<truncated>0</truncated>
		<difficult>0</difficult>
		<bndbox>
			<xmin>398</xmin>
			<ymin>117</ymin>
			<xmax>520</xmax>
			<ymax>243</ymax>
		</bndbox>
	</object>
	<object>
		<name>mask</name>
		<pose>Unspecified</pose>
		<truncated>0</truncated>
		<difficult>0</difficult>
		<bndbox>
			<xmin>172</xmin>
			<ymin>57</ymin>
			<xmax>290</xmax>
			<ymax>171</ymax>
		</bndbox>
	</object>
	<object>
		<name>mask</name>
		<pose>Unspecified</pose>
		<truncated>1</truncated>
		<difficult>0</difficult>
		<bndbox>
			<xmin>1</xmin>
			<ymin>164</ymin>
			<xmax>71</xmax>
			<ymax>266</ymax>
		</bndbox>
	</object>
</annotation>
