<annotation>
	<folder>train</folder>
	<filename>1f9pi0n3ptjuueddz5ww.jpg</filename>
	<path>C:\tensorflow1\models\research\object_detection\images\train\1f9pi0n3ptjuueddz5ww.jpg</path>
	<source>
		<database>Unknown</database>
	</source>
	<size>
		<width>800</width>
		<height>800</height>
		<depth>3</depth>
	</size>
	<segmented>0</segmented>
	<object>
		<name>nomask</name>
		<pose>Unspecified</pose>
		<truncated>0</truncated>
		<difficult>0</difficult>
		<bndbox>
			<xmin>257</xmin>
			<ymin>169</ymin>
			<xmax>636</xmax>
			<ymax>584</ymax>
		</bndbox>
	</object>
</annotation>
