<annotation>
	<folder>train</folder>
	<filename>1hc3uizgzli3pu9t0jc3cw.jpg</filename>
	<path>C:\tensorflow1\models\research\object_detection\images\train\1hc3uizgzli3pu9t0jc3cw.jpg</path>
	<source>
		<database>Unknown</database>
	</source>
	<size>
		<width>800</width>
		<height>800</height>
		<depth>3</depth>
	</size>
	<segmented>0</segmented>
	<object>
		<name>nomask</name>
		<pose>Unspecified</pose>
		<truncated>0</truncated>
		<difficult>0</difficult>
		<bndbox>
			<xmin>428</xmin>
			<ymin>283</ymin>
			<xmax>563</xmax>
			<ymax>433</ymax>
		</bndbox>
	</object>
</annotation>
