<annotation>
	<folder>train</folder>
	<filename>1ij0sb4azuyyg04iy5el2b.jpg</filename>
	<path>C:\tensorflow1\models\research\object_detection\images\train\1ij0sb4azuyyg04iy5el2b.jpg</path>
	<source>
		<database>Unknown</database>
	</source>
	<size>
		<width>800</width>
		<height>800</height>
		<depth>3</depth>
	</size>
	<segmented>0</segmented>
	<object>
		<name>nomask</name>
		<pose>Unspecified</pose>
		<truncated>0</truncated>
		<difficult>0</difficult>
		<bndbox>
			<xmin>333</xmin>
			<ymin>335</ymin>
			<xmax>461</xmax>
			<ymax>470</ymax>
		</bndbox>
	</object>
	<object>
		<name>nomask</name>
		<pose>Unspecified</pose>
		<truncated>1</truncated>
		<difficult>0</difficult>
		<bndbox>
			<xmin>1</xmin>
			<ymin>345</ymin>
			<xmax>73</xmax>
			<ymax>428</ymax>
		</bndbox>
	</object>
	<object>
		<name>nomask</name>
		<pose>Unspecified</pose>
		<truncated>0</truncated>
		<difficult>0</difficult>
		<bndbox>
			<xmin>705</xmin>
			<ymin>410</ymin>
			<xmax>790</xmax>
			<ymax>491</ymax>
		</bndbox>
	</object>
</annotation>
