<annotation>
	<folder>train</folder>
	<filename>1l5tmr224t4izqwj3yh2wd.jpg</filename>
	<path>C:\tensorflow1\models\research\object_detection\images\train\1l5tmr224t4izqwj3yh2wd.jpg</path>
	<source>
		<database>Unknown</database>
	</source>
	<size>
		<width>800</width>
		<height>800</height>
		<depth>3</depth>
	</size>
	<segmented>0</segmented>
	<object>
		<name>nomask</name>
		<pose>Unspecified</pose>
		<truncated>0</truncated>
		<difficult>0</difficult>
		<bndbox>
			<xmin>218</xmin>
			<ymin>264</ymin>
			<xmax>673</xmax>
			<ymax>729</ymax>
		</bndbox>
	</object>
</annotation>
