<annotation>
	<folder>train</folder>
	<filename>1mee6s8st9jgod8ha4fu7m.jpg</filename>
	<path>C:\tensorflow1\models\research\object_detection\images\train\1mee6s8st9jgod8ha4fu7m.jpg</path>
	<source>
		<database>Unknown</database>
	</source>
	<size>
		<width>800</width>
		<height>800</height>
		<depth>3</depth>
	</size>
	<segmented>0</segmented>
	<object>
		<name>nomask</name>
		<pose>Unspecified</pose>
		<truncated>0</truncated>
		<difficult>0</difficult>
		<bndbox>
			<xmin>305</xmin>
			<ymin>137</ymin>
			<xmax>588</xmax>
			<ymax>429</ymax>
		</bndbox>
	</object>
</annotation>
