<annotation>
	<folder>train</folder>
	<filename>1ou1zpnhzxy1w2oels34ut.jpg</filename>
	<path>C:\tensorflow1\models\research\object_detection\images\train\1ou1zpnhzxy1w2oels34ut.jpg</path>
	<source>
		<database>Unknown</database>
	</source>
	<size>
		<width>800</width>
		<height>800</height>
		<depth>3</depth>
	</size>
	<segmented>0</segmented>
	<object>
		<name>nomask</name>
		<pose>Unspecified</pose>
		<truncated>0</truncated>
		<difficult>0</difficult>
		<bndbox>
			<xmin>282</xmin>
			<ymin>212</ymin>
			<xmax>542</xmax>
			<ymax>485</ymax>
		</bndbox>
	</object>
</annotation>
