<annotation>
	<folder>train</folder>
	<filename>1p227g0wcocx0yhwzadnir.jpg</filename>
	<path>C:\tensorflow1\models\research\object_detection\images\train\1p227g0wcocx0yhwzadnir.jpg</path>
	<source>
		<database>Unknown</database>
	</source>
	<size>
		<width>800</width>
		<height>800</height>
		<depth>3</depth>
	</size>
	<segmented>0</segmented>
	<object>
		<name>mask</name>
		<pose>Unspecified</pose>
		<truncated>0</truncated>
		<difficult>0</difficult>
		<bndbox>
			<xmin>108</xmin>
			<ymin>243</ymin>
			<xmax>456</xmax>
			<ymax>628</ymax>
		</bndbox>
	</object>
</annotation>
