<annotation>
	<folder>train</folder>
	<filename>1pkmv9ui4mnzhkoi2z2e0j.jpg</filename>
	<path>C:\tensorflow1\models\research\object_detection\images\train\1pkmv9ui4mnzhkoi2z2e0j.jpg</path>
	<source>
		<database>Unknown</database>
	</source>
	<size>
		<width>800</width>
		<height>800</height>
		<depth>3</depth>
	</size>
	<segmented>0</segmented>
	<object>
		<name>nomask</name>
		<pose>Unspecified</pose>
		<truncated>0</truncated>
		<difficult>0</difficult>
		<bndbox>
			<xmin>513</xmin>
			<ymin>467</ymin>
			<xmax>600</xmax>
			<ymax>557</ymax>
		</bndbox>
	</object>
	<object>
		<name>nomask</name>
		<pose>Unspecified</pose>
		<truncated>1</truncated>
		<difficult>0</difficult>
		<bndbox>
			<xmin>748</xmin>
			<ymin>488</ymin>
			<xmax>800</xmax>
			<ymax>604</ymax>
		</bndbox>
	</object>
</annotation>
