<annotation>
	<folder>train</folder>
	<filename>1ss0f5pkkueeb4ahydwt3e.jpg</filename>
	<path>C:\tensorflow1\models\research\object_detection\images\train\1ss0f5pkkueeb4ahydwt3e.jpg</path>
	<source>
		<database>Unknown</database>
	</source>
	<size>
		<width>800</width>
		<height>800</height>
		<depth>3</depth>
	</size>
	<segmented>0</segmented>
	<object>
		<name>nomask</name>
		<pose>Unspecified</pose>
		<truncated>0</truncated>
		<difficult>0</difficult>
		<bndbox>
			<xmin>288</xmin>
			<ymin>187</ymin>
			<xmax>543</xmax>
			<ymax>456</ymax>
		</bndbox>
	</object>
	<object>
		<name>nomask</name>
		<pose>Unspecified</pose>
		<truncated>0</truncated>
		<difficult>0</difficult>
		<bndbox>
			<xmin>680</xmin>
			<ymin>299</ymin>
			<xmax>793</xmax>
			<ymax>440</ymax>
		</bndbox>
	</object>
</annotation>
