<annotation>
	<folder>train</folder>
	<filename>1uijtgp08sg1l2avccdgge.jpg</filename>
	<path>C:\tensorflow1\models\research\object_detection\images\train\1uijtgp08sg1l2avccdgge.jpg</path>
	<source>
		<database>Unknown</database>
	</source>
	<size>
		<width>800</width>
		<height>800</height>
		<depth>3</depth>
	</size>
	<segmented>0</segmented>
	<object>
		<name>nomask</name>
		<pose>Unspecified</pose>
		<truncated>1</truncated>
		<difficult>0</difficult>
		<bndbox>
			<xmin>1</xmin>
			<ymin>101</ymin>
			<xmax>204</xmax>
			<ymax>383</ymax>
		</bndbox>
	</object>
	<object>
		<name>nomask</name>
		<pose>Unspecified</pose>
		<truncated>0</truncated>
		<difficult>0</difficult>
		<bndbox>
			<xmin>625</xmin>
			<ymin>107</ymin>
			<xmax>797</xmax>
			<ymax>352</ymax>
		</bndbox>
	</object>
</annotation>
