<annotation>
	<folder>train</folder>
	<filename>1wpdft4odr8hga6ivwah0g.jpg</filename>
	<path>C:\tensorflow1\models\research\object_detection\images\train\1wpdft4odr8hga6ivwah0g.jpg</path>
	<source>
		<database>Unknown</database>
	</source>
	<size>
		<width>800</width>
		<height>800</height>
		<depth>3</depth>
	</size>
	<segmented>0</segmented>
	<object>
		<name>nomask</name>
		<pose>Unspecified</pose>
		<truncated>0</truncated>
		<difficult>0</difficult>
		<bndbox>
			<xmin>319</xmin>
			<ymin>119</ymin>
			<xmax>645</xmax>
			<ymax>411</ymax>
		</bndbox>
	</object>
</annotation>
