<annotation>
	<folder>apple</folder>
	<filename>200.jpeg</filename>
	<path>C:\Users\BETSY\Desktop\tflite\train2\apple\200.jpeg</path>
	<source>
		<database>Unknown</database>
	</source>
	<size>
		<width>350</width>
		<height>350</height>
		<depth>3</depth>
	</size>
	<segmented>0</segmented>
	<object>
		<name>apple</name>
		<pose>Unspecified</pose>
		<truncated>0</truncated>
		<difficult>0</difficult>
		<bndbox>
			<xmin>12</xmin>
			<ymin>133</ymin>
			<xmax>169</xmax>
			<ymax>291</ymax>
		</bndbox>
	</object>
	<object>
		<name>apple</name>
		<pose>Unspecified</pose>
		<truncated>0</truncated>
		<difficult>0</difficult>
		<bndbox>
			<xmin>164</xmin>
			<ymin>127</ymin>
			<xmax>341</xmax>
			<ymax>305</ymax>
		</bndbox>
	</object>
</annotation>
