<annotation>
	<folder>train</folder>
	<filename>201.jpeg</filename>
	<path>C:\Users\BETSY\Desktop\tflite\train\images\train\201.jpeg</path>
	<source>
		<database>Unknown</database>
	</source>
	<size>
		<width>230</width>
		<height>219</height>
		<depth>3</depth>
	</size>
	<segmented>0</segmented>
	<object>
		<name>orange</name>
		<pose>Unspecified</pose>
		<truncated>1</truncated>
		<difficult>0</difficult>
		<bndbox>
			<xmin>2</xmin>
			<ymin>7</ymin>
			<xmax>228</xmax>
			<ymax>219</ymax>
		</bndbox>
	</object>
</annotation>
