<annotation>
	<folder>apple</folder>
	<filename>201.jpeg</filename>
	<path>C:\Users\BETSY\Desktop\tflite\train2\apple\201.jpeg</path>
	<source>
		<database>Unknown</database>
	</source>
	<size>
		<width>474</width>
		<height>355</height>
		<depth>3</depth>
	</size>
	<segmented>0</segmented>
	<object>
		<name>apple</name>
		<pose>Unspecified</pose>
		<truncated>1</truncated>
		<difficult>0</difficult>
		<bndbox>
			<xmin>20</xmin>
			<ymin>159</ymin>
			<xmax>314</xmax>
			<ymax>355</ymax>
		</bndbox>
	</object>
	<object>
		<name>apple</name>
		<pose>Unspecified</pose>
		<truncated>1</truncated>
		<difficult>0</difficult>
		<bndbox>
			<xmin>221</xmin>
			<ymin>51</ymin>
			<xmax>474</xmax>
			<ymax>239</ymax>
		</bndbox>
	</object>
</annotation>
