<annotation>
	<folder>apple</folder>
	<filename>203.jpeg</filename>
	<path>C:\Users\BETSY\Desktop\tflite\train2\apple\203.jpeg</path>
	<source>
		<database>Unknown</database>
	</source>
	<size>
		<width>474</width>
		<height>506</height>
		<depth>3</depth>
	</size>
	<segmented>0</segmented>
	<object>
		<name>apple</name>
		<pose>Unspecified</pose>
		<truncated>0</truncated>
		<difficult>0</difficult>
		<bndbox>
			<xmin>15</xmin>
			<ymin>69</ymin>
			<xmax>370</xmax>
			<ymax>423</ymax>
		</bndbox>
	</object>
</annotation>
