<annotation>
	<folder>apple</folder>
	<filename>204.jpeg</filename>
	<path>C:\Users\BETSY\Desktop\tflite\train2\apple\204.jpeg</path>
	<source>
		<database>Unknown</database>
	</source>
	<size>
		<width>474</width>
		<height>642</height>
		<depth>3</depth>
	</size>
	<segmented>0</segmented>
	<object>
		<name>apple</name>
		<pose>Unspecified</pose>
		<truncated>0</truncated>
		<difficult>0</difficult>
		<bndbox>
			<xmin>245</xmin>
			<ymin>76</ymin>
			<xmax>404</xmax>
			<ymax>209</ymax>
		</bndbox>
	</object>
	<object>
		<name>apple</name>
		<pose>Unspecified</pose>
		<truncated>0</truncated>
		<difficult>0</difficult>
		<bndbox>
			<xmin>55</xmin>
			<ymin>329</ymin>
			<xmax>178</xmax>
			<ymax>452</ymax>
		</bndbox>
	</object>
	<object>
		<name>apple</name>
		<pose>Unspecified</pose>
		<truncated>0</truncated>
		<difficult>0</difficult>
		<bndbox>
			<xmin>218</xmin>
			<ymin>412</ymin>
			<xmax>366</xmax>
			<ymax>547</ymax>
		</bndbox>
	</object>
</annotation>
