<annotation>
	<folder>train</folder>
	<filename>205.jpeg</filename>
	<path>C:\Users\BETSY\Desktop\tflite\train\images\train\205.jpeg</path>
	<source>
		<database>Unknown</database>
	</source>
	<size>
		<width>276</width>
		<height>183</height>
		<depth>3</depth>
	</size>
	<segmented>0</segmented>
	<object>
		<name>orange</name>
		<pose>Unspecified</pose>
		<truncated>0</truncated>
		<difficult>0</difficult>
		<bndbox>
			<xmin>102</xmin>
			<ymin>73</ymin>
			<xmax>171</xmax>
			<ymax>131</ymax>
		</bndbox>
	</object>
</annotation>
