<annotation>
	<folder>train</folder>
	<filename>206.jpeg</filename>
	<path>C:\Users\BETSY\Desktop\tflite\train\images\train\206.jpeg</path>
	<source>
		<database>Unknown</database>
	</source>
	<size>
		<width>245</width>
		<height>206</height>
		<depth>3</depth>
	</size>
	<segmented>0</segmented>
	<object>
		<name>orange</name>
		<pose>Unspecified</pose>
		<truncated>0</truncated>
		<difficult>0</difficult>
		<bndbox>
			<xmin>9</xmin>
			<ymin>71</ymin>
			<xmax>119</xmax>
			<ymax>175</ymax>
		</bndbox>
	</object>
</annotation>
