<annotation>
	<folder>apple</folder>
	<filename>206.jpeg</filename>
	<path>C:\Users\BETSY\Desktop\tflite\train2\apple\206.jpeg</path>
	<source>
		<database>Unknown</database>
	</source>
	<size>
		<width>474</width>
		<height>715</height>
		<depth>3</depth>
	</size>
	<segmented>0</segmented>
	<object>
		<name>apple</name>
		<pose>Unspecified</pose>
		<truncated>0</truncated>
		<difficult>0</difficult>
		<bndbox>
			<xmin>46</xmin>
			<ymin>22</ymin>
			<xmax>392</xmax>
			<ymax>360</ymax>
		</bndbox>
	</object>
	<object>
		<name>apple</name>
		<pose>Unspecified</pose>
		<truncated>1</truncated>
		<difficult>0</difficult>
		<bndbox>
			<xmin>183</xmin>
			<ymin>365</ymin>
			<xmax>474</xmax>
			<ymax>640</ymax>
		</bndbox>
	</object>
</annotation>
