<annotation>
	<folder>apple</folder>
	<filename>207.jpeg</filename>
	<path>C:\Users\BETSY\Desktop\tflite\train2\apple\207.jpeg</path>
	<source>
		<database>Unknown</database>
	</source>
	<size>
		<width>474</width>
		<height>247</height>
		<depth>3</depth>
	</size>
	<segmented>0</segmented>
	<object>
		<name>apple</name>
		<pose>Unspecified</pose>
		<truncated>1</truncated>
		<difficult>0</difficult>
		<bndbox>
			<xmin>260</xmin>
			<ymin>91</ymin>
			<xmax>440</xmax>
			<ymax>247</ymax>
		</bndbox>
	</object>
</annotation>
