<annotation>
	<folder>train</folder>
	<filename>207.jpeg</filename>
	<path>C:\Users\BETSY\Desktop\tflite\train\images\train\207.jpeg</path>
	<source>
		<database>Unknown</database>
	</source>
	<size>
		<width>345</width>
		<height>146</height>
		<depth>3</depth>
	</size>
	<segmented>0</segmented>
	<object>
		<name>orange</name>
		<pose>Unspecified</pose>
		<truncated>0</truncated>
		<difficult>0</difficult>
		<bndbox>
			<xmin>90</xmin>
			<ymin>8</ymin>
			<xmax>157</xmax>
			<ymax>57</ymax>
		</bndbox>
	</object>
</annotation>
