<annotation>
	<folder>train</folder>
	<filename>209.jpeg</filename>
	<path>C:\Users\BETSY\Desktop\tflite\train\images\train\209.jpeg</path>
	<source>
		<database>Unknown</database>
	</source>
	<size>
		<width>266</width>
		<height>189</height>
		<depth>3</depth>
	</size>
	<segmented>0</segmented>
	<object>
		<name>orange</name>
		<pose>Unspecified</pose>
		<truncated>0</truncated>
		<difficult>0</difficult>
		<bndbox>
			<xmin>97</xmin>
			<ymin>89</ymin>
			<xmax>203</xmax>
			<ymax>173</ymax>
		</bndbox>
	</object>
</annotation>
