<annotation>
	<folder>apple</folder>
	<filename>209.jpeg</filename>
	<path>C:\Users\BETSY\Desktop\tflite\train2\apple\209.jpeg</path>
	<source>
		<database>Unknown</database>
	</source>
	<size>
		<width>115</width>
		<height>110</height>
		<depth>3</depth>
	</size>
	<segmented>0</segmented>
	<object>
		<name>apple</name>
		<pose>Unspecified</pose>
		<truncated>0</truncated>
		<difficult>0</difficult>
		<bndbox>
			<xmin>9</xmin>
			<ymin>13</ymin>
			<xmax>108</xmax>
			<ymax>106</ymax>
		</bndbox>
	</object>
</annotation>
