<annotation>
	<folder>train</folder>
	<filename>21.jpeg</filename>
	<path>C:\Users\BETSY\Desktop\tflite\train\images\train\21.jpeg</path>
	<source>
		<database>Unknown</database>
	</source>
	<size>
		<width>225</width>
		<height>225</height>
		<depth>3</depth>
	</size>
	<segmented>0</segmented>
	<object>
		<name>apple</name>
		<pose>Unspecified</pose>
		<truncated>0</truncated>
		<difficult>0</difficult>
		<bndbox>
			<xmin>32</xmin>
			<ymin>30</ymin>
			<xmax>199</xmax>
			<ymax>206</ymax>
		</bndbox>
	</object>
</annotation>
