<annotation>
	<folder>train</folder>
	<filename>210.jpeg</filename>
	<path>C:\Users\BETSY\Desktop\tflite\train\images\train\210.jpeg</path>
	<source>
		<database>Unknown</database>
	</source>
	<size>
		<width>239</width>
		<height>211</height>
		<depth>3</depth>
	</size>
	<segmented>0</segmented>
	<object>
		<name>orange</name>
		<pose>Unspecified</pose>
		<truncated>0</truncated>
		<difficult>0</difficult>
		<bndbox>
			<xmin>64</xmin>
			<ymin>47</ymin>
			<xmax>209</xmax>
			<ymax>183</ymax>
		</bndbox>
	</object>
</annotation>
