<annotation>
	<folder>train</folder>
	<filename>213.jpeg</filename>
	<path>C:\Users\BETSY\Desktop\tflite\train\images\train\213.jpeg</path>
	<source>
		<database>Unknown</database>
	</source>
	<size>
		<width>292</width>
		<height>173</height>
		<depth>3</depth>
	</size>
	<segmented>0</segmented>
	<object>
		<name>orange</name>
		<pose>Unspecified</pose>
		<truncated>0</truncated>
		<difficult>0</difficult>
		<bndbox>
			<xmin>90</xmin>
			<ymin>3</ymin>
			<xmax>190</xmax>
			<ymax>77</ymax>
		</bndbox>
	</object>
</annotation>
