<annotation>
	<folder>apple</folder>
	<filename>214.jpeg</filename>
	<path>C:\Users\BETSY\Desktop\tflite\train2\apple\214.jpeg</path>
	<source>
		<database>Unknown</database>
	</source>
	<size>
		<width>474</width>
		<height>316</height>
		<depth>3</depth>
	</size>
	<segmented>0</segmented>
	<object>
		<name>apple</name>
		<pose>Unspecified</pose>
		<truncated>0</truncated>
		<difficult>0</difficult>
		<bndbox>
			<xmin>280</xmin>
			<ymin>28</ymin>
			<xmax>459</xmax>
			<ymax>182</ymax>
		</bndbox>
	</object>
	<object>
		<name>apple</name>
		<pose>Unspecified</pose>
		<truncated>1</truncated>
		<difficult>0</difficult>
		<bndbox>
			<xmin>146</xmin>
			<ymin>170</ymin>
			<xmax>310</xmax>
			<ymax>316</ymax>
		</bndbox>
	</object>
	<object>
		<name>apple</name>
		<pose>Unspecified</pose>
		<truncated>1</truncated>
		<difficult>0</difficult>
		<bndbox>
			<xmin>319</xmin>
			<ymin>178</ymin>
			<xmax>469</xmax>
			<ymax>316</ymax>
		</bndbox>
	</object>
</annotation>
