<annotation>
	<folder>train</folder>
	<filename>215.jpeg</filename>
	<path>C:\Users\BETSY\Desktop\tflite\train\images\train\215.jpeg</path>
	<source>
		<database>Unknown</database>
	</source>
	<size>
		<width>277</width>
		<height>182</height>
		<depth>3</depth>
	</size>
	<segmented>0</segmented>
	<object>
		<name>orange</name>
		<pose>Unspecified</pose>
		<truncated>0</truncated>
		<difficult>0</difficult>
		<bndbox>
			<xmin>205</xmin>
			<ymin>86</ymin>
			<xmax>270</xmax>
			<ymax>148</ymax>
		</bndbox>
	</object>
</annotation>
