<annotation>
	<folder>train</folder>
	<filename>216.jpeg</filename>
	<path>C:\Users\BETSY\Desktop\tflite\train\images\train\216.jpeg</path>
	<source>
		<database>Unknown</database>
	</source>
	<size>
		<width>246</width>
		<height>205</height>
		<depth>3</depth>
	</size>
	<segmented>0</segmented>
	<object>
		<name>orange</name>
		<pose>Unspecified</pose>
		<truncated>0</truncated>
		<difficult>0</difficult>
		<bndbox>
			<xmin>98</xmin>
			<ymin>8</ymin>
			<xmax>201</xmax>
			<ymax>101</ymax>
		</bndbox>
	</object>
</annotation>
