<annotation>
	<folder>apple</folder>
	<filename>217.jpeg</filename>
	<path>C:\Users\BETSY\Desktop\tflite\train2\apple\217.jpeg</path>
	<source>
		<database>Unknown</database>
	</source>
	<size>
		<width>474</width>
		<height>314</height>
		<depth>3</depth>
	</size>
	<segmented>0</segmented>
	<object>
		<name>apple</name>
		<pose>Unspecified</pose>
		<truncated>1</truncated>
		<difficult>0</difficult>
		<bndbox>
			<xmin>7</xmin>
			<ymin>109</ymin>
			<xmax>298</xmax>
			<ymax>314</ymax>
		</bndbox>
	</object>
</annotation>
