<annotation>
	<folder>apple</folder>
	<filename>218.jpeg</filename>
	<path>C:\Users\BETSY\Desktop\tflite\train2\apple\218.jpeg</path>
	<source>
		<database>Unknown</database>
	</source>
	<size>
		<width>474</width>
		<height>315</height>
		<depth>3</depth>
	</size>
	<segmented>0</segmented>
	<object>
		<name>apple</name>
		<pose>Unspecified</pose>
		<truncated>0</truncated>
		<difficult>0</difficult>
		<bndbox>
			<xmin>316</xmin>
			<ymin>130</ymin>
			<xmax>397</xmax>
			<ymax>209</ymax>
		</bndbox>
	</object>
	<object>
		<name>apple</name>
		<pose>Unspecified</pose>
		<truncated>0</truncated>
		<difficult>0</difficult>
		<bndbox>
			<xmin>92</xmin>
			<ymin>24</ymin>
			<xmax>205</xmax>
			<ymax>125</ymax>
		</bndbox>
	</object>
	<object>
		<name>apple</name>
		<pose>Unspecified</pose>
		<truncated>0</truncated>
		<difficult>0</difficult>
		<bndbox>
			<xmin>139</xmin>
			<ymin>174</ymin>
			<xmax>246</xmax>
			<ymax>285</ymax>
		</bndbox>
	</object>
</annotation>
