<annotation>
	<folder>train</folder>
	<filename>218.jpeg</filename>
	<path>C:\Users\BETSY\Desktop\tflite\train\images\train\218.jpeg</path>
	<source>
		<database>Unknown</database>
	</source>
	<size>
		<width>250</width>
		<height>201</height>
		<depth>3</depth>
	</size>
	<segmented>0</segmented>
	<object>
		<name>orange</name>
		<pose>Unspecified</pose>
		<truncated>0</truncated>
		<difficult>0</difficult>
		<bndbox>
			<xmin>59</xmin>
			<ymin>26</ymin>
			<xmax>233</xmax>
			<ymax>191</ymax>
		</bndbox>
	</object>
</annotation>
