<annotation>
	<folder>train</folder>
	<filename>219.jpeg</filename>
	<path>C:\Users\BETSY\Desktop\tflite\train\images\train\219.jpeg</path>
	<source>
		<database>Unknown</database>
	</source>
	<size>
		<width>225</width>
		<height>225</height>
		<depth>3</depth>
	</size>
	<segmented>0</segmented>
	<object>
		<name>orange</name>
		<pose>Unspecified</pose>
		<truncated>0</truncated>
		<difficult>0</difficult>
		<bndbox>
			<xmin>20</xmin>
			<ymin>22</ymin>
			<xmax>202</xmax>
			<ymax>203</ymax>
		</bndbox>
	</object>
</annotation>
