<annotation>
	<folder>apple</folder>
	<filename>220.jpeg</filename>
	<path>C:\Users\BETSY\Desktop\tflite\train2\apple\220.jpeg</path>
	<source>
		<database>Unknown</database>
	</source>
	<size>
		<width>474</width>
		<height>315</height>
		<depth>3</depth>
	</size>
	<segmented>0</segmented>
	<object>
		<name>apple</name>
		<pose>Unspecified</pose>
		<truncated>0</truncated>
		<difficult>0</difficult>
		<bndbox>
			<xmin>53</xmin>
			<ymin>77</ymin>
			<xmax>294</xmax>
			<ymax>296</ymax>
		</bndbox>
	</object>
	<object>
		<name>apple</name>
		<pose>Unspecified</pose>
		<truncated>0</truncated>
		<difficult>0</difficult>
		<bndbox>
			<xmin>290</xmin>
			<ymin>93</ymin>
			<xmax>472</xmax>
			<ymax>284</ymax>
		</bndbox>
	</object>
</annotation>
