<annotation>
	<folder>apple</folder>
	<filename>221.jpeg</filename>
	<path>C:\Users\BETSY\Desktop\tflite\train2\apple\221.jpeg</path>
	<source>
		<database>Unknown</database>
	</source>
	<size>
		<width>474</width>
		<height>266</height>
		<depth>3</depth>
	</size>
	<segmented>0</segmented>
	<object>
		<name>apple</name>
		<pose>Unspecified</pose>
		<truncated>0</truncated>
		<difficult>0</difficult>
		<bndbox>
			<xmin>146</xmin>
			<ymin>139</ymin>
			<xmax>210</xmax>
			<ymax>197</ymax>
		</bndbox>
	</object>
	<object>
		<name>apple</name>
		<pose>Unspecified</pose>
		<truncated>0</truncated>
		<difficult>0</difficult>
		<bndbox>
			<xmin>202</xmin>
			<ymin>112</ymin>
			<xmax>272</xmax>
			<ymax>176</ymax>
		</bndbox>
	</object>
	<object>
		<name>apple</name>
		<pose>Unspecified</pose>
		<truncated>0</truncated>
		<difficult>0</difficult>
		<bndbox>
			<xmin>330</xmin>
			<ymin>18</ymin>
			<xmax>428</xmax>
			<ymax>123</ymax>
		</bndbox>
	</object>
</annotation>
