<annotation>
	<folder>apple</folder>
	<filename>222.jpeg</filename>
	<path>C:\Users\BETSY\Desktop\tflite\train2\apple\222.jpeg</path>
	<source>
		<database>Unknown</database>
	</source>
	<size>
		<width>474</width>
		<height>313</height>
		<depth>3</depth>
	</size>
	<segmented>0</segmented>
	<object>
		<name>apple</name>
		<pose>Unspecified</pose>
		<truncated>0</truncated>
		<difficult>0</difficult>
		<bndbox>
			<xmin>95</xmin>
			<ymin>76</ymin>
			<xmax>315</xmax>
			<ymax>273</ymax>
		</bndbox>
	</object>
	<object>
		<name>apple</name>
		<pose>Unspecified</pose>
		<truncated>0</truncated>
		<difficult>0</difficult>
		<bndbox>
			<xmin>222</xmin>
			<ymin>18</ymin>
			<xmax>395</xmax>
			<ymax>176</ymax>
		</bndbox>
	</object>
</annotation>
