<annotation>
	<folder>train</folder>
	<filename>224.jpeg</filename>
	<path>C:\Users\BETSY\Desktop\tflite\train\images\train\224.jpeg</path>
	<source>
		<database>Unknown</database>
	</source>
	<size>
		<width>258</width>
		<height>196</height>
		<depth>3</depth>
	</size>
	<segmented>0</segmented>
	<object>
		<name>orange</name>
		<pose>Unspecified</pose>
		<truncated>0</truncated>
		<difficult>0</difficult>
		<bndbox>
			<xmin>10</xmin>
			<ymin>5</ymin>
			<xmax>147</xmax>
			<ymax>121</ymax>
		</bndbox>
	</object>
</annotation>
