<annotation>
	<folder>apple</folder>
	<filename>226.jpeg</filename>
	<path>C:\Users\BETSY\Desktop\tflite\train2\apple\226.jpeg</path>
	<source>
		<database>Unknown</database>
	</source>
	<size>
		<width>400</width>
		<height>400</height>
		<depth>3</depth>
	</size>
	<segmented>0</segmented>
	<object>
		<name>apple</name>
		<pose>Unspecified</pose>
		<truncated>0</truncated>
		<difficult>0</difficult>
		<bndbox>
			<xmin>47</xmin>
			<ymin>54</ymin>
			<xmax>208</xmax>
			<ymax>205</ymax>
		</bndbox>
	</object>
	<object>
		<name>apple</name>
		<pose>Unspecified</pose>
		<truncated>0</truncated>
		<difficult>0</difficult>
		<bndbox>
			<xmin>234</xmin>
			<ymin>53</ymin>
			<xmax>393</xmax>
			<ymax>205</ymax>
		</bndbox>
	</object>
	<object>
		<name>apple</name>
		<pose>Unspecified</pose>
		<truncated>0</truncated>
		<difficult>0</difficult>
		<bndbox>
			<xmin>34</xmin>
			<ymin>195</ymin>
			<xmax>212</xmax>
			<ymax>356</ymax>
		</bndbox>
	</object>
	<object>
		<name>apple</name>
		<pose>Unspecified</pose>
		<truncated>0</truncated>
		<difficult>0</difficult>
		<bndbox>
			<xmin>207</xmin>
			<ymin>201</ymin>
			<xmax>372</xmax>
			<ymax>365</ymax>
		</bndbox>
	</object>
</annotation>
