<annotation>
	<folder>apple</folder>
	<filename>227.jpeg</filename>
	<path>C:\Users\BETSY\Desktop\tflite\train2\apple\227.jpeg</path>
	<source>
		<database>Unknown</database>
	</source>
	<size>
		<width>474</width>
		<height>389</height>
		<depth>3</depth>
	</size>
	<segmented>0</segmented>
	<object>
		<name>apple</name>
		<pose>Unspecified</pose>
		<truncated>0</truncated>
		<difficult>0</difficult>
		<bndbox>
			<xmin>59</xmin>
			<ymin>100</ymin>
			<xmax>244</xmax>
			<ymax>298</ymax>
		</bndbox>
	</object>
	<object>
		<name>apple</name>
		<pose>Unspecified</pose>
		<truncated>0</truncated>
		<difficult>0</difficult>
		<bndbox>
			<xmin>213</xmin>
			<ymin>151</ymin>
			<xmax>418</xmax>
			<ymax>357</ymax>
		</bndbox>
	</object>
	<object>
		<name>apple</name>
		<pose>Unspecified</pose>
		<truncated>0</truncated>
		<difficult>0</difficult>
		<bndbox>
			<xmin>234</xmin>
			<ymin>50</ymin>
			<xmax>427</xmax>
			<ymax>200</ymax>
		</bndbox>
	</object>
</annotation>
