<annotation>
	<folder>train</folder>
	<filename>228.jpeg</filename>
	<path>C:\Users\BETSY\Desktop\tflite\train\images\train\228.jpeg</path>
	<source>
		<database>Unknown</database>
	</source>
	<size>
		<width>100</width>
		<height>100</height>
		<depth>3</depth>
	</size>
	<segmented>0</segmented>
	<object>
		<name>orange</name>
		<pose>Unspecified</pose>
		<truncated>1</truncated>
		<difficult>0</difficult>
		<bndbox>
			<xmin>21</xmin>
			<ymin>15</ymin>
			<xmax>100</xmax>
			<ymax>97</ymax>
		</bndbox>
	</object>
</annotation>
