<annotation>
	<folder>train</folder>
	<filename>229.jpeg</filename>
	<path>C:\Users\BETSY\Desktop\tflite\train\images\train\229.jpeg</path>
	<source>
		<database>Unknown</database>
	</source>
	<size>
		<width>284</width>
		<height>177</height>
		<depth>3</depth>
	</size>
	<segmented>0</segmented>
	<object>
		<name>orange</name>
		<pose>Unspecified</pose>
		<truncated>0</truncated>
		<difficult>0</difficult>
		<bndbox>
			<xmin>60</xmin>
			<ymin>4</ymin>
			<xmax>235</xmax>
			<ymax>170</ymax>
		</bndbox>
	</object>
</annotation>
