<annotation>
	<folder>apple</folder>
	<filename>231.jpeg</filename>
	<path>C:\Users\BETSY\Desktop\tflite\train2\apple\231.jpeg</path>
	<source>
		<database>Unknown</database>
	</source>
	<size>
		<width>474</width>
		<height>304</height>
		<depth>3</depth>
	</size>
	<segmented>0</segmented>
	<object>
		<name>apple</name>
		<pose>Unspecified</pose>
		<truncated>1</truncated>
		<difficult>0</difficult>
		<bndbox>
			<xmin>50</xmin>
			<ymin>148</ymin>
			<xmax>354</xmax>
			<ymax>304</ymax>
		</bndbox>
	</object>
</annotation>
