<annotation>
	<folder>apple</folder>
	<filename>232.jpeg</filename>
	<path>C:\Users\BETSY\Desktop\tflite\train2\apple\232.jpeg</path>
	<source>
		<database>Unknown</database>
	</source>
	<size>
		<width>474</width>
		<height>474</height>
		<depth>3</depth>
	</size>
	<segmented>0</segmented>
	<object>
		<name>apple</name>
		<pose>Unspecified</pose>
		<truncated>0</truncated>
		<difficult>0</difficult>
		<bndbox>
			<xmin>34</xmin>
			<ymin>171</ymin>
			<xmax>239</xmax>
			<ymax>366</ymax>
		</bndbox>
	</object>
	<object>
		<name>apple</name>
		<pose>Unspecified</pose>
		<truncated>0</truncated>
		<difficult>0</difficult>
		<bndbox>
			<xmin>242</xmin>
			<ymin>153</ymin>
			<xmax>448</xmax>
			<ymax>362</ymax>
		</bndbox>
	</object>
	<object>
		<name>apple</name>
		<pose>Unspecified</pose>
		<truncated>0</truncated>
		<difficult>0</difficult>
		<bndbox>
			<xmin>100</xmin>
			<ymin>57</ymin>
			<xmax>307</xmax>
			<ymax>197</ymax>
		</bndbox>
	</object>
</annotation>
