<annotation>
	<folder>apple</folder>
	<filename>238.jpeg</filename>
	<path>C:\Users\BETSY\Desktop\tflite\train2\apple\238.jpeg</path>
	<source>
		<database>Unknown</database>
	</source>
	<size>
		<width>400</width>
		<height>400</height>
		<depth>3</depth>
	</size>
	<segmented>0</segmented>
	<object>
		<name>apple</name>
		<pose>Unspecified</pose>
		<truncated>0</truncated>
		<difficult>0</difficult>
		<bndbox>
			<xmin>94</xmin>
			<ymin>84</ymin>
			<xmax>304</xmax>
			<ymax>330</ymax>
		</bndbox>
	</object>
</annotation>
