<annotation>
	<folder>apple</folder>
	<filename>239.jpeg</filename>
	<path>C:\Users\BETSY\Desktop\tflite\train2\apple\239.jpeg</path>
	<source>
		<database>Unknown</database>
	</source>
	<size>
		<width>161</width>
		<height>160</height>
		<depth>3</depth>
	</size>
	<segmented>0</segmented>
	<object>
		<name>apple</name>
		<pose>Unspecified</pose>
		<truncated>0</truncated>
		<difficult>0</difficult>
		<bndbox>
			<xmin>16</xmin>
			<ymin>18</ymin>
			<xmax>147</xmax>
			<ymax>143</ymax>
		</bndbox>
	</object>
</annotation>
