<annotation>
	<folder>train</folder>
	<filename>23g4tlrd7c7jf55sfuisf.jpg</filename>
	<path>C:\tensorflow1\models\research\object_detection\images\train\23g4tlrd7c7jf55sfuisf.jpg</path>
	<source>
		<database>Unknown</database>
	</source>
	<size>
		<width>800</width>
		<height>800</height>
		<depth>3</depth>
	</size>
	<segmented>0</segmented>
	<object>
		<name>nomask</name>
		<pose>Unspecified</pose>
		<truncated>0</truncated>
		<difficult>0</difficult>
		<bndbox>
			<xmin>117</xmin>
			<ymin>285</ymin>
			<xmax>685</xmax>
			<ymax>794</ymax>
		</bndbox>
	</object>
</annotation>
