<annotation>
	<folder>apple</folder>
	<filename>24.jpeg</filename>
	<path>C:\Users\BETSY\Desktop\tflite\train2\apple\24.jpeg</path>
	<source>
		<database>Unknown</database>
	</source>
	<size>
		<width>474</width>
		<height>342</height>
		<depth>3</depth>
	</size>
	<segmented>0</segmented>
	<object>
		<name>apple</name>
		<pose>Unspecified</pose>
		<truncated>0</truncated>
		<difficult>0</difficult>
		<bndbox>
			<xmin>33</xmin>
			<ymin>62</ymin>
			<xmax>240</xmax>
			<ymax>279</ymax>
		</bndbox>
	</object>
	<object>
		<name>apple</name>
		<pose>Unspecified</pose>
		<truncated>0</truncated>
		<difficult>0</difficult>
		<bndbox>
			<xmin>241</xmin>
			<ymin>62</ymin>
			<xmax>441</xmax>
			<ymax>278</ymax>
		</bndbox>
	</object>
</annotation>
