<annotation>
	<folder>train</folder>
	<filename>24.jpeg</filename>
	<path>C:\Users\BETSY\Desktop\tflite\train\images\train\24.jpeg</path>
	<source>
		<database>Unknown</database>
	</source>
	<size>
		<width>224</width>
		<height>225</height>
		<depth>3</depth>
	</size>
	<segmented>0</segmented>
	<object>
		<name>apple</name>
		<pose>Unspecified</pose>
		<truncated>1</truncated>
		<difficult>0</difficult>
		<bndbox>
			<xmin>1</xmin>
			<ymin>4</ymin>
			<xmax>220</xmax>
			<ymax>225</ymax>
		</bndbox>
	</object>
</annotation>
