<annotation>
	<folder>apple</folder>
	<filename>240.jpeg</filename>
	<path>C:\Users\BETSY\Desktop\tflite\train2\apple\240.jpeg</path>
	<source>
		<database>Unknown</database>
	</source>
	<size>
		<width>474</width>
		<height>336</height>
		<depth>3</depth>
	</size>
	<segmented>0</segmented>
	<object>
		<name>apple</name>
		<pose>Unspecified</pose>
		<truncated>0</truncated>
		<difficult>0</difficult>
		<bndbox>
			<xmin>58</xmin>
			<ymin>174</ymin>
			<xmax>191</xmax>
			<ymax>293</ymax>
		</bndbox>
	</object>
	<object>
		<name>apple</name>
		<pose>Unspecified</pose>
		<truncated>0</truncated>
		<difficult>0</difficult>
		<bndbox>
			<xmin>179</xmin>
			<ymin>93</ymin>
			<xmax>315</xmax>
			<ymax>241</ymax>
		</bndbox>
	</object>
	<object>
		<name>apple</name>
		<pose>Unspecified</pose>
		<truncated>0</truncated>
		<difficult>0</difficult>
		<bndbox>
			<xmin>305</xmin>
			<ymin>110</ymin>
			<xmax>403</xmax>
			<ymax>249</ymax>
		</bndbox>
	</object>
</annotation>
