<annotation>
	<folder>apple</folder>
	<filename>241.jpeg</filename>
	<path>C:\Users\BETSY\Desktop\tflite\train2\apple\241.jpeg</path>
	<source>
		<database>Unknown</database>
	</source>
	<size>
		<width>474</width>
		<height>348</height>
		<depth>3</depth>
	</size>
	<segmented>0</segmented>
	<object>
		<name>apple</name>
		<pose>Unspecified</pose>
		<truncated>0</truncated>
		<difficult>0</difficult>
		<bndbox>
			<xmin>61</xmin>
			<ymin>95</ymin>
			<xmax>235</xmax>
			<ymax>261</ymax>
		</bndbox>
	</object>
	<object>
		<name>apple</name>
		<pose>Unspecified</pose>
		<truncated>0</truncated>
		<difficult>0</difficult>
		<bndbox>
			<xmin>218</xmin>
			<ymin>79</ymin>
			<xmax>379</xmax>
			<ymax>266</ymax>
		</bndbox>
	</object>
</annotation>
