<annotation>
	<folder>apple</folder>
	<filename>243.jpeg</filename>
	<path>C:\Users\BETSY\Desktop\tflite\train2\apple\243.jpeg</path>
	<source>
		<database>Unknown</database>
	</source>
	<size>
		<width>474</width>
		<height>336</height>
		<depth>3</depth>
	</size>
	<segmented>0</segmented>
	<object>
		<name>apple</name>
		<pose>Unspecified</pose>
		<truncated>0</truncated>
		<difficult>0</difficult>
		<bndbox>
			<xmin>161</xmin>
			<ymin>30</ymin>
			<xmax>429</xmax>
			<ymax>294</ymax>
		</bndbox>
	</object>
	<object>
		<name>apple</name>
		<pose>Unspecified</pose>
		<truncated>0</truncated>
		<difficult>0</difficult>
		<bndbox>
			<xmin>31</xmin>
			<ymin>57</ymin>
			<xmax>189</xmax>
			<ymax>232</ymax>
		</bndbox>
	</object>
</annotation>
