<annotation>
	<folder>apple</folder>
	<filename>245.jpeg</filename>
	<path>C:\Users\BETSY\Desktop\tflite\train2\apple\245.jpeg</path>
	<source>
		<database>Unknown</database>
	</source>
	<size>
		<width>474</width>
		<height>315</height>
		<depth>3</depth>
	</size>
	<segmented>0</segmented>
	<object>
		<name>apple</name>
		<pose>Unspecified</pose>
		<truncated>0</truncated>
		<difficult>0</difficult>
		<bndbox>
			<xmin>17</xmin>
			<ymin>69</ymin>
			<xmax>217</xmax>
			<ymax>250</ymax>
		</bndbox>
	</object>
	<object>
		<name>apple</name>
		<pose>Unspecified</pose>
		<truncated>0</truncated>
		<difficult>0</difficult>
		<bndbox>
			<xmin>249</xmin>
			<ymin>141</ymin>
			<xmax>428</xmax>
			<ymax>311</ymax>
		</bndbox>
	</object>
</annotation>
