<annotation>
	<folder>apple</folder>
	<filename>247.jpeg</filename>
	<path>C:\Users\BETSY\Desktop\tflite\train2\apple\247.jpeg</path>
	<source>
		<database>Unknown</database>
	</source>
	<size>
		<width>416</width>
		<height>416</height>
		<depth>3</depth>
	</size>
	<segmented>0</segmented>
	<object>
		<name>apple</name>
		<pose>Unspecified</pose>
		<truncated>0</truncated>
		<difficult>0</difficult>
		<bndbox>
			<xmin>78</xmin>
			<ymin>108</ymin>
			<xmax>346</xmax>
			<ymax>367</ymax>
		</bndbox>
	</object>
</annotation>
