<annotation>
	<folder>apple</folder>
	<filename>248.jpeg</filename>
	<path>C:\Users\BETSY\Desktop\tflite\train2\apple\248.jpeg</path>
	<source>
		<database>Unknown</database>
	</source>
	<size>
		<width>474</width>
		<height>266</height>
		<depth>3</depth>
	</size>
	<segmented>0</segmented>
	<object>
		<name>apple</name>
		<pose>Unspecified</pose>
		<truncated>0</truncated>
		<difficult>0</difficult>
		<bndbox>
			<xmin>159</xmin>
			<ymin>68</ymin>
			<xmax>322</xmax>
			<ymax>234</ymax>
		</bndbox>
	</object>
	<object>
		<name>apple</name>
		<pose>Unspecified</pose>
		<truncated>0</truncated>
		<difficult>0</difficult>
		<bndbox>
			<xmin>95</xmin>
			<ymin>24</ymin>
			<xmax>228</xmax>
			<ymax>140</ymax>
		</bndbox>
	</object>
	<object>
		<name>apple</name>
		<pose>Unspecified</pose>
		<truncated>0</truncated>
		<difficult>0</difficult>
		<bndbox>
			<xmin>234</xmin>
			<ymin>18</ymin>
			<xmax>368</xmax>
			<ymax>125</ymax>
		</bndbox>
	</object>
</annotation>
