<annotation>
	<folder>apple</folder>
	<filename>249.jpeg</filename>
	<path>C:\Users\BETSY\Desktop\tflite\train2\apple\249.jpeg</path>
	<source>
		<database>Unknown</database>
	</source>
	<size>
		<width>474</width>
		<height>266</height>
		<depth>3</depth>
	</size>
	<segmented>0</segmented>
	<object>
		<name>apple</name>
		<pose>Unspecified</pose>
		<truncated>0</truncated>
		<difficult>0</difficult>
		<bndbox>
			<xmin>123</xmin>
			<ymin>98</ymin>
			<xmax>273</xmax>
			<ymax>243</ymax>
		</bndbox>
	</object>
	<object>
		<name>apple</name>
		<pose>Unspecified</pose>
		<truncated>0</truncated>
		<difficult>0</difficult>
		<bndbox>
			<xmin>239</xmin>
			<ymin>78</ymin>
			<xmax>372</xmax>
			<ymax>198</ymax>
		</bndbox>
	</object>
</annotation>
