<annotation>
	<folder>apple</folder>
	<filename>250.jpeg</filename>
	<path>C:\Users\BETSY\Desktop\tflite\train2\apple\250.jpeg</path>
	<source>
		<database>Unknown</database>
	</source>
	<size>
		<width>474</width>
		<height>474</height>
		<depth>3</depth>
	</size>
	<segmented>0</segmented>
	<object>
		<name>apple</name>
		<pose>Unspecified</pose>
		<truncated>0</truncated>
		<difficult>0</difficult>
		<bndbox>
			<xmin>36</xmin>
			<ymin>94</ymin>
			<xmax>208</xmax>
			<ymax>276</ymax>
		</bndbox>
	</object>
	<object>
		<name>apple</name>
		<pose>Unspecified</pose>
		<truncated>0</truncated>
		<difficult>0</difficult>
		<bndbox>
			<xmin>194</xmin>
			<ymin>125</ymin>
			<xmax>429</xmax>
			<ymax>367</ymax>
		</bndbox>
	</object>
</annotation>
