<annotation>
	<folder>apple</folder>
	<filename>251.jpeg</filename>
	<path>C:\Users\BETSY\Desktop\tflite\train2\apple\251.jpeg</path>
	<source>
		<database>Unknown</database>
	</source>
	<size>
		<width>474</width>
		<height>342</height>
		<depth>3</depth>
	</size>
	<segmented>0</segmented>
	<object>
		<name>apple</name>
		<pose>Unspecified</pose>
		<truncated>0</truncated>
		<difficult>0</difficult>
		<bndbox>
			<xmin>105</xmin>
			<ymin>71</ymin>
			<xmax>185</xmax>
			<ymax>137</ymax>
		</bndbox>
	</object>
	<object>
		<name>apple</name>
		<pose>Unspecified</pose>
		<truncated>0</truncated>
		<difficult>0</difficult>
		<bndbox>
			<xmin>183</xmin>
			<ymin>96</ymin>
			<xmax>250</xmax>
			<ymax>143</ymax>
		</bndbox>
	</object>
	<object>
		<name>apple</name>
		<pose>Unspecified</pose>
		<truncated>0</truncated>
		<difficult>0</difficult>
		<bndbox>
			<xmin>242</xmin>
			<ymin>205</ymin>
			<xmax>329</xmax>
			<ymax>288</ymax>
		</bndbox>
	</object>
</annotation>
