<annotation>
	<folder>apple</folder>
	<filename>252.jpeg</filename>
	<path>C:\Users\BETSY\Desktop\tflite\train2\apple\252.jpeg</path>
	<source>
		<database>Unknown</database>
	</source>
	<size>
		<width>474</width>
		<height>347</height>
		<depth>3</depth>
	</size>
	<segmented>0</segmented>
	<object>
		<name>apple</name>
		<pose>Unspecified</pose>
		<truncated>0</truncated>
		<difficult>0</difficult>
		<bndbox>
			<xmin>4</xmin>
			<ymin>68</ymin>
			<xmax>251</xmax>
			<ymax>324</ymax>
		</bndbox>
	</object>
	<object>
		<name>apple</name>
		<pose>Unspecified</pose>
		<truncated>0</truncated>
		<difficult>0</difficult>
		<bndbox>
			<xmin>244</xmin>
			<ymin>36</ymin>
			<xmax>447</xmax>
			<ymax>197</ymax>
		</bndbox>
	</object>
</annotation>
