<annotation>
	<folder>apple</folder>
	<filename>256.jpeg</filename>
	<path>C:\Users\BETSY\Desktop\tflite\train2\apple\256.jpeg</path>
	<source>
		<database>Unknown</database>
	</source>
	<size>
		<width>249</width>
		<height>249</height>
		<depth>3</depth>
	</size>
	<segmented>0</segmented>
	<object>
		<name>apple</name>
		<pose>Unspecified</pose>
		<truncated>0</truncated>
		<difficult>0</difficult>
		<bndbox>
			<xmin>37</xmin>
			<ymin>28</ymin>
			<xmax>229</xmax>
			<ymax>213</ymax>
		</bndbox>
	</object>
</annotation>
