<annotation>
	<folder>apple</folder>
	<filename>257.jpeg</filename>
	<path>C:\Users\BETSY\Desktop\tflite\train2\apple\257.jpeg</path>
	<source>
		<database>Unknown</database>
	</source>
	<size>
		<width>474</width>
		<height>713</height>
		<depth>3</depth>
	</size>
	<segmented>0</segmented>
	<object>
		<name>apple</name>
		<pose>Unspecified</pose>
		<truncated>0</truncated>
		<difficult>0</difficult>
		<bndbox>
			<xmin>57</xmin>
			<ymin>319</ymin>
			<xmax>412</xmax>
			<ymax>664</ymax>
		</bndbox>
	</object>
</annotation>
