<annotation>
	<folder>apple</folder>
	<filename>259.jpeg</filename>
	<path>C:\Users\BETSY\Desktop\tflite\train2\apple\259.jpeg</path>
	<source>
		<database>Unknown</database>
	</source>
	<size>
		<width>474</width>
		<height>400</height>
		<depth>3</depth>
	</size>
	<segmented>0</segmented>
	<object>
		<name>apple</name>
		<pose>Unspecified</pose>
		<truncated>0</truncated>
		<difficult>0</difficult>
		<bndbox>
			<xmin>56</xmin>
			<ymin>42</ymin>
			<xmax>381</xmax>
			<ymax>328</ymax>
		</bndbox>
	</object>
</annotation>
