<annotation>
	<folder>train</folder>
	<filename>25gc2p1kq2rakc9jq3yjuh.jpg</filename>
	<path>C:\tensorflow1\models\research\object_detection\images\train\25gc2p1kq2rakc9jq3yjuh.jpg</path>
	<source>
		<database>Unknown</database>
	</source>
	<size>
		<width>800</width>
		<height>800</height>
		<depth>3</depth>
	</size>
	<segmented>0</segmented>
	<object>
		<name>mask</name>
		<pose>Unspecified</pose>
		<truncated>0</truncated>
		<difficult>0</difficult>
		<bndbox>
			<xmin>582</xmin>
			<ymin>117</ymin>
			<xmax>789</xmax>
			<ymax>340</ymax>
		</bndbox>
	</object>
</annotation>
