<annotation>
	<folder>apple</folder>
	<filename>265.jpeg</filename>
	<path>C:\Users\BETSY\Desktop\tflite\train2\apple\265.jpeg</path>
	<source>
		<database>Unknown</database>
	</source>
	<size>
		<width>474</width>
		<height>316</height>
		<depth>3</depth>
	</size>
	<segmented>0</segmented>
	<object>
		<name>apple</name>
		<pose>Unspecified</pose>
		<truncated>0</truncated>
		<difficult>0</difficult>
		<bndbox>
			<xmin>12</xmin>
			<ymin>47</ymin>
			<xmax>231</xmax>
			<ymax>255</ymax>
		</bndbox>
	</object>
	<object>
		<name>apple</name>
		<pose>Unspecified</pose>
		<truncated>0</truncated>
		<difficult>0</difficult>
		<bndbox>
			<xmin>241</xmin>
			<ymin>21</ymin>
			<xmax>453</xmax>
			<ymax>250</ymax>
		</bndbox>
	</object>
</annotation>
