<annotation>
	<folder>apple</folder>
	<filename>266.jpeg</filename>
	<path>C:\Users\BETSY\Desktop\tflite\train2\apple\266.jpeg</path>
	<source>
		<database>Unknown</database>
	</source>
	<size>
		<width>474</width>
		<height>562</height>
		<depth>3</depth>
	</size>
	<segmented>0</segmented>
	<object>
		<name>apple</name>
		<pose>Unspecified</pose>
		<truncated>1</truncated>
		<difficult>0</difficult>
		<bndbox>
			<xmin>6</xmin>
			<ymin>2</ymin>
			<xmax>474</xmax>
			<ymax>559</ymax>
		</bndbox>
	</object>
</annotation>
