<annotation>
	<folder>apple</folder>
	<filename>268.jpeg</filename>
	<path>C:\Users\BETSY\Desktop\tflite\train2\apple\268.jpeg</path>
	<source>
		<database>Unknown</database>
	</source>
	<size>
		<width>474</width>
		<height>711</height>
		<depth>3</depth>
	</size>
	<segmented>0</segmented>
	<object>
		<name>apple</name>
		<pose>Unspecified</pose>
		<truncated>0</truncated>
		<difficult>0</difficult>
		<bndbox>
			<xmin>111</xmin>
			<ymin>152</ymin>
			<xmax>338</xmax>
			<ymax>333</ymax>
		</bndbox>
	</object>
	<object>
		<name>apple</name>
		<pose>Unspecified</pose>
		<truncated>1</truncated>
		<difficult>0</difficult>
		<bndbox>
			<xmin>344</xmin>
			<ymin>155</ymin>
			<xmax>474</xmax>
			<ymax>335</ymax>
		</bndbox>
	</object>
	<object>
		<name>apple</name>
		<pose>Unspecified</pose>
		<truncated>0</truncated>
		<difficult>0</difficult>
		<bndbox>
			<xmin>193</xmin>
			<ymin>339</ymin>
			<xmax>459</xmax>
			<ymax>599</ymax>
		</bndbox>
	</object>
</annotation>
