<annotation>
	<folder>apple</folder>
	<filename>27.jpeg</filename>
	<path>C:\Users\BETSY\Desktop\tflite\train2\apple\27.jpeg</path>
	<source>
		<database>Unknown</database>
	</source>
	<size>
		<width>474</width>
		<height>373</height>
		<depth>3</depth>
	</size>
	<segmented>0</segmented>
	<object>
		<name>apple</name>
		<pose>Unspecified</pose>
		<truncated>0</truncated>
		<difficult>0</difficult>
		<bndbox>
			<xmin>29</xmin>
			<ymin>14</ymin>
			<xmax>240</xmax>
			<ymax>157</ymax>
		</bndbox>
	</object>
	<object>
		<name>apple</name>
		<pose>Unspecified</pose>
		<truncated>0</truncated>
		<difficult>0</difficult>
		<bndbox>
			<xmin>231</xmin>
			<ymin>52</ymin>
			<xmax>451</xmax>
			<ymax>293</ymax>
		</bndbox>
	</object>
</annotation>
