<annotation>
	<folder>train</folder>
	<filename>27.jpeg</filename>
	<path>C:\Users\BETSY\Desktop\tflite\train\images\train\27.jpeg</path>
	<source>
		<database>Unknown</database>
	</source>
	<size>
		<width>250</width>
		<height>202</height>
		<depth>3</depth>
	</size>
	<segmented>0</segmented>
	<object>
		<name>apple</name>
		<pose>Unspecified</pose>
		<truncated>0</truncated>
		<difficult>0</difficult>
		<bndbox>
			<xmin>45</xmin>
			<ymin>17</ymin>
			<xmax>203</xmax>
			<ymax>184</ymax>
		</bndbox>
	</object>
</annotation>
