<annotation>
	<folder>apple</folder>
	<filename>270.jpeg</filename>
	<path>C:\Users\BETSY\Desktop\tflite\train2\apple\270.jpeg</path>
	<source>
		<database>Unknown</database>
	</source>
	<size>
		<width>474</width>
		<height>266</height>
		<depth>3</depth>
	</size>
	<segmented>0</segmented>
	<object>
		<name>apple</name>
		<pose>Unspecified</pose>
		<truncated>0</truncated>
		<difficult>0</difficult>
		<bndbox>
			<xmin>118</xmin>
			<ymin>34</ymin>
			<xmax>298</xmax>
			<ymax>227</ymax>
		</bndbox>
	</object>
	<object>
		<name>apple</name>
		<pose>Unspecified</pose>
		<truncated>1</truncated>
		<difficult>0</difficult>
		<bndbox>
			<xmin>322</xmin>
			<ymin>44</ymin>
			<xmax>474</xmax>
			<ymax>209</ymax>
		</bndbox>
	</object>
	<object>
		<name>apple</name>
		<pose>Unspecified</pose>
		<truncated>0</truncated>
		<difficult>0</difficult>
		<bndbox>
			<xmin>2</xmin>
			<ymin>47</ymin>
			<xmax>117</xmax>
			<ymax>225</ymax>
		</bndbox>
	</object>
</annotation>
