<annotation>
	<folder>apple</folder>
	<filename>273.jpeg</filename>
	<path>C:\Users\BETSY\Desktop\tflite\train2\apple\273.jpeg</path>
	<source>
		<database>Unknown</database>
	</source>
	<size>
		<width>410</width>
		<height>438</height>
		<depth>3</depth>
	</size>
	<segmented>0</segmented>
	<object>
		<name>apple</name>
		<pose>Unspecified</pose>
		<truncated>0</truncated>
		<difficult>0</difficult>
		<bndbox>
			<xmin>58</xmin>
			<ymin>70</ymin>
			<xmax>353</xmax>
			<ymax>398</ymax>
		</bndbox>
	</object>
</annotation>
