<annotation>
	<folder>apple</folder>
	<filename>277.jpeg</filename>
	<path>C:\Users\BETSY\Desktop\tflite\train2\apple\277.jpeg</path>
	<source>
		<database>Unknown</database>
	</source>
	<size>
		<width>474</width>
		<height>711</height>
		<depth>3</depth>
	</size>
	<segmented>0</segmented>
	<object>
		<name>apple</name>
		<pose>Unspecified</pose>
		<truncated>1</truncated>
		<difficult>0</difficult>
		<bndbox>
			<xmin>1</xmin>
			<ymin>222</ymin>
			<xmax>228</xmax>
			<ymax>594</ymax>
		</bndbox>
	</object>
	<object>
		<name>apple</name>
		<pose>Unspecified</pose>
		<truncated>1</truncated>
		<difficult>0</difficult>
		<bndbox>
			<xmin>239</xmin>
			<ymin>212</ymin>
			<xmax>474</xmax>
			<ymax>548</ymax>
		</bndbox>
	</object>
</annotation>
