<annotation>
	<folder>train</folder>
	<filename>27tsr4wa5uthp2muyaak39.jpg</filename>
	<path>C:\tensorflow1\models\research\object_detection\images\train\27tsr4wa5uthp2muyaak39.jpg</path>
	<source>
		<database>Unknown</database>
	</source>
	<size>
		<width>800</width>
		<height>800</height>
		<depth>3</depth>
	</size>
	<segmented>0</segmented>
	<object>
		<name>nomask</name>
		<pose>Unspecified</pose>
		<truncated>0</truncated>
		<difficult>0</difficult>
		<bndbox>
			<xmin>204</xmin>
			<ymin>186</ymin>
			<xmax>551</xmax>
			<ymax>547</ymax>
		</bndbox>
	</object>
</annotation>
