<annotation>
	<folder>apple</folder>
	<filename>291.jpeg</filename>
	<path>C:\Users\BETSY\Desktop\tflite\train2\apple\291.jpeg</path>
	<source>
		<database>Unknown</database>
	</source>
	<size>
		<width>474</width>
		<height>309</height>
		<depth>3</depth>
	</size>
	<segmented>0</segmented>
	<object>
		<name>apple</name>
		<pose>Unspecified</pose>
		<truncated>0</truncated>
		<difficult>0</difficult>
		<bndbox>
			<xmin>42</xmin>
			<ymin>75</ymin>
			<xmax>245</xmax>
			<ymax>285</ymax>
		</bndbox>
	</object>
</annotation>
