<annotation>
	<folder>apple</folder>
	<filename>293.jpeg</filename>
	<path>C:\Users\BETSY\Desktop\tflite\train2\apple\293.jpeg</path>
	<source>
		<database>Unknown</database>
	</source>
	<size>
		<width>474</width>
		<height>474</height>
		<depth>3</depth>
	</size>
	<segmented>0</segmented>
	<object>
		<name>apple</name>
		<pose>Unspecified</pose>
		<truncated>0</truncated>
		<difficult>0</difficult>
		<bndbox>
			<xmin>101</xmin>
			<ymin>17</ymin>
			<xmax>329</xmax>
			<ymax>255</ymax>
		</bndbox>
	</object>
	<object>
		<name>apple</name>
		<pose>Unspecified</pose>
		<truncated>0</truncated>
		<difficult>0</difficult>
		<bndbox>
			<xmin>195</xmin>
			<ymin>230</ymin>
			<xmax>420</xmax>
			<ymax>463</ymax>
		</bndbox>
	</object>
</annotation>
