<annotation>
	<folder>apple</folder>
	<filename>297.jpeg</filename>
	<path>C:\Users\BETSY\Desktop\tflite\train2\apple\297.jpeg</path>
	<source>
		<database>Unknown</database>
	</source>
	<size>
		<width>255</width>
		<height>340</height>
		<depth>3</depth>
	</size>
	<segmented>0</segmented>
	<object>
		<name>apple</name>
		<pose>Unspecified</pose>
		<truncated>0</truncated>
		<difficult>0</difficult>
		<bndbox>
			<xmin>62</xmin>
			<ymin>210</ymin>
			<xmax>173</xmax>
			<ymax>308</ymax>
		</bndbox>
	</object>
	<object>
		<name>apple</name>
		<pose>Unspecified</pose>
		<truncated>1</truncated>
		<difficult>0</difficult>
		<bndbox>
			<xmin>141</xmin>
			<ymin>20</ymin>
			<xmax>255</xmax>
			<ymax>119</ymax>
		</bndbox>
	</object>
</annotation>
