<annotation>
	<folder>apple</folder>
	<filename>298.jpeg</filename>
	<path>C:\Users\BETSY\Desktop\tflite\train2\apple\298.jpeg</path>
	<source>
		<database>Unknown</database>
	</source>
	<size>
		<width>396</width>
		<height>396</height>
		<depth>3</depth>
	</size>
	<segmented>0</segmented>
	<object>
		<name>apple</name>
		<pose>Unspecified</pose>
		<truncated>0</truncated>
		<difficult>0</difficult>
		<bndbox>
			<xmin>33</xmin>
			<ymin>57</ymin>
			<xmax>188</xmax>
			<ymax>194</ymax>
		</bndbox>
	</object>
	<object>
		<name>apple</name>
		<pose>Unspecified</pose>
		<truncated>0</truncated>
		<difficult>0</difficult>
		<bndbox>
			<xmin>187</xmin>
			<ymin>68</ymin>
			<xmax>335</xmax>
			<ymax>186</ymax>
		</bndbox>
	</object>
	<object>
		<name>apple</name>
		<pose>Unspecified</pose>
		<truncated>1</truncated>
		<difficult>0</difficult>
		<bndbox>
			<xmin>273</xmin>
			<ymin>169</ymin>
			<xmax>396</xmax>
			<ymax>277</ymax>
		</bndbox>
	</object>
	<object>
		<name>apple</name>
		<pose>Unspecified</pose>
		<truncated>0</truncated>
		<difficult>0</difficult>
		<bndbox>
			<xmin>124</xmin>
			<ymin>168</ymin>
			<xmax>241</xmax>
			<ymax>260</ymax>
		</bndbox>
	</object>
	<object>
		<name>apple</name>
		<pose>Unspecified</pose>
		<truncated>0</truncated>
		<difficult>0</difficult>
		<bndbox>
			<xmin>86</xmin>
			<ymin>258</ymin>
			<xmax>196</xmax>
			<ymax>373</ymax>
		</bndbox>
	</object>
	<object>
		<name>apple</name>
		<pose>Unspecified</pose>
		<truncated>0</truncated>
		<difficult>0</difficult>
		<bndbox>
			<xmin>6</xmin>
			<ymin>181</ymin>
			<xmax>133</xmax>
			<ymax>300</ymax>
		</bndbox>
	</object>
</annotation>
