<annotation>
	<folder>train</folder>
	<filename>2arrn3v3i3z96jbpou2mf.jpg</filename>
	<path>C:\tensorflow1\models\research\object_detection\images\train\2arrn3v3i3z96jbpou2mf.jpg</path>
	<source>
		<database>Unknown</database>
	</source>
	<size>
		<width>800</width>
		<height>800</height>
		<depth>3</depth>
	</size>
	<segmented>0</segmented>
	<object>
		<name>mask</name>
		<pose>Unspecified</pose>
		<truncated>0</truncated>
		<difficult>0</difficult>
		<bndbox>
			<xmin>328</xmin>
			<ymin>204</ymin>
			<xmax>520</xmax>
			<ymax>410</ymax>
		</bndbox>
	</object>
</annotation>
