<annotation>
	<folder>train</folder>
	<filename>2aumft9yjcowprs4jcl8ob.jpg</filename>
	<path>C:\tensorflow1\models\research\object_detection\images\train\2aumft9yjcowprs4jcl8ob.jpg</path>
	<source>
		<database>Unknown</database>
	</source>
	<size>
		<width>800</width>
		<height>800</height>
		<depth>3</depth>
	</size>
	<segmented>0</segmented>
	<object>
		<name>mask</name>
		<pose>Unspecified</pose>
		<truncated>0</truncated>
		<difficult>0</difficult>
		<bndbox>
			<xmin>175</xmin>
			<ymin>217</ymin>
			<xmax>359</xmax>
			<ymax>391</ymax>
		</bndbox>
	</object>
	<object>
		<name>mask</name>
		<pose>Unspecified</pose>
		<truncated>0</truncated>
		<difficult>0</difficult>
		<bndbox>
			<xmin>390</xmin>
			<ymin>284</ymin>
			<xmax>575</xmax>
			<ymax>442</ymax>
		</bndbox>
	</object>
	<object>
		<name>nomask</name>
		<pose>Unspecified</pose>
		<truncated>1</truncated>
		<difficult>0</difficult>
		<bndbox>
			<xmin>753</xmin>
			<ymin>211</ymin>
			<xmax>800</xmax>
			<ymax>318</ymax>
		</bndbox>
	</object>
	<object>
		<name>nomask</name>
		<pose>Unspecified</pose>
		<truncated>0</truncated>
		<difficult>0</difficult>
		<bndbox>
			<xmin>6</xmin>
			<ymin>290</ymin>
			<xmax>63</xmax>
			<ymax>355</ymax>
		</bndbox>
	</object>
</annotation>
