<annotation>
	<folder>train</folder>
	<filename>2f8mdl5f59fp4s6abk327r.jpg</filename>
	<path>C:\tensorflow1\models\research\object_detection\images\train\2f8mdl5f59fp4s6abk327r.jpg</path>
	<source>
		<database>Unknown</database>
	</source>
	<size>
		<width>800</width>
		<height>800</height>
		<depth>3</depth>
	</size>
	<segmented>0</segmented>
	<object>
		<name>nomask</name>
		<pose>Unspecified</pose>
		<truncated>0</truncated>
		<difficult>0</difficult>
		<bndbox>
			<xmin>414</xmin>
			<ymin>321</ymin>
			<xmax>660</xmax>
			<ymax>609</ymax>
		</bndbox>
	</object>
</annotation>
