<annotation>
	<folder>train</folder>
	<filename>2io6vuxlhvjnj162zs3czi.jpg</filename>
	<path>C:\tensorflow1\models\research\object_detection\images\train\2io6vuxlhvjnj162zs3czi.jpg</path>
	<source>
		<database>Unknown</database>
	</source>
	<size>
		<width>800</width>
		<height>800</height>
		<depth>3</depth>
	</size>
	<segmented>0</segmented>
	<object>
		<name>nomask</name>
		<pose>Unspecified</pose>
		<truncated>0</truncated>
		<difficult>0</difficult>
		<bndbox>
			<xmin>226</xmin>
			<ymin>238</ymin>
			<xmax>448</xmax>
			<ymax>508</ymax>
		</bndbox>
	</object>
	<object>
		<name>nomask</name>
		<pose>Unspecified</pose>
		<truncated>0</truncated>
		<difficult>0</difficult>
		<bndbox>
			<xmin>392</xmin>
			<ymin>109</ymin>
			<xmax>666</xmax>
			<ymax>401</ymax>
		</bndbox>
	</object>
</annotation>
