<annotation>
	<folder>train</folder>
	<filename>2ochb6jb3bhs4w8lebg4wf.jpg</filename>
	<path>C:\tensorflow1\models\research\object_detection\images\train\2ochb6jb3bhs4w8lebg4wf.jpg</path>
	<source>
		<database>Unknown</database>
	</source>
	<size>
		<width>800</width>
		<height>800</height>
		<depth>3</depth>
	</size>
	<segmented>0</segmented>
	<object>
		<name>nomask</name>
		<pose>Unspecified</pose>
		<truncated>0</truncated>
		<difficult>0</difficult>
		<bndbox>
			<xmin>291</xmin>
			<ymin>99</ymin>
			<xmax>501</xmax>
			<ymax>307</ymax>
		</bndbox>
	</object>
	<object>
		<name>nomask</name>
		<pose>Unspecified</pose>
		<truncated>0</truncated>
		<difficult>0</difficult>
		<bndbox>
			<xmin>575</xmin>
			<ymin>328</ymin>
			<xmax>681</xmax>
			<ymax>433</ymax>
		</bndbox>
	</object>
</annotation>
