<annotation>
	<folder>train</folder>
	<filename>2pag7neboveagvpd3r1pln.jpg</filename>
	<path>C:\tensorflow1\models\research\object_detection\images\train\2pag7neboveagvpd3r1pln.jpg</path>
	<source>
		<database>Unknown</database>
	</source>
	<size>
		<width>800</width>
		<height>800</height>
		<depth>3</depth>
	</size>
	<segmented>0</segmented>
	<object>
		<name>mask</name>
		<pose>Unspecified</pose>
		<truncated>1</truncated>
		<difficult>0</difficult>
		<bndbox>
			<xmin>1</xmin>
			<ymin>288</ymin>
			<xmax>199</xmax>
			<ymax>573</ymax>
		</bndbox>
	</object>
	<object>
		<name>mask</name>
		<pose>Unspecified</pose>
		<truncated>1</truncated>
		<difficult>0</difficult>
		<bndbox>
			<xmin>570</xmin>
			<ymin>252</ymin>
			<xmax>800</xmax>
			<ymax>557</ymax>
		</bndbox>
	</object>
</annotation>
