<annotation>
	<folder>apple</folder>
	<filename>3.jpeg</filename>
	<path>C:\Users\BETSY\Desktop\tflite\train2\apple\3.jpeg</path>
	<source>
		<database>Unknown</database>
	</source>
	<size>
		<width>474</width>
		<height>474</height>
		<depth>3</depth>
	</size>
	<segmented>0</segmented>
	<object>
		<name>apple</name>
		<pose>Unspecified</pose>
		<truncated>0</truncated>
		<difficult>0</difficult>
		<bndbox>
			<xmin>175</xmin>
			<ymin>91</ymin>
			<xmax>346</xmax>
			<ymax>250</ymax>
		</bndbox>
	</object>
	<object>
		<name>apple</name>
		<pose>Unspecified</pose>
		<truncated>0</truncated>
		<difficult>0</difficult>
		<bndbox>
			<xmin>21</xmin>
			<ymin>95</ymin>
			<xmax>177</xmax>
			<ymax>241</ymax>
		</bndbox>
	</object>
	<object>
		<name>apple</name>
		<pose>Unspecified</pose>
		<truncated>0</truncated>
		<difficult>0</difficult>
		<bndbox>
			<xmin>78</xmin>
			<ymin>219</ymin>
			<xmax>243</xmax>
			<ymax>403</ymax>
		</bndbox>
	</object>
</annotation>
