<annotation>
	<folder>apple</folder>
	<filename>30.jpeg</filename>
	<path>C:\Users\BETSY\Desktop\tflite\train2\apple\30.jpeg</path>
	<source>
		<database>Unknown</database>
	</source>
	<size>
		<width>474</width>
		<height>311</height>
		<depth>3</depth>
	</size>
	<segmented>0</segmented>
	<object>
		<name>apple</name>
		<pose>Unspecified</pose>
		<truncated>0</truncated>
		<difficult>0</difficult>
		<bndbox>
			<xmin>37</xmin>
			<ymin>14</ymin>
			<xmax>226</xmax>
			<ymax>208</ymax>
		</bndbox>
	</object>
	<object>
		<name>apple</name>
		<pose>Unspecified</pose>
		<truncated>0</truncated>
		<difficult>0</difficult>
		<bndbox>
			<xmin>220</xmin>
			<ymin>82</ymin>
			<xmax>419</xmax>
			<ymax>268</ymax>
		</bndbox>
	</object>
</annotation>
