<annotation>
	<folder>apple</folder>
	<filename>300.jpeg</filename>
	<path>C:\Users\BETSY\Desktop\tflite\train2\apple\300.jpeg</path>
	<source>
		<database>Unknown</database>
	</source>
	<size>
		<width>312</width>
		<height>313</height>
		<depth>3</depth>
	</size>
	<segmented>0</segmented>
	<object>
		<name>apple</name>
		<pose>Unspecified</pose>
		<truncated>0</truncated>
		<difficult>0</difficult>
		<bndbox>
			<xmin>35</xmin>
			<ymin>35</ymin>
			<xmax>311</xmax>
			<ymax>304</ymax>
		</bndbox>
	</object>
</annotation>
