<annotation>
	<folder>apple</folder>
	<filename>303.jpeg</filename>
	<path>C:\Users\BETSY\Desktop\tflite\train2\apple\303.jpeg</path>
	<source>
		<database>Unknown</database>
	</source>
	<size>
		<width>474</width>
		<height>266</height>
		<depth>3</depth>
	</size>
	<segmented>0</segmented>
	<object>
		<name>apple</name>
		<pose>Unspecified</pose>
		<truncated>0</truncated>
		<difficult>0</difficult>
		<bndbox>
			<xmin>189</xmin>
			<ymin>26</ymin>
			<xmax>407</xmax>
			<ymax>244</ymax>
		</bndbox>
	</object>
	<object>
		<name>apple</name>
		<pose>Unspecified</pose>
		<truncated>0</truncated>
		<difficult>0</difficult>
		<bndbox>
			<xmin>81</xmin>
			<ymin>2</ymin>
			<xmax>221</xmax>
			<ymax>163</ymax>
		</bndbox>
	</object>
</annotation>
