<annotation>
	<folder>apple</folder>
	<filename>304.jpeg</filename>
	<path>C:\Users\BETSY\Desktop\tflite\train2\apple\304.jpeg</path>
	<source>
		<database>Unknown</database>
	</source>
	<size>
		<width>474</width>
		<height>317</height>
		<depth>3</depth>
	</size>
	<segmented>0</segmented>
	<object>
		<name>apple</name>
		<pose>Unspecified</pose>
		<truncated>0</truncated>
		<difficult>0</difficult>
		<bndbox>
			<xmin>17</xmin>
			<ymin>2</ymin>
			<xmax>254</xmax>
			<ymax>258</ymax>
		</bndbox>
	</object>
	<object>
		<name>apple</name>
		<pose>Unspecified</pose>
		<truncated>1</truncated>
		<difficult>0</difficult>
		<bndbox>
			<xmin>255</xmin>
			<ymin>75</ymin>
			<xmax>474</xmax>
			<ymax>305</ymax>
		</bndbox>
	</object>
</annotation>
