<annotation>
	<folder>apple</folder>
	<filename>307.jpeg</filename>
	<path>C:\Users\BETSY\Desktop\tflite\train2\apple\307.jpeg</path>
	<source>
		<database>Unknown</database>
	</source>
	<size>
		<width>474</width>
		<height>842</height>
		<depth>3</depth>
	</size>
	<segmented>0</segmented>
	<object>
		<name>apple</name>
		<pose>Unspecified</pose>
		<truncated>0</truncated>
		<difficult>0</difficult>
		<bndbox>
			<xmin>47</xmin>
			<ymin>341</ymin>
			<xmax>431</xmax>
			<ymax>688</ymax>
		</bndbox>
	</object>
	<object>
		<name>apple</name>
		<pose>Unspecified</pose>
		<truncated>1</truncated>
		<difficult>0</difficult>
		<bndbox>
			<xmin>1</xmin>
			<ymin>558</ymin>
			<xmax>268</xmax>
			<ymax>842</ymax>
		</bndbox>
	</object>
</annotation>
