<annotation>
	<folder>apple</folder>
	<filename>308.jpeg</filename>
	<path>C:\Users\BETSY\Desktop\tflite\train2\apple\308.jpeg</path>
	<source>
		<database>Unknown</database>
	</source>
	<size>
		<width>474</width>
		<height>349</height>
		<depth>3</depth>
	</size>
	<segmented>0</segmented>
	<object>
		<name>apple</name>
		<pose>Unspecified</pose>
		<truncated>0</truncated>
		<difficult>0</difficult>
		<bndbox>
			<xmin>130</xmin>
			<ymin>86</ymin>
			<xmax>320</xmax>
			<ymax>279</ymax>
		</bndbox>
	</object>
	<object>
		<name>apple</name>
		<pose>Unspecified</pose>
		<truncated>0</truncated>
		<difficult>0</difficult>
		<bndbox>
			<xmin>30</xmin>
			<ymin>62</ymin>
			<xmax>192</xmax>
			<ymax>234</ymax>
		</bndbox>
	</object>
	<object>
		<name>apple</name>
		<pose>Unspecified</pose>
		<truncated>0</truncated>
		<difficult>0</difficult>
		<bndbox>
			<xmin>302</xmin>
			<ymin>61</ymin>
			<xmax>452</xmax>
			<ymax>233</ymax>
		</bndbox>
	</object>
</annotation>
