<annotation>
	<folder>apple</folder>
	<filename>309.jpeg</filename>
	<path>C:\Users\BETSY\Desktop\tflite\train2\apple\309.jpeg</path>
	<source>
		<database>Unknown</database>
	</source>
	<size>
		<width>474</width>
		<height>226</height>
		<depth>3</depth>
	</size>
	<segmented>0</segmented>
	<object>
		<name>apple</name>
		<pose>Unspecified</pose>
		<truncated>0</truncated>
		<difficult>0</difficult>
		<bndbox>
			<xmin>47</xmin>
			<ymin>40</ymin>
			<xmax>184</xmax>
			<ymax>173</ymax>
		</bndbox>
	</object>
	<object>
		<name>apple</name>
		<pose>Unspecified</pose>
		<truncated>0</truncated>
		<difficult>0</difficult>
		<bndbox>
			<xmin>176</xmin>
			<ymin>35</ymin>
			<xmax>310</xmax>
			<ymax>202</ymax>
		</bndbox>
	</object>
	<object>
		<name>apple</name>
		<pose>Unspecified</pose>
		<truncated>0</truncated>
		<difficult>0</difficult>
		<bndbox>
			<xmin>309</xmin>
			<ymin>37</ymin>
			<xmax>439</xmax>
			<ymax>167</ymax>
		</bndbox>
	</object>
</annotation>
