<annotation>
	<folder>train</folder>
	<filename>31.jpeg</filename>
	<path>C:\Users\BETSY\Desktop\tflite\train\images\train\31.jpeg</path>
	<source>
		<database>Unknown</database>
	</source>
	<size>
		<width>222</width>
		<height>227</height>
		<depth>3</depth>
	</size>
	<segmented>0</segmented>
	<object>
		<name>apple</name>
		<pose>Unspecified</pose>
		<truncated>0</truncated>
		<difficult>0</difficult>
		<bndbox>
			<xmin>6</xmin>
			<ymin>40</ymin>
			<xmax>218</xmax>
			<ymax>223</ymax>
		</bndbox>
	</object>
</annotation>
