<annotation>
	<folder>orange</folder>
	<filename>315.jpeg</filename>
	<path>C:\Users\BETSY\Desktop\tflite\train2\orange\315.jpeg</path>
	<source>
		<database>Unknown</database>
	</source>
	<size>
		<width>474</width>
		<height>480</height>
		<depth>3</depth>
	</size>
	<segmented>0</segmented>
	<object>
		<name>orange</name>
		<pose>Unspecified</pose>
		<truncated>0</truncated>
		<difficult>0</difficult>
		<bndbox>
			<xmin>163</xmin>
			<ymin>54</ymin>
			<xmax>442</xmax>
			<ymax>293</ymax>
		</bndbox>
	</object>
</annotation>
