<annotation>
	<folder>apple</folder>
	<filename>32.jpeg</filename>
	<path>C:\Users\BETSY\Desktop\tflite\train2\apple\32.jpeg</path>
	<source>
		<database>Unknown</database>
	</source>
	<size>
		<width>170</width>
		<height>160</height>
		<depth>3</depth>
	</size>
	<segmented>0</segmented>
	<object>
		<name>apple</name>
		<pose>Unspecified</pose>
		<truncated>0</truncated>
		<difficult>0</difficult>
		<bndbox>
			<xmin>17</xmin>
			<ymin>9</ymin>
			<xmax>159</xmax>
			<ymax>143</ymax>
		</bndbox>
	</object>
</annotation>
