<annotation>
	<folder>orange</folder>
	<filename>325.jpeg</filename>
	<path>C:\Users\BETSY\Desktop\tflite\train2\orange\325.jpeg</path>
	<source>
		<database>Unknown</database>
	</source>
	<size>
		<width>474</width>
		<height>313</height>
		<depth>3</depth>
	</size>
	<segmented>0</segmented>
	<object>
		<name>orange</name>
		<pose>Unspecified</pose>
		<truncated>0</truncated>
		<difficult>0</difficult>
		<bndbox>
			<xmin>94</xmin>
			<ymin>23</ymin>
			<xmax>211</xmax>
			<ymax>140</ymax>
		</bndbox>
	</object>
	<object>
		<name>orange</name>
		<pose>Unspecified</pose>
		<truncated>1</truncated>
		<difficult>0</difficult>
		<bndbox>
			<xmin>1</xmin>
			<ymin>44</ymin>
			<xmax>90</xmax>
			<ymax>170</ymax>
		</bndbox>
	</object>
</annotation>
