<annotation>
	<folder>orange</folder>
	<filename>326.jpeg</filename>
	<path>C:\Users\BETSY\Desktop\tflite\train2\orange\326.jpeg</path>
	<source>
		<database>Unknown</database>
	</source>
	<size>
		<width>474</width>
		<height>403</height>
		<depth>3</depth>
	</size>
	<segmented>0</segmented>
	<object>
		<name>orange</name>
		<pose>Unspecified</pose>
		<truncated>0</truncated>
		<difficult>0</difficult>
		<bndbox>
			<xmin>123</xmin>
			<ymin>88</ymin>
			<xmax>408</xmax>
			<ymax>357</ymax>
		</bndbox>
	</object>
	<object>
		<name>orange</name>
		<pose>Unspecified</pose>
		<truncated>0</truncated>
		<difficult>0</difficult>
		<bndbox>
			<xmin>3</xmin>
			<ymin>49</ymin>
			<xmax>193</xmax>
			<ymax>271</ymax>
		</bndbox>
	</object>
</annotation>
