<annotation>
	<folder>orange</folder>
	<filename>327.jpeg</filename>
	<path>C:\Users\BETSY\Desktop\tflite\train2\orange\327.jpeg</path>
	<source>
		<database>Unknown</database>
	</source>
	<size>
		<width>474</width>
		<height>266</height>
		<depth>3</depth>
	</size>
	<segmented>0</segmented>
	<object>
		<name>orange</name>
		<pose>Unspecified</pose>
		<truncated>0</truncated>
		<difficult>0</difficult>
		<bndbox>
			<xmin>55</xmin>
			<ymin>138</ymin>
			<xmax>193</xmax>
			<ymax>250</ymax>
		</bndbox>
	</object>
	<object>
		<name>orange</name>
		<pose>Unspecified</pose>
		<truncated>0</truncated>
		<difficult>0</difficult>
		<bndbox>
			<xmin>142</xmin>
			<ymin>77</ymin>
			<xmax>287</xmax>
			<ymax>164</ymax>
		</bndbox>
	</object>
</annotation>
