<annotation>
	<folder>orange</folder>
	<filename>328.jpeg</filename>
	<path>C:\Users\BETSY\Desktop\tflite\train2\orange\328.jpeg</path>
	<source>
		<database>Unknown</database>
	</source>
	<size>
		<width>474</width>
		<height>413</height>
		<depth>3</depth>
	</size>
	<segmented>0</segmented>
	<object>
		<name>orange</name>
		<pose>Unspecified</pose>
		<truncated>0</truncated>
		<difficult>0</difficult>
		<bndbox>
			<xmin>205</xmin>
			<ymin>127</ymin>
			<xmax>409</xmax>
			<ymax>332</ymax>
		</bndbox>
	</object>
	<object>
		<name>orange</name>
		<pose>Unspecified</pose>
		<truncated>0</truncated>
		<difficult>0</difficult>
		<bndbox>
			<xmin>33</xmin>
			<ymin>90</ymin>
			<xmax>224</xmax>
			<ymax>262</ymax>
		</bndbox>
	</object>
	<object>
		<name>orange</name>
		<pose>Unspecified</pose>
		<truncated>0</truncated>
		<difficult>0</difficult>
		<bndbox>
			<xmin>194</xmin>
			<ymin>48</ymin>
			<xmax>342</xmax>
			<ymax>130</ymax>
		</bndbox>
	</object>
</annotation>
