<annotation>
	<folder>train</folder>
	<filename>3310le4fmbsxro9id5h6tg.jpg</filename>
	<path>C:\tensorflow1\models\research\object_detection\images\train\3310le4fmbsxro9id5h6tg.jpg</path>
	<source>
		<database>Unknown</database>
	</source>
	<size>
		<width>800</width>
		<height>800</height>
		<depth>3</depth>
	</size>
	<segmented>0</segmented>
	<object>
		<name>nomask</name>
		<pose>Unspecified</pose>
		<truncated>0</truncated>
		<difficult>0</difficult>
		<bndbox>
			<xmin>304</xmin>
			<ymin>209</ymin>
			<xmax>599</xmax>
			<ymax>519</ymax>
		</bndbox>
	</object>
</annotation>
