<annotation>
	<folder>orange</folder>
	<filename>336.jpeg</filename>
	<path>C:\Users\BETSY\Desktop\tflite\train2\orange\336.jpeg</path>
	<source>
		<database>Unknown</database>
	</source>
	<size>
		<width>474</width>
		<height>355</height>
		<depth>3</depth>
	</size>
	<segmented>0</segmented>
	<object>
		<name>orange</name>
		<pose>Unspecified</pose>
		<truncated>0</truncated>
		<difficult>0</difficult>
		<bndbox>
			<xmin>58</xmin>
			<ymin>104</ymin>
			<xmax>263</xmax>
			<ymax>291</ymax>
		</bndbox>
	</object>
	<object>
		<name>orange</name>
		<pose>Unspecified</pose>
		<truncated>0</truncated>
		<difficult>0</difficult>
		<bndbox>
			<xmin>234</xmin>
			<ymin>35</ymin>
			<xmax>421</xmax>
			<ymax>208</ymax>
		</bndbox>
	</object>
</annotation>
