<annotation>
	<folder>apple</folder>
	<filename>34.jpeg</filename>
	<path>C:\Users\BETSY\Desktop\tflite\train2\apple\34.jpeg</path>
	<source>
		<database>Unknown</database>
	</source>
	<size>
		<width>474</width>
		<height>632</height>
		<depth>3</depth>
	</size>
	<segmented>0</segmented>
	<object>
		<name>apple</name>
		<pose>Unspecified</pose>
		<truncated>0</truncated>
		<difficult>0</difficult>
		<bndbox>
			<xmin>254</xmin>
			<ymin>40</ymin>
			<xmax>472</xmax>
			<ymax>252</ymax>
		</bndbox>
	</object>
	<object>
		<name>apple</name>
		<pose>Unspecified</pose>
		<truncated>0</truncated>
		<difficult>0</difficult>
		<bndbox>
			<xmin>108</xmin>
			<ymin>385</ymin>
			<xmax>334</xmax>
			<ymax>591</ymax>
		</bndbox>
	</object>
</annotation>
