<annotation>
	<folder>orange</folder>
	<filename>343.jpeg</filename>
	<path>C:\Users\BETSY\Desktop\tflite\train2\orange\343.jpeg</path>
	<source>
		<database>Unknown</database>
	</source>
	<size>
		<width>474</width>
		<height>315</height>
		<depth>3</depth>
	</size>
	<segmented>0</segmented>
	<object>
		<name>orange</name>
		<pose>Unspecified</pose>
		<truncated>1</truncated>
		<difficult>0</difficult>
		<bndbox>
			<xmin>178</xmin>
			<ymin>114</ymin>
			<xmax>421</xmax>
			<ymax>315</ymax>
		</bndbox>
	</object>
	<object>
		<name>orange</name>
		<pose>Unspecified</pose>
		<truncated>0</truncated>
		<difficult>0</difficult>
		<bndbox>
			<xmin>27</xmin>
			<ymin>4</ymin>
			<xmax>247</xmax>
			<ymax>179</ymax>
		</bndbox>
	</object>
	<object>
		<name>orange</name>
		<pose>Unspecified</pose>
		<truncated>1</truncated>
		<difficult>0</difficult>
		<bndbox>
			<xmin>1</xmin>
			<ymin>167</ymin>
			<xmax>175</xmax>
			<ymax>315</ymax>
		</bndbox>
	</object>
</annotation>
