<annotation>
	<folder>orange</folder>
	<filename>346.jpeg</filename>
	<path>C:\Users\BETSY\Desktop\tflite\train2\orange\346.jpeg</path>
	<source>
		<database>Unknown</database>
	</source>
	<size>
		<width>474</width>
		<height>474</height>
		<depth>3</depth>
	</size>
	<segmented>0</segmented>
	<object>
		<name>orange</name>
		<pose>Unspecified</pose>
		<truncated>0</truncated>
		<difficult>0</difficult>
		<bndbox>
			<xmin>190</xmin>
			<ymin>204</ymin>
			<xmax>305</xmax>
			<ymax>306</ymax>
		</bndbox>
	</object>
	<object>
		<name>orange</name>
		<pose>Unspecified</pose>
		<truncated>0</truncated>
		<difficult>0</difficult>
		<bndbox>
			<xmin>315</xmin>
			<ymin>217</ymin>
			<xmax>423</xmax>
			<ymax>331</ymax>
		</bndbox>
	</object>
	<object>
		<name>orange</name>
		<pose>Unspecified</pose>
		<truncated>0</truncated>
		<difficult>0</difficult>
		<bndbox>
			<xmin>212</xmin>
			<ymin>46</ymin>
			<xmax>320</xmax>
			<ymax>153</ymax>
		</bndbox>
	</object>
</annotation>
