<annotation>
	<folder>orange</folder>
	<filename>347.jpeg</filename>
	<path>C:\Users\BETSY\Desktop\tflite\train2\orange\347.jpeg</path>
	<source>
		<database>Unknown</database>
	</source>
	<size>
		<width>474</width>
		<height>328</height>
		<depth>3</depth>
	</size>
	<segmented>0</segmented>
	<object>
		<name>orange</name>
		<pose>Unspecified</pose>
		<truncated>0</truncated>
		<difficult>0</difficult>
		<bndbox>
			<xmin>37</xmin>
			<ymin>108</ymin>
			<xmax>221</xmax>
			<ymax>300</ymax>
		</bndbox>
	</object>
	<object>
		<name>orange</name>
		<pose>Unspecified</pose>
		<truncated>0</truncated>
		<difficult>0</difficult>
		<bndbox>
			<xmin>225</xmin>
			<ymin>84</ymin>
			<xmax>407</xmax>
			<ymax>278</ymax>
		</bndbox>
	</object>
</annotation>
