<annotation>
	<folder>orange</folder>
	<filename>354.jpeg</filename>
	<path>C:\Users\BETSY\Desktop\tflite\train2\orange\354.jpeg</path>
	<source>
		<database>Unknown</database>
	</source>
	<size>
		<width>474</width>
		<height>349</height>
		<depth>3</depth>
	</size>
	<segmented>0</segmented>
	<object>
		<name>orange</name>
		<pose>Unspecified</pose>
		<truncated>0</truncated>
		<difficult>0</difficult>
		<bndbox>
			<xmin>94</xmin>
			<ymin>26</ymin>
			<xmax>281</xmax>
			<ymax>184</ymax>
		</bndbox>
	</object>
</annotation>
