<annotation>
	<folder>orange</folder>
	<filename>356.jpeg</filename>
	<path>C:\Users\BETSY\Desktop\tflite\train2\orange\356.jpeg</path>
	<source>
		<database>Unknown</database>
	</source>
	<size>
		<width>474</width>
		<height>316</height>
		<depth>3</depth>
	</size>
	<segmented>0</segmented>
	<object>
		<name>orange</name>
		<pose>Unspecified</pose>
		<truncated>0</truncated>
		<difficult>0</difficult>
		<bndbox>
			<xmin>223</xmin>
			<ymin>108</ymin>
			<xmax>369</xmax>
			<ymax>262</ymax>
		</bndbox>
	</object>
	<object>
		<name>orange</name>
		<pose>Unspecified</pose>
		<truncated>0</truncated>
		<difficult>0</difficult>
		<bndbox>
			<xmin>76</xmin>
			<ymin>138</ymin>
			<xmax>218</xmax>
			<ymax>264</ymax>
		</bndbox>
	</object>
</annotation>
