<annotation>
	<folder>orange</folder>
	<filename>358.jpeg</filename>
	<path>C:\Users\BETSY\Desktop\tflite\train2\orange\358.jpeg</path>
	<source>
		<database>Unknown</database>
	</source>
	<size>
		<width>474</width>
		<height>266</height>
		<depth>3</depth>
	</size>
	<segmented>0</segmented>
	<object>
		<name>orange</name>
		<pose>Unspecified</pose>
		<truncated>0</truncated>
		<difficult>0</difficult>
		<bndbox>
			<xmin>49</xmin>
			<ymin>52</ymin>
			<xmax>191</xmax>
			<ymax>197</ymax>
		</bndbox>
	</object>
	<object>
		<name>orange</name>
		<pose>Unspecified</pose>
		<truncated>0</truncated>
		<difficult>0</difficult>
		<bndbox>
			<xmin>220</xmin>
			<ymin>46</ymin>
			<xmax>357</xmax>
			<ymax>137</ymax>
		</bndbox>
	</object>
</annotation>
