<annotation>
	<folder>orange</folder>
	<filename>360.jpeg</filename>
	<path>C:\Users\BETSY\Desktop\tflite\train2\orange\360.jpeg</path>
	<source>
		<database>Unknown</database>
	</source>
	<size>
		<width>474</width>
		<height>433</height>
		<depth>3</depth>
	</size>
	<segmented>0</segmented>
	<object>
		<name>orange</name>
		<pose>Unspecified</pose>
		<truncated>0</truncated>
		<difficult>0</difficult>
		<bndbox>
			<xmin>148</xmin>
			<ymin>3</ymin>
			<xmax>375</xmax>
			<ymax>202</ymax>
		</bndbox>
	</object>
	<object>
		<name>orange</name>
		<pose>Unspecified</pose>
		<truncated>1</truncated>
		<difficult>0</difficult>
		<bndbox>
			<xmin>230</xmin>
			<ymin>183</ymin>
			<xmax>474</xmax>
			<ymax>431</ymax>
		</bndbox>
	</object>
	<object>
		<name>orange</name>
		<pose>Unspecified</pose>
		<truncated>1</truncated>
		<difficult>0</difficult>
		<bndbox>
			<xmin>1</xmin>
			<ymin>164</ymin>
			<xmax>230</xmax>
			<ymax>406</ymax>
		</bndbox>
	</object>
</annotation>
