<annotation>
	<folder>orange</folder>
	<filename>362.jpeg</filename>
	<path>C:\Users\BETSY\Desktop\tflite\train2\orange\362.jpeg</path>
	<source>
		<database>Unknown</database>
	</source>
	<size>
		<width>474</width>
		<height>379</height>
		<depth>3</depth>
	</size>
	<segmented>0</segmented>
	<object>
		<name>orange</name>
		<pose>Unspecified</pose>
		<truncated>0</truncated>
		<difficult>0</difficult>
		<bndbox>
			<xmin>8</xmin>
			<ymin>122</ymin>
			<xmax>176</xmax>
			<ymax>300</ymax>
		</bndbox>
	</object>
	<object>
		<name>orange</name>
		<pose>Unspecified</pose>
		<truncated>0</truncated>
		<difficult>0</difficult>
		<bndbox>
			<xmin>255</xmin>
			<ymin>114</ymin>
			<xmax>371</xmax>
			<ymax>218</ymax>
		</bndbox>
	</object>
</annotation>
