<annotation>
	<folder>orange</folder>
	<filename>366.jpeg</filename>
	<path>C:\Users\BETSY\Desktop\tflite\train2\orange\366.jpeg</path>
	<source>
		<database>Unknown</database>
	</source>
	<size>
		<width>474</width>
		<height>316</height>
		<depth>3</depth>
	</size>
	<segmented>0</segmented>
	<object>
		<name>orange</name>
		<pose>Unspecified</pose>
		<truncated>0</truncated>
		<difficult>0</difficult>
		<bndbox>
			<xmin>188</xmin>
			<ymin>109</ymin>
			<xmax>289</xmax>
			<ymax>209</ymax>
		</bndbox>
	</object>
</annotation>
