<annotation>
	<folder>orange</folder>
	<filename>369.jpeg</filename>
	<path>C:\Users\BETSY\Desktop\tflite\train2\orange\369.jpeg</path>
	<source>
		<database>Unknown</database>
	</source>
	<size>
		<width>474</width>
		<height>344</height>
		<depth>3</depth>
	</size>
	<segmented>0</segmented>
	<object>
		<name>orange</name>
		<pose>Unspecified</pose>
		<truncated>0</truncated>
		<difficult>0</difficult>
		<bndbox>
			<xmin>31</xmin>
			<ymin>66</ymin>
			<xmax>203</xmax>
			<ymax>214</ymax>
		</bndbox>
	</object>
	<object>
		<name>orange</name>
		<pose>Unspecified</pose>
		<truncated>1</truncated>
		<difficult>0</difficult>
		<bndbox>
			<xmin>330</xmin>
			<ymin>52</ymin>
			<xmax>474</xmax>
			<ymax>189</ymax>
		</bndbox>
	</object>
</annotation>
