<annotation>
	<folder>orange</folder>
	<filename>372.jpeg</filename>
	<path>C:\Users\BETSY\Desktop\tflite\train2\orange\372.jpeg</path>
	<source>
		<database>Unknown</database>
	</source>
	<size>
		<width>474</width>
		<height>355</height>
		<depth>3</depth>
	</size>
	<segmented>0</segmented>
	<object>
		<name>orange</name>
		<pose>Unspecified</pose>
		<truncated>0</truncated>
		<difficult>0</difficult>
		<bndbox>
			<xmin>93</xmin>
			<ymin>96</ymin>
			<xmax>321</xmax>
			<ymax>313</ymax>
		</bndbox>
	</object>
	<object>
		<name>orange</name>
		<pose>Unspecified</pose>
		<truncated>0</truncated>
		<difficult>0</difficult>
		<bndbox>
			<xmin>268</xmin>
			<ymin>33</ymin>
			<xmax>431</xmax>
			<ymax>197</ymax>
		</bndbox>
	</object>
</annotation>
