<annotation>
	<folder>orange</folder>
	<filename>374.jpeg</filename>
	<path>C:\Users\BETSY\Desktop\tflite\train2\orange\374.jpeg</path>
	<source>
		<database>Unknown</database>
	</source>
	<size>
		<width>474</width>
		<height>554</height>
		<depth>3</depth>
	</size>
	<segmented>0</segmented>
	<object>
		<name>orange</name>
		<pose>Unspecified</pose>
		<truncated>0</truncated>
		<difficult>0</difficult>
		<bndbox>
			<xmin>75</xmin>
			<ymin>131</ymin>
			<xmax>267</xmax>
			<ymax>270</ymax>
		</bndbox>
	</object>
	<object>
		<name>orange</name>
		<pose>Unspecified</pose>
		<truncated>0</truncated>
		<difficult>0</difficult>
		<bndbox>
			<xmin>264</xmin>
			<ymin>167</ymin>
			<xmax>451</xmax>
			<ymax>284</ymax>
		</bndbox>
	</object>
</annotation>
