<annotation>
	<folder>orange</folder>
	<filename>376.jpeg</filename>
	<path>C:\Users\BETSY\Desktop\tflite\train2\orange\376.jpeg</path>
	<source>
		<database>Unknown</database>
	</source>
	<size>
		<width>474</width>
		<height>590</height>
		<depth>3</depth>
	</size>
	<segmented>0</segmented>
	<object>
		<name>orange</name>
		<pose>Unspecified</pose>
		<truncated>0</truncated>
		<difficult>0</difficult>
		<bndbox>
			<xmin>113</xmin>
			<ymin>35</ymin>
			<xmax>339</xmax>
			<ymax>258</ymax>
		</bndbox>
	</object>
	<object>
		<name>orange</name>
		<pose>Unspecified</pose>
		<truncated>0</truncated>
		<difficult>0</difficult>
		<bndbox>
			<xmin>165</xmin>
			<ymin>326</ymin>
			<xmax>365</xmax>
			<ymax>521</ymax>
		</bndbox>
	</object>
</annotation>
