<annotation>
	<folder>orange</folder>
	<filename>378.jpeg</filename>
	<path>C:\Users\BETSY\Desktop\tflite\train2\orange\378.jpeg</path>
	<source>
		<database>Unknown</database>
	</source>
	<size>
		<width>474</width>
		<height>316</height>
		<depth>3</depth>
	</size>
	<segmented>0</segmented>
	<object>
		<name>orange</name>
		<pose>Unspecified</pose>
		<truncated>0</truncated>
		<difficult>0</difficult>
		<bndbox>
			<xmin>99</xmin>
			<ymin>10</ymin>
			<xmax>383</xmax>
			<ymax>272</ymax>
		</bndbox>
	</object>
</annotation>
