<annotation>
	<folder>train</folder>
	<filename>37lpt0f8f5uktvq6h6u2v.jpg</filename>
	<path>C:\tensorflow1\models\research\object_detection\images\train\37lpt0f8f5uktvq6h6u2v.jpg</path>
	<source>
		<database>Unknown</database>
	</source>
	<size>
		<width>800</width>
		<height>800</height>
		<depth>3</depth>
	</size>
	<segmented>0</segmented>
	<object>
		<name>nomask</name>
		<pose>Unspecified</pose>
		<truncated>0</truncated>
		<difficult>0</difficult>
		<bndbox>
			<xmin>337</xmin>
			<ymin>66</ymin>
			<xmax>527</xmax>
			<ymax>285</ymax>
		</bndbox>
	</object>
</annotation>
