<annotation>
	<folder>apple</folder>
	<filename>38.jpeg</filename>
	<path>C:\Users\BETSY\Desktop\tflite\train2\apple\38.jpeg</path>
	<source>
		<database>Unknown</database>
	</source>
	<size>
		<width>474</width>
		<height>316</height>
		<depth>3</depth>
	</size>
	<segmented>0</segmented>
	<object>
		<name>apple</name>
		<pose>Unspecified</pose>
		<truncated>0</truncated>
		<difficult>0</difficult>
		<bndbox>
			<xmin>147</xmin>
			<ymin>166</ymin>
			<xmax>276</xmax>
			<ymax>291</ymax>
		</bndbox>
	</object>
	<object>
		<name>apple</name>
		<pose>Unspecified</pose>
		<truncated>0</truncated>
		<difficult>0</difficult>
		<bndbox>
			<xmin>290</xmin>
			<ymin>31</ymin>
			<xmax>409</xmax>
			<ymax>144</ymax>
		</bndbox>
	</object>
</annotation>
