<annotation>
	<folder>orange</folder>
	<filename>380.jpeg</filename>
	<path>C:\Users\BETSY\Desktop\tflite\train2\orange\380.jpeg</path>
	<source>
		<database>Unknown</database>
	</source>
	<size>
		<width>474</width>
		<height>439</height>
		<depth>3</depth>
	</size>
	<segmented>0</segmented>
	<object>
		<name>orange</name>
		<pose>Unspecified</pose>
		<truncated>0</truncated>
		<difficult>0</difficult>
		<bndbox>
			<xmin>135</xmin>
			<ymin>108</ymin>
			<xmax>461</xmax>
			<ymax>413</ymax>
		</bndbox>
	</object>
	<object>
		<name>orange</name>
		<pose>Unspecified</pose>
		<truncated>0</truncated>
		<difficult>0</difficult>
		<bndbox>
			<xmin>7</xmin>
			<ymin>16</ymin>
			<xmax>269</xmax>
			<ymax>237</ymax>
		</bndbox>
	</object>
</annotation>
