<annotation>
	<folder>orange</folder>
	<filename>383.jpeg</filename>
	<path>C:\Users\BETSY\Desktop\tflite\train2\orange\383.jpeg</path>
	<source>
		<database>Unknown</database>
	</source>
	<size>
		<width>474</width>
		<height>468</height>
		<depth>3</depth>
	</size>
	<segmented>0</segmented>
	<object>
		<name>orange</name>
		<pose>Unspecified</pose>
		<truncated>1</truncated>
		<difficult>0</difficult>
		<bndbox>
			<xmin>2</xmin>
			<ymin>58</ymin>
			<xmax>407</xmax>
			<ymax>468</ymax>
		</bndbox>
	</object>
</annotation>
