<annotation>
	<folder>orange</folder>
	<filename>385.jpeg</filename>
	<path>C:\Users\BETSY\Desktop\tflite\train2\orange\385.jpeg</path>
	<source>
		<database>Unknown</database>
	</source>
	<size>
		<width>474</width>
		<height>474</height>
		<depth>3</depth>
	</size>
	<segmented>0</segmented>
	<object>
		<name>orange</name>
		<pose>Unspecified</pose>
		<truncated>0</truncated>
		<difficult>0</difficult>
		<bndbox>
			<xmin>66</xmin>
			<ymin>197</ymin>
			<xmax>288</xmax>
			<ymax>389</ymax>
		</bndbox>
	</object>
	<object>
		<name>orange</name>
		<pose>Unspecified</pose>
		<truncated>0</truncated>
		<difficult>0</difficult>
		<bndbox>
			<xmin>225</xmin>
			<ymin>154</ymin>
			<xmax>441</xmax>
			<ymax>334</ymax>
		</bndbox>
	</object>
	<object>
		<name>orange</name>
		<pose>Unspecified</pose>
		<truncated>0</truncated>
		<difficult>0</difficult>
		<bndbox>
			<xmin>45</xmin>
			<ymin>102</ymin>
			<xmax>261</xmax>
			<ymax>242</ymax>
		</bndbox>
	</object>
</annotation>
