<annotation>
	<folder>orange</folder>
	<filename>388.jpeg</filename>
	<path>C:\Users\BETSY\Desktop\tflite\train2\orange\388.jpeg</path>
	<source>
		<database>Unknown</database>
	</source>
	<size>
		<width>474</width>
		<height>316</height>
		<depth>3</depth>
	</size>
	<segmented>0</segmented>
	<object>
		<name>orange</name>
		<pose>Unspecified</pose>
		<truncated>0</truncated>
		<difficult>0</difficult>
		<bndbox>
			<xmin>11</xmin>
			<ymin>118</ymin>
			<xmax>153</xmax>
			<ymax>269</ymax>
		</bndbox>
	</object>
	<object>
		<name>orange</name>
		<pose>Unspecified</pose>
		<truncated>0</truncated>
		<difficult>0</difficult>
		<bndbox>
			<xmin>154</xmin>
			<ymin>91</ymin>
			<xmax>303</xmax>
			<ymax>258</ymax>
		</bndbox>
	</object>
	<object>
		<name>orange</name>
		<pose>Unspecified</pose>
		<truncated>0</truncated>
		<difficult>0</difficult>
		<bndbox>
			<xmin>304</xmin>
			<ymin>103</ymin>
			<xmax>464</xmax>
			<ymax>261</ymax>
		</bndbox>
	</object>
</annotation>
