<annotation>
	<folder>train</folder>
	<filename>39.jpeg</filename>
	<path>C:\Users\BETSY\Desktop\tflite\train\images\train\39.jpeg</path>
	<source>
		<database>Unknown</database>
	</source>
	<size>
		<width>213</width>
		<height>236</height>
		<depth>3</depth>
	</size>
	<segmented>0</segmented>
	<object>
		<name>apple</name>
		<pose>Unspecified</pose>
		<truncated>0</truncated>
		<difficult>0</difficult>
		<bndbox>
			<xmin>23</xmin>
			<ymin>26</ymin>
			<xmax>198</xmax>
			<ymax>225</ymax>
		</bndbox>
	</object>
</annotation>
