<annotation>
	<folder>orange</folder>
	<filename>391.jpeg</filename>
	<path>C:\Users\BETSY\Desktop\tflite\train2\orange\391.jpeg</path>
	<source>
		<database>Unknown</database>
	</source>
	<size>
		<width>474</width>
		<height>316</height>
		<depth>3</depth>
	</size>
	<segmented>0</segmented>
	<object>
		<name>orange</name>
		<pose>Unspecified</pose>
		<truncated>0</truncated>
		<difficult>0</difficult>
		<bndbox>
			<xmin>27</xmin>
			<ymin>69</ymin>
			<xmax>142</xmax>
			<ymax>194</ymax>
		</bndbox>
	</object>
	<object>
		<name>orange</name>
		<pose>Unspecified</pose>
		<truncated>0</truncated>
		<difficult>0</difficult>
		<bndbox>
			<xmin>76</xmin>
			<ymin>123</ymin>
			<xmax>230</xmax>
			<ymax>265</ymax>
		</bndbox>
	</object>
	<object>
		<name>orange</name>
		<pose>Unspecified</pose>
		<truncated>0</truncated>
		<difficult>0</difficult>
		<bndbox>
			<xmin>233</xmin>
			<ymin>97</ymin>
			<xmax>393</xmax>
			<ymax>256</ymax>
		</bndbox>
	</object>
</annotation>
