<annotation>
	<folder>orange</folder>
	<filename>392.jpeg</filename>
	<path>C:\Users\BETSY\Desktop\tflite\train2\orange\392.jpeg</path>
	<source>
		<database>Unknown</database>
	</source>
	<size>
		<width>474</width>
		<height>496</height>
		<depth>3</depth>
	</size>
	<segmented>0</segmented>
	<object>
		<name>orange</name>
		<pose>Unspecified</pose>
		<truncated>0</truncated>
		<difficult>0</difficult>
		<bndbox>
			<xmin>103</xmin>
			<ymin>6</ymin>
			<xmax>378</xmax>
			<ymax>236</ymax>
		</bndbox>
	</object>
</annotation>
