<annotation>
	<folder>train</folder>
	<filename>3et8i307myc9w3xtj1n63i.jpg</filename>
	<path>C:\tensorflow1\models\research\object_detection\images\train\3et8i307myc9w3xtj1n63i.jpg</path>
	<source>
		<database>Unknown</database>
	</source>
	<size>
		<width>800</width>
		<height>800</height>
		<depth>3</depth>
	</size>
	<segmented>0</segmented>
	<object>
		<name>nomask</name>
		<pose>Unspecified</pose>
		<truncated>1</truncated>
		<difficult>0</difficult>
		<bndbox>
			<xmin>286</xmin>
			<ymin>1</ymin>
			<xmax>480</xmax>
			<ymax>161</ymax>
		</bndbox>
	</object>
</annotation>
