<annotation>
	<folder>train</folder>
	<filename>3fi6hw3wrmctcqvqucz70b.jpg</filename>
	<path>C:\tensorflow1\models\research\object_detection\images\train\3fi6hw3wrmctcqvqucz70b.jpg</path>
	<source>
		<database>Unknown</database>
	</source>
	<size>
		<width>800</width>
		<height>800</height>
		<depth>3</depth>
	</size>
	<segmented>0</segmented>
	<object>
		<name>nomask</name>
		<pose>Unspecified</pose>
		<truncated>1</truncated>
		<difficult>0</difficult>
		<bndbox>
			<xmin>46</xmin>
			<ymin>160</ymin>
			<xmax>734</xmax>
			<ymax>800</ymax>
		</bndbox>
	</object>
</annotation>
