<annotation>
	<folder>train</folder>
	<filename>3fsmxhqflkm4x24b2qrxmf.jpg</filename>
	<path>C:\tensorflow1\models\research\object_detection\images\train\3fsmxhqflkm4x24b2qrxmf.jpg</path>
	<source>
		<database>Unknown</database>
	</source>
	<size>
		<width>800</width>
		<height>800</height>
		<depth>3</depth>
	</size>
	<segmented>0</segmented>
	<object>
		<name>nomask</name>
		<pose>Unspecified</pose>
		<truncated>0</truncated>
		<difficult>0</difficult>
		<bndbox>
			<xmin>302</xmin>
			<ymin>494</ymin>
			<xmax>426</xmax>
			<ymax>629</ymax>
		</bndbox>
	</object>
	<object>
		<name>nomask</name>
		<pose>Unspecified</pose>
		<truncated>0</truncated>
		<difficult>0</difficult>
		<bndbox>
			<xmin>680</xmin>
			<ymin>102</ymin>
			<xmax>799</xmax>
			<ymax>245</ymax>
		</bndbox>
	</object>
</annotation>
