<annotation>
	<folder>train</folder>
	<filename>3orreritnq4sght0xpo39.jpg</filename>
	<path>C:\tensorflow1\models\research\object_detection\images\train\3orreritnq4sght0xpo39.jpg</path>
	<source>
		<database>Unknown</database>
	</source>
	<size>
		<width>800</width>
		<height>800</height>
		<depth>3</depth>
	</size>
	<segmented>0</segmented>
	<object>
		<name>nomask</name>
		<pose>Unspecified</pose>
		<truncated>0</truncated>
		<difficult>0</difficult>
		<bndbox>
			<xmin>297</xmin>
			<ymin>233</ymin>
			<xmax>429</xmax>
			<ymax>380</ymax>
		</bndbox>
	</object>
	<object>
		<name>nomask</name>
		<pose>Unspecified</pose>
		<truncated>0</truncated>
		<difficult>0</difficult>
		<bndbox>
			<xmin>541</xmin>
			<ymin>227</ymin>
			<xmax>680</xmax>
			<ymax>363</ymax>
		</bndbox>
	</object>
</annotation>
