<annotation>
	<folder>train</folder>
	<filename>3s3kxwxxt4xa3c62jotmf.jpg</filename>
	<path>C:\tensorflow1\models\research\object_detection\images\train\3s3kxwxxt4xa3c62jotmf.jpg</path>
	<source>
		<database>Unknown</database>
	</source>
	<size>
		<width>800</width>
		<height>800</height>
		<depth>3</depth>
	</size>
	<segmented>0</segmented>
	<object>
		<name>nomask</name>
		<pose>Unspecified</pose>
		<truncated>0</truncated>
		<difficult>0</difficult>
		<bndbox>
			<xmin>266</xmin>
			<ymin>206</ymin>
			<xmax>550</xmax>
			<ymax>461</ymax>
		</bndbox>
	</object>
</annotation>
