<annotation>
	<folder>train</folder>
	<filename>3vnq79093zb49eddue5l5k.jpg</filename>
	<path>C:\tensorflow1\models\research\object_detection\images\train\3vnq79093zb49eddue5l5k.jpg</path>
	<source>
		<database>Unknown</database>
	</source>
	<size>
		<width>800</width>
		<height>800</height>
		<depth>3</depth>
	</size>
	<segmented>0</segmented>
	<object>
		<name>nomask</name>
		<pose>Unspecified</pose>
		<truncated>0</truncated>
		<difficult>0</difficult>
		<bndbox>
			<xmin>239</xmin>
			<ymin>129</ymin>
			<xmax>638</xmax>
			<ymax>556</ymax>
		</bndbox>
	</object>
</annotation>
