<annotation>
	<folder>orange</folder>
	<filename>400.jpeg</filename>
	<path>C:\Users\BETSY\Desktop\tflite\train2\orange\400.jpeg</path>
	<source>
		<database>Unknown</database>
	</source>
	<size>
		<width>474</width>
		<height>311</height>
		<depth>3</depth>
	</size>
	<segmented>0</segmented>
	<object>
		<name>orange</name>
		<pose>Unspecified</pose>
		<truncated>0</truncated>
		<difficult>0</difficult>
		<bndbox>
			<xmin>116</xmin>
			<ymin>99</ymin>
			<xmax>277</xmax>
			<ymax>259</ymax>
		</bndbox>
	</object>
	<object>
		<name>orange</name>
		<pose>Unspecified</pose>
		<truncated>0</truncated>
		<difficult>0</difficult>
		<bndbox>
			<xmin>280</xmin>
			<ymin>79</ymin>
			<xmax>449</xmax>
			<ymax>258</ymax>
		</bndbox>
	</object>
</annotation>
