<annotation>
	<folder>orange</folder>
	<filename>403.jpeg</filename>
	<path>C:\Users\BETSY\Desktop\tflite\train2\orange\403.jpeg</path>
	<source>
		<database>Unknown</database>
	</source>
	<size>
		<width>474</width>
		<height>355</height>
		<depth>3</depth>
	</size>
	<segmented>0</segmented>
	<object>
		<name>orange</name>
		<pose>Unspecified</pose>
		<truncated>0</truncated>
		<difficult>0</difficult>
		<bndbox>
			<xmin>104</xmin>
			<ymin>247</ymin>
			<xmax>203</xmax>
			<ymax>341</ymax>
		</bndbox>
	</object>
	<object>
		<name>orange</name>
		<pose>Unspecified</pose>
		<truncated>0</truncated>
		<difficult>0</difficult>
		<bndbox>
			<xmin>286</xmin>
			<ymin>118</ymin>
			<xmax>361</xmax>
			<ymax>200</ymax>
		</bndbox>
	</object>
</annotation>
