<annotation>
	<folder>orange</folder>
	<filename>404.jpeg</filename>
	<path>C:\Users\BETSY\Desktop\tflite\train2\orange\404.jpeg</path>
	<source>
		<database>Unknown</database>
	</source>
	<size>
		<width>474</width>
		<height>367</height>
		<depth>3</depth>
	</size>
	<segmented>0</segmented>
	<object>
		<name>orange</name>
		<pose>Unspecified</pose>
		<truncated>0</truncated>
		<difficult>0</difficult>
		<bndbox>
			<xmin>26</xmin>
			<ymin>132</ymin>
			<xmax>244</xmax>
			<ymax>356</ymax>
		</bndbox>
	</object>
	<object>
		<name>orange</name>
		<pose>Unspecified</pose>
		<truncated>0</truncated>
		<difficult>0</difficult>
		<bndbox>
			<xmin>239</xmin>
			<ymin>104</ymin>
			<xmax>464</xmax>
			<ymax>317</ymax>
		</bndbox>
	</object>
	<object>
		<name>orange</name>
		<pose>Unspecified</pose>
		<truncated>0</truncated>
		<difficult>0</difficult>
		<bndbox>
			<xmin>72</xmin>
			<ymin>12</ymin>
			<xmax>281</xmax>
			<ymax>160</ymax>
		</bndbox>
	</object>
</annotation>
