<annotation>
	<folder>orange</folder>
	<filename>405.jpeg</filename>
	<path>C:\Users\BETSY\Desktop\tflite\train2\orange\405.jpeg</path>
	<source>
		<database>Unknown</database>
	</source>
	<size>
		<width>474</width>
		<height>355</height>
		<depth>3</depth>
	</size>
	<segmented>0</segmented>
	<object>
		<name>orange</name>
		<pose>Unspecified</pose>
		<truncated>0</truncated>
		<difficult>0</difficult>
		<bndbox>
			<xmin>135</xmin>
			<ymin>123</ymin>
			<xmax>328</xmax>
			<ymax>322</ymax>
		</bndbox>
	</object>
	<object>
		<name>orange</name>
		<pose>Unspecified</pose>
		<truncated>0</truncated>
		<difficult>0</difficult>
		<bndbox>
			<xmin>252</xmin>
			<ymin>42</ymin>
			<xmax>415</xmax>
			<ymax>181</ymax>
		</bndbox>
	</object>
	<object>
		<name>orange</name>
		<pose>Unspecified</pose>
		<truncated>0</truncated>
		<difficult>0</difficult>
		<bndbox>
			<xmin>88</xmin>
			<ymin>41</ymin>
			<xmax>240</xmax>
			<ymax>157</ymax>
		</bndbox>
	</object>
</annotation>
