<annotation>
	<folder>orange</folder>
	<filename>408.jpeg</filename>
	<path>C:\Users\BETSY\Desktop\tflite\train2\orange\408.jpeg</path>
	<source>
		<database>Unknown</database>
	</source>
	<size>
		<width>320</width>
		<height>320</height>
		<depth>3</depth>
	</size>
	<segmented>0</segmented>
	<object>
		<name>orange</name>
		<pose>Unspecified</pose>
		<truncated>0</truncated>
		<difficult>0</difficult>
		<bndbox>
			<xmin>31</xmin>
			<ymin>24</ymin>
			<xmax>289</xmax>
			<ymax>291</ymax>
		</bndbox>
	</object>
</annotation>
