<annotation>
	<folder>orange</folder>
	<filename>409.jpeg</filename>
	<path>C:\Users\BETSY\Desktop\tflite\train2\orange\409.jpeg</path>
	<source>
		<database>Unknown</database>
	</source>
	<size>
		<width>474</width>
		<height>643</height>
		<depth>3</depth>
	</size>
	<segmented>0</segmented>
	<object>
		<name>orange</name>
		<pose>Unspecified</pose>
		<truncated>0</truncated>
		<difficult>0</difficult>
		<bndbox>
			<xmin>14</xmin>
			<ymin>59</ymin>
			<xmax>199</xmax>
			<ymax>237</ymax>
		</bndbox>
	</object>
	<object>
		<name>orange</name>
		<pose>Unspecified</pose>
		<truncated>0</truncated>
		<difficult>0</difficult>
		<bndbox>
			<xmin>209</xmin>
			<ymin>268</ymin>
			<xmax>398</xmax>
			<ymax>457</ymax>
		</bndbox>
	</object>
	<object>
		<name>orange</name>
		<pose>Unspecified</pose>
		<truncated>0</truncated>
		<difficult>0</difficult>
		<bndbox>
			<xmin>101</xmin>
			<ymin>397</ymin>
			<xmax>294</xmax>
			<ymax>583</ymax>
		</bndbox>
	</object>
</annotation>
