<annotation>
	<folder>orange</folder>
	<filename>413.jpeg</filename>
	<path>C:\Users\BETSY\Desktop\tflite\train2\orange\413.jpeg</path>
	<source>
		<database>Unknown</database>
	</source>
	<size>
		<width>435</width>
		<height>572</height>
		<depth>3</depth>
	</size>
	<segmented>0</segmented>
	<object>
		<name>orange</name>
		<pose>Unspecified</pose>
		<truncated>0</truncated>
		<difficult>0</difficult>
		<bndbox>
			<xmin>170</xmin>
			<ymin>139</ymin>
			<xmax>398</xmax>
			<ymax>339</ymax>
		</bndbox>
	</object>
	<object>
		<name>orange</name>
		<pose>Unspecified</pose>
		<truncated>0</truncated>
		<difficult>0</difficult>
		<bndbox>
			<xmin>54</xmin>
			<ymin>307</ymin>
			<xmax>273</xmax>
			<ymax>513</ymax>
		</bndbox>
	</object>
	<object>
		<name>orange</name>
		<pose>Unspecified</pose>
		<truncated>1</truncated>
		<difficult>0</difficult>
		<bndbox>
			<xmin>105</xmin>
			<ymin>434</ymin>
			<xmax>345</xmax>
			<ymax>572</ymax>
		</bndbox>
	</object>
	<object>
		<name>orange</name>
		<pose>Unspecified</pose>
		<truncated>1</truncated>
		<difficult>0</difficult>
		<bndbox>
			<xmin>9</xmin>
			<ymin>1</ymin>
			<xmax>243</xmax>
			<ymax>103</ymax>
		</bndbox>
	</object>
</annotation>
