<annotation>
	<folder>train</folder>
	<filename>41ilmk69rhd6o9i3mnyl0x.jpg</filename>
	<path>C:\tensorflow1\models\research\object_detection\images\train\41ilmk69rhd6o9i3mnyl0x.jpg</path>
	<source>
		<database>Unknown</database>
	</source>
	<size>
		<width>800</width>
		<height>800</height>
		<depth>3</depth>
	</size>
	<segmented>0</segmented>
	<object>
		<name>nomask</name>
		<pose>Unspecified</pose>
		<truncated>0</truncated>
		<difficult>0</difficult>
		<bndbox>
			<xmin>123</xmin>
			<ymin>94</ymin>
			<xmax>705</xmax>
			<ymax>690</ymax>
		</bndbox>
	</object>
</annotation>
