<annotation>
	<folder>train</folder>
	<filename>42.jpeg</filename>
	<path>C:\Users\BETSY\Desktop\tflite\train\images\train\42.jpeg</path>
	<source>
		<database>Unknown</database>
	</source>
	<size>
		<width>224</width>
		<height>224</height>
		<depth>3</depth>
	</size>
	<segmented>0</segmented>
	<object>
		<name>apple</name>
		<pose>Unspecified</pose>
		<truncated>0</truncated>
		<difficult>0</difficult>
		<bndbox>
			<xmin>111</xmin>
			<ymin>67</ymin>
			<xmax>205</xmax>
			<ymax>169</ymax>
		</bndbox>
	</object>
	<object>
		<name>apple</name>
		<pose>Unspecified</pose>
		<truncated>0</truncated>
		<difficult>0</difficult>
		<bndbox>
			<xmin>7</xmin>
			<ymin>70</ymin>
			<xmax>112</xmax>
			<ymax>173</ymax>
		</bndbox>
	</object>
</annotation>
