<annotation>
	<folder>apple</folder>
	<filename>42.jpeg</filename>
	<path>C:\Users\BETSY\Desktop\tflite\train2\apple\42.jpeg</path>
	<source>
		<database>Unknown</database>
	</source>
	<size>
		<width>474</width>
		<height>428</height>
		<depth>3</depth>
	</size>
	<segmented>0</segmented>
	<object>
		<name>apple</name>
		<pose>Unspecified</pose>
		<truncated>1</truncated>
		<difficult>0</difficult>
		<bndbox>
			<xmin>1</xmin>
			<ymin>3</ymin>
			<xmax>472</xmax>
			<ymax>420</ymax>
		</bndbox>
	</object>
</annotation>
