<annotation>
	<folder>orange</folder>
	<filename>420.jpeg</filename>
	<path>C:\Users\BETSY\Desktop\tflite\train2\orange\420.jpeg</path>
	<source>
		<database>Unknown</database>
	</source>
	<size>
		<width>250</width>
		<height>166</height>
		<depth>3</depth>
	</size>
	<segmented>0</segmented>
	<object>
		<name>orange</name>
		<pose>Unspecified</pose>
		<truncated>1</truncated>
		<difficult>0</difficult>
		<bndbox>
			<xmin>1</xmin>
			<ymin>1</ymin>
			<xmax>107</xmax>
			<ymax>111</ymax>
		</bndbox>
	</object>
</annotation>
