<annotation>
	<folder>orange</folder>
	<filename>425.jpeg</filename>
	<path>C:\Users\BETSY\Desktop\tflite\train2\orange\425.jpeg</path>
	<source>
		<database>Unknown</database>
	</source>
	<size>
		<width>350</width>
		<height>350</height>
		<depth>3</depth>
	</size>
	<segmented>0</segmented>
	<object>
		<name>orange</name>
		<pose>Unspecified</pose>
		<truncated>0</truncated>
		<difficult>0</difficult>
		<bndbox>
			<xmin>150</xmin>
			<ymin>213</ymin>
			<xmax>263</xmax>
			<ymax>348</ymax>
		</bndbox>
	</object>
	<object>
		<name>orange</name>
		<pose>Unspecified</pose>
		<truncated>0</truncated>
		<difficult>0</difficult>
		<bndbox>
			<xmin>49</xmin>
			<ymin>74</ymin>
			<xmax>184</xmax>
			<ymax>207</ymax>
		</bndbox>
	</object>
</annotation>
