<annotation>
	<folder>apple</folder>
	<filename>43.jpeg</filename>
	<path>C:\Users\BETSY\Desktop\tflite\train2\apple\43.jpeg</path>
	<source>
		<database>Unknown</database>
	</source>
	<size>
		<width>474</width>
		<height>316</height>
		<depth>3</depth>
	</size>
	<segmented>0</segmented>
	<object>
		<name>apple</name>
		<pose>Unspecified</pose>
		<truncated>0</truncated>
		<difficult>0</difficult>
		<bndbox>
			<xmin>89</xmin>
			<ymin>113</ymin>
			<xmax>255</xmax>
			<ymax>305</ymax>
		</bndbox>
	</object>
	<object>
		<name>apple</name>
		<pose>Unspecified</pose>
		<truncated>0</truncated>
		<difficult>0</difficult>
		<bndbox>
			<xmin>259</xmin>
			<ymin>106</ymin>
			<xmax>434</xmax>
			<ymax>278</ymax>
		</bndbox>
	</object>
	<object>
		<name>apple</name>
		<pose>Unspecified</pose>
		<truncated>0</truncated>
		<difficult>0</difficult>
		<bndbox>
			<xmin>210</xmin>
			<ymin>62</ymin>
			<xmax>362</xmax>
			<ymax>138</ymax>
		</bndbox>
	</object>
</annotation>
