<annotation>
	<folder>orange</folder>
	<filename>434.jpeg</filename>
	<path>C:\Users\BETSY\Desktop\tflite\train2\orange\434.jpeg</path>
	<source>
		<database>Unknown</database>
	</source>
	<size>
		<width>474</width>
		<height>316</height>
		<depth>3</depth>
	</size>
	<segmented>0</segmented>
	<object>
		<name>orange</name>
		<pose>Unspecified</pose>
		<truncated>0</truncated>
		<difficult>0</difficult>
		<bndbox>
			<xmin>43</xmin>
			<ymin>75</ymin>
			<xmax>187</xmax>
			<ymax>210</ymax>
		</bndbox>
	</object>
	<object>
		<name>orange</name>
		<pose>Unspecified</pose>
		<truncated>0</truncated>
		<difficult>0</difficult>
		<bndbox>
			<xmin>188</xmin>
			<ymin>95</ymin>
			<xmax>315</xmax>
			<ymax>235</ymax>
		</bndbox>
	</object>
	<object>
		<name>orange</name>
		<pose>Unspecified</pose>
		<truncated>0</truncated>
		<difficult>0</difficult>
		<bndbox>
			<xmin>314</xmin>
			<ymin>104</ymin>
			<xmax>440</xmax>
			<ymax>236</ymax>
		</bndbox>
	</object>
</annotation>
