<annotation>
	<folder>orange</folder>
	<filename>435.jpeg</filename>
	<path>C:\Users\BETSY\Desktop\tflite\train2\orange\435.jpeg</path>
	<source>
		<database>Unknown</database>
	</source>
	<size>
		<width>474</width>
		<height>315</height>
		<depth>3</depth>
	</size>
	<segmented>0</segmented>
	<object>
		<name>orange</name>
		<pose>Unspecified</pose>
		<truncated>0</truncated>
		<difficult>0</difficult>
		<bndbox>
			<xmin>178</xmin>
			<ymin>61</ymin>
			<xmax>304</xmax>
			<ymax>188</ymax>
		</bndbox>
	</object>
	<object>
		<name>orange</name>
		<pose>Unspecified</pose>
		<truncated>0</truncated>
		<difficult>0</difficult>
		<bndbox>
			<xmin>243</xmin>
			<ymin>165</ymin>
			<xmax>358</xmax>
			<ymax>252</ymax>
		</bndbox>
	</object>
	<object>
		<name>orange</name>
		<pose>Unspecified</pose>
		<truncated>0</truncated>
		<difficult>0</difficult>
		<bndbox>
			<xmin>103</xmin>
			<ymin>149</ymin>
			<xmax>229</xmax>
			<ymax>258</ymax>
		</bndbox>
	</object>
</annotation>
