<annotation>
	<folder>orange</folder>
	<filename>436.jpeg</filename>
	<path>C:\Users\BETSY\Desktop\tflite\train2\orange\436.jpeg</path>
	<source>
		<database>Unknown</database>
	</source>
	<size>
		<width>474</width>
		<height>356</height>
		<depth>3</depth>
	</size>
	<segmented>0</segmented>
	<object>
		<name>orange</name>
		<pose>Unspecified</pose>
		<truncated>0</truncated>
		<difficult>0</difficult>
		<bndbox>
			<xmin>137</xmin>
			<ymin>152</ymin>
			<xmax>283</xmax>
			<ymax>274</ymax>
		</bndbox>
	</object>
	<object>
		<name>orange</name>
		<pose>Unspecified</pose>
		<truncated>0</truncated>
		<difficult>0</difficult>
		<bndbox>
			<xmin>307</xmin>
			<ymin>116</ymin>
			<xmax>444</xmax>
			<ymax>242</ymax>
		</bndbox>
	</object>
	<object>
		<name>orange</name>
		<pose>Unspecified</pose>
		<truncated>0</truncated>
		<difficult>0</difficult>
		<bndbox>
			<xmin>169</xmin>
			<ymin>16</ymin>
			<xmax>299</xmax>
			<ymax>96</ymax>
		</bndbox>
	</object>
</annotation>
