<annotation>
	<folder>orange</folder>
	<filename>437.jpeg</filename>
	<path>C:\Users\BETSY\Desktop\tflite\train2\orange\437.jpeg</path>
	<source>
		<database>Unknown</database>
	</source>
	<size>
		<width>474</width>
		<height>842</height>
		<depth>3</depth>
	</size>
	<segmented>0</segmented>
	<object>
		<name>orange</name>
		<pose>Unspecified</pose>
		<truncated>0</truncated>
		<difficult>0</difficult>
		<bndbox>
			<xmin>20</xmin>
			<ymin>216</ymin>
			<xmax>164</xmax>
			<ymax>358</ymax>
		</bndbox>
	</object>
	<object>
		<name>orange</name>
		<pose>Unspecified</pose>
		<truncated>0</truncated>
		<difficult>0</difficult>
		<bndbox>
			<xmin>114</xmin>
			<ymin>664</ymin>
			<xmax>264</xmax>
			<ymax>817</ymax>
		</bndbox>
	</object>
	<object>
		<name>orange</name>
		<pose>Unspecified</pose>
		<truncated>0</truncated>
		<difficult>0</difficult>
		<bndbox>
			<xmin>283</xmin>
			<ymin>124</ymin>
			<xmax>442</xmax>
			<ymax>280</ymax>
		</bndbox>
	</object>
</annotation>
