<annotation>
	<folder>train</folder>
	<filename>43hezi5y5gmjlhyzh0c7x.jpg</filename>
	<path>C:\tensorflow1\models\research\object_detection\images\train\43hezi5y5gmjlhyzh0c7x.jpg</path>
	<source>
		<database>Unknown</database>
	</source>
	<size>
		<width>800</width>
		<height>800</height>
		<depth>3</depth>
	</size>
	<segmented>0</segmented>
	<object>
		<name>mask</name>
		<pose>Unspecified</pose>
		<truncated>0</truncated>
		<difficult>0</difficult>
		<bndbox>
			<xmin>594</xmin>
			<ymin>176</ymin>
			<xmax>764</xmax>
			<ymax>338</ymax>
		</bndbox>
	</object>
</annotation>
