<annotation>
	<folder>apple</folder>
	<filename>44.jpeg</filename>
	<path>C:\Users\BETSY\Desktop\tflite\train2\apple\44.jpeg</path>
	<source>
		<database>Unknown</database>
	</source>
	<size>
		<width>474</width>
		<height>355</height>
		<depth>3</depth>
	</size>
	<segmented>0</segmented>
	<object>
		<name>apple</name>
		<pose>Unspecified</pose>
		<truncated>0</truncated>
		<difficult>0</difficult>
		<bndbox>
			<xmin>111</xmin>
			<ymin>95</ymin>
			<xmax>360</xmax>
			<ymax>338</ymax>
		</bndbox>
	</object>
</annotation>
