<annotation>
	<folder>orange</folder>
	<filename>442.jpeg</filename>
	<path>C:\Users\BETSY\Desktop\tflite\train2\orange\442.jpeg</path>
	<source>
		<database>Unknown</database>
	</source>
	<size>
		<width>474</width>
		<height>296</height>
		<depth>3</depth>
	</size>
	<segmented>0</segmented>
	<object>
		<name>orange</name>
		<pose>Unspecified</pose>
		<truncated>0</truncated>
		<difficult>0</difficult>
		<bndbox>
			<xmin>223</xmin>
			<ymin>40</ymin>
			<xmax>421</xmax>
			<ymax>247</ymax>
		</bndbox>
	</object>
	<object>
		<name>orange</name>
		<pose>Unspecified</pose>
		<truncated>1</truncated>
		<difficult>0</difficult>
		<bndbox>
			<xmin>71</xmin>
			<ymin>1</ymin>
			<xmax>254</xmax>
			<ymax>128</ymax>
		</bndbox>
	</object>
</annotation>
