<annotation>
	<folder>orange</folder>
	<filename>444.jpeg</filename>
	<path>C:\Users\BETSY\Desktop\tflite\train2\orange\444.jpeg</path>
	<source>
		<database>Unknown</database>
	</source>
	<size>
		<width>474</width>
		<height>592</height>
		<depth>3</depth>
	</size>
	<segmented>0</segmented>
	<object>
		<name>orange</name>
		<pose>Unspecified</pose>
		<truncated>0</truncated>
		<difficult>0</difficult>
		<bndbox>
			<xmin>48</xmin>
			<ymin>243</ymin>
			<xmax>219</xmax>
			<ymax>384</ymax>
		</bndbox>
	</object>
	<object>
		<name>orange</name>
		<pose>Unspecified</pose>
		<truncated>0</truncated>
		<difficult>0</difficult>
		<bndbox>
			<xmin>130</xmin>
			<ymin>282</ymin>
			<xmax>337</xmax>
			<ymax>491</ymax>
		</bndbox>
	</object>
	<object>
		<name>orange</name>
		<pose>Unspecified</pose>
		<truncated>0</truncated>
		<difficult>0</difficult>
		<bndbox>
			<xmin>250</xmin>
			<ymin>236</ymin>
			<xmax>425</xmax>
			<ymax>429</ymax>
		</bndbox>
	</object>
</annotation>
