<annotation>
	<folder>orange</folder>
	<filename>448.jpeg</filename>
	<path>C:\Users\BETSY\Desktop\tflite\train2\orange\448.jpeg</path>
	<source>
		<database>Unknown</database>
	</source>
	<size>
		<width>474</width>
		<height>315</height>
		<depth>3</depth>
	</size>
	<segmented>0</segmented>
	<object>
		<name>orange</name>
		<pose>Unspecified</pose>
		<truncated>0</truncated>
		<difficult>0</difficult>
		<bndbox>
			<xmin>27</xmin>
			<ymin>33</ymin>
			<xmax>213</xmax>
			<ymax>165</ymax>
		</bndbox>
	</object>
	<object>
		<name>orange</name>
		<pose>Unspecified</pose>
		<truncated>0</truncated>
		<difficult>0</difficult>
		<bndbox>
			<xmin>208</xmin>
			<ymin>40</ymin>
			<xmax>391</xmax>
			<ymax>235</ymax>
		</bndbox>
	</object>
</annotation>
