<annotation>
	<folder>train</folder>
	<filename>45.jpeg</filename>
	<path>C:\Users\BETSY\Desktop\tflite\train\images\train\45.jpeg</path>
	<source>
		<database>Unknown</database>
	</source>
	<size>
		<width>250</width>
		<height>202</height>
		<depth>3</depth>
	</size>
	<segmented>0</segmented>
	<object>
		<name>apple</name>
		<pose>Unspecified</pose>
		<truncated>0</truncated>
		<difficult>0</difficult>
		<bndbox>
			<xmin>32</xmin>
			<ymin>8</ymin>
			<xmax>211</xmax>
			<ymax>187</ymax>
		</bndbox>
	</object>
</annotation>
