<annotation>
	<folder>orange</folder>
	<filename>450.jpeg</filename>
	<path>C:\Users\BETSY\Desktop\tflite\train2\orange\450.jpeg</path>
	<source>
		<database>Unknown</database>
	</source>
	<size>
		<width>175</width>
		<height>131</height>
		<depth>3</depth>
	</size>
	<segmented>0</segmented>
	<object>
		<name>orange</name>
		<pose>Unspecified</pose>
		<truncated>0</truncated>
		<difficult>0</difficult>
		<bndbox>
			<xmin>33</xmin>
			<ymin>16</ymin>
			<xmax>136</xmax>
			<ymax>120</ymax>
		</bndbox>
	</object>
</annotation>
