<annotation>
	<folder>orange</folder>
	<filename>451.jpeg</filename>
	<path>C:\Users\BETSY\Desktop\tflite\train2\orange\451.jpeg</path>
	<source>
		<database>Unknown</database>
	</source>
	<size>
		<width>474</width>
		<height>529</height>
		<depth>3</depth>
	</size>
	<segmented>0</segmented>
	<object>
		<name>orange</name>
		<pose>Unspecified</pose>
		<truncated>1</truncated>
		<difficult>0</difficult>
		<bndbox>
			<xmin>9</xmin>
			<ymin>1</ymin>
			<xmax>342</xmax>
			<ymax>192</ymax>
		</bndbox>
	</object>
	<object>
		<name>orange</name>
		<pose>Unspecified</pose>
		<truncated>1</truncated>
		<difficult>0</difficult>
		<bndbox>
			<xmin>119</xmin>
			<ymin>164</ymin>
			<xmax>472</xmax>
			<ymax>529</ymax>
		</bndbox>
	</object>
</annotation>
