<annotation>
	<folder>orange</folder>
	<filename>452.jpeg</filename>
	<path>C:\Users\BETSY\Desktop\tflite\train2\orange\452.jpeg</path>
	<source>
		<database>Unknown</database>
	</source>
	<size>
		<width>474</width>
		<height>355</height>
		<depth>3</depth>
	</size>
	<segmented>0</segmented>
	<object>
		<name>orange</name>
		<pose>Unspecified</pose>
		<truncated>1</truncated>
		<difficult>0</difficult>
		<bndbox>
			<xmin>199</xmin>
			<ymin>165</ymin>
			<xmax>474</xmax>
			<ymax>354</ymax>
		</bndbox>
	</object>
	<object>
		<name>orange</name>
		<pose>Unspecified</pose>
		<truncated>0</truncated>
		<difficult>0</difficult>
		<bndbox>
			<xmin>135</xmin>
			<ymin>32</ymin>
			<xmax>391</xmax>
			<ymax>177</ymax>
		</bndbox>
	</object>
	<object>
		<name>orange</name>
		<pose>Unspecified</pose>
		<truncated>1</truncated>
		<difficult>0</difficult>
		<bndbox>
			<xmin>1</xmin>
			<ymin>72</ymin>
			<xmax>213</xmax>
			<ymax>355</ymax>
		</bndbox>
	</object>
</annotation>
