<annotation>
	<folder>orange</folder>
	<filename>453.jpeg</filename>
	<path>C:\Users\BETSY\Desktop\tflite\train2\orange\453.jpeg</path>
	<source>
		<database>Unknown</database>
	</source>
	<size>
		<width>474</width>
		<height>323</height>
		<depth>3</depth>
	</size>
	<segmented>0</segmented>
	<object>
		<name>orange</name>
		<pose>Unspecified</pose>
		<truncated>0</truncated>
		<difficult>0</difficult>
		<bndbox>
			<xmin>170</xmin>
			<ymin>88</ymin>
			<xmax>397</xmax>
			<ymax>317</ymax>
		</bndbox>
	</object>
	<object>
		<name>orange</name>
		<pose>Unspecified</pose>
		<truncated>0</truncated>
		<difficult>0</difficult>
		<bndbox>
			<xmin>13</xmin>
			<ymin>51</ymin>
			<xmax>210</xmax>
			<ymax>271</ymax>
		</bndbox>
	</object>
</annotation>
