<annotation>
	<folder>orange</folder>
	<filename>454.jpeg</filename>
	<path>C:\Users\BETSY\Desktop\tflite\train2\orange\454.jpeg</path>
	<source>
		<database>Unknown</database>
	</source>
	<size>
		<width>474</width>
		<height>592</height>
		<depth>3</depth>
	</size>
	<segmented>0</segmented>
	<object>
		<name>orange</name>
		<pose>Unspecified</pose>
		<truncated>0</truncated>
		<difficult>0</difficult>
		<bndbox>
			<xmin>197</xmin>
			<ymin>152</ymin>
			<xmax>459</xmax>
			<ymax>366</ymax>
		</bndbox>
	</object>
	<object>
		<name>orange</name>
		<pose>Unspecified</pose>
		<truncated>0</truncated>
		<difficult>0</difficult>
		<bndbox>
			<xmin>68</xmin>
			<ymin>119</ymin>
			<xmax>248</xmax>
			<ymax>295</ymax>
		</bndbox>
	</object>
</annotation>
