<annotation>
	<folder>orange</folder>
	<filename>458.jpeg</filename>
	<path>C:\Users\BETSY\Desktop\tflite\train2\orange\458.jpeg</path>
	<source>
		<database>Unknown</database>
	</source>
	<size>
		<width>474</width>
		<height>336</height>
		<depth>3</depth>
	</size>
	<segmented>0</segmented>
	<object>
		<name>orange</name>
		<pose>Unspecified</pose>
		<truncated>0</truncated>
		<difficult>0</difficult>
		<bndbox>
			<xmin>205</xmin>
			<ymin>35</ymin>
			<xmax>382</xmax>
			<ymax>151</ymax>
		</bndbox>
	</object>
</annotation>
