<annotation>
	<folder>orange</folder>
	<filename>466.jpeg</filename>
	<path>C:\Users\BETSY\Desktop\tflite\train2\orange\466.jpeg</path>
	<source>
		<database>Unknown</database>
	</source>
	<size>
		<width>474</width>
		<height>316</height>
		<depth>3</depth>
	</size>
	<segmented>0</segmented>
	<object>
		<name>orange</name>
		<pose>Unspecified</pose>
		<truncated>0</truncated>
		<difficult>0</difficult>
		<bndbox>
			<xmin>213</xmin>
			<ymin>83</ymin>
			<xmax>437</xmax>
			<ymax>301</ymax>
		</bndbox>
	</object>
	<object>
		<name>orange</name>
		<pose>Unspecified</pose>
		<truncated>0</truncated>
		<difficult>0</difficult>
		<bndbox>
			<xmin>8</xmin>
			<ymin>72</ymin>
			<xmax>221</xmax>
			<ymax>283</ymax>
		</bndbox>
	</object>
</annotation>
