<annotation>
	<folder>orange</folder>
	<filename>468.jpeg</filename>
	<path>C:\Users\BETSY\Desktop\tflite\train2\orange\468.jpeg</path>
	<source>
		<database>Unknown</database>
	</source>
	<size>
		<width>474</width>
		<height>474</height>
		<depth>3</depth>
	</size>
	<segmented>0</segmented>
	<object>
		<name>orange</name>
		<pose>Unspecified</pose>
		<truncated>0</truncated>
		<difficult>0</difficult>
		<bndbox>
			<xmin>11</xmin>
			<ymin>217</ymin>
			<xmax>238</xmax>
			<ymax>433</ymax>
		</bndbox>
	</object>
	<object>
		<name>orange</name>
		<pose>Unspecified</pose>
		<truncated>0</truncated>
		<difficult>0</difficult>
		<bndbox>
			<xmin>248</xmin>
			<ymin>217</ymin>
			<xmax>466</xmax>
			<ymax>433</ymax>
		</bndbox>
	</object>
</annotation>
