<annotation>
	<folder>orange</folder>
	<filename>470.jpeg</filename>
	<path>C:\Users\BETSY\Desktop\tflite\train2\orange\470.jpeg</path>
	<source>
		<database>Unknown</database>
	</source>
	<size>
		<width>474</width>
		<height>474</height>
		<depth>3</depth>
	</size>
	<segmented>0</segmented>
	<object>
		<name>orange</name>
		<pose>Unspecified</pose>
		<truncated>0</truncated>
		<difficult>0</difficult>
		<bndbox>
			<xmin>93</xmin>
			<ymin>192</ymin>
			<xmax>289</xmax>
			<ymax>353</ymax>
		</bndbox>
	</object>
	<object>
		<name>orange</name>
		<pose>Unspecified</pose>
		<truncated>0</truncated>
		<difficult>0</difficult>
		<bndbox>
			<xmin>292</xmin>
			<ymin>194</ymin>
			<xmax>456</xmax>
			<ymax>339</ymax>
		</bndbox>
	</object>
</annotation>
