<annotation>
	<folder>orange</folder>
	<filename>472.jpeg</filename>
	<path>C:\Users\BETSY\Desktop\tflite\train2\orange\472.jpeg</path>
	<source>
		<database>Unknown</database>
	</source>
	<size>
		<width>204</width>
		<height>306</height>
		<depth>3</depth>
	</size>
	<segmented>0</segmented>
	<object>
		<name>orange</name>
		<pose>Unspecified</pose>
		<truncated>0</truncated>
		<difficult>0</difficult>
		<bndbox>
			<xmin>13</xmin>
			<ymin>202</ymin>
			<xmax>96</xmax>
			<ymax>287</ymax>
		</bndbox>
	</object>
	<object>
		<name>orange</name>
		<pose>Unspecified</pose>
		<truncated>0</truncated>
		<difficult>0</difficult>
		<bndbox>
			<xmin>122</xmin>
			<ymin>106</ymin>
			<xmax>201</xmax>
			<ymax>180</ymax>
		</bndbox>
	</object>
	<object>
		<name>orange</name>
		<pose>Unspecified</pose>
		<truncated>0</truncated>
		<difficult>0</difficult>
		<bndbox>
			<xmin>98</xmin>
			<ymin>221</ymin>
			<xmax>183</xmax>
			<ymax>303</ymax>
		</bndbox>
	</object>
	<object>
		<name>orange</name>
		<pose>Unspecified</pose>
		<truncated>0</truncated>
		<difficult>0</difficult>
		<bndbox>
			<xmin>24</xmin>
			<ymin>101</ymin>
			<xmax>101</xmax>
			<ymax>169</ymax>
		</bndbox>
	</object>
</annotation>
