<annotation>
	<folder>orange</folder>
	<filename>473.jpeg</filename>
	<path>C:\Users\BETSY\Desktop\tflite\train2\orange\473.jpeg</path>
	<source>
		<database>Unknown</database>
	</source>
	<size>
		<width>474</width>
		<height>436</height>
		<depth>3</depth>
	</size>
	<segmented>0</segmented>
	<object>
		<name>orange</name>
		<pose>Unspecified</pose>
		<truncated>0</truncated>
		<difficult>0</difficult>
		<bndbox>
			<xmin>221</xmin>
			<ymin>107</ymin>
			<xmax>437</xmax>
			<ymax>294</ymax>
		</bndbox>
	</object>
	<object>
		<name>orange</name>
		<pose>Unspecified</pose>
		<truncated>0</truncated>
		<difficult>0</difficult>
		<bndbox>
			<xmin>36</xmin>
			<ymin>89</ymin>
			<xmax>229</xmax>
			<ymax>211</ymax>
		</bndbox>
	</object>
</annotation>
