<annotation>
	<folder>orange</folder>
	<filename>475.jpeg</filename>
	<path>C:\Users\BETSY\Desktop\tflite\train2\orange\475.jpeg</path>
	<source>
		<database>Unknown</database>
	</source>
	<size>
		<width>474</width>
		<height>158</height>
		<depth>3</depth>
	</size>
	<segmented>0</segmented>
	<object>
		<name>orange</name>
		<pose>Unspecified</pose>
		<truncated>1</truncated>
		<difficult>0</difficult>
		<bndbox>
			<xmin>94</xmin>
			<ymin>3</ymin>
			<xmax>253</xmax>
			<ymax>158</ymax>
		</bndbox>
	</object>
</annotation>
