<annotation>
	<folder>orange</folder>
	<filename>477.jpeg</filename>
	<path>C:\Users\BETSY\Desktop\tflite\train2\orange\477.jpeg</path>
	<source>
		<database>Unknown</database>
	</source>
	<size>
		<width>474</width>
		<height>276</height>
		<depth>3</depth>
	</size>
	<segmented>0</segmented>
	<object>
		<name>orange</name>
		<pose>Unspecified</pose>
		<truncated>0</truncated>
		<difficult>0</difficult>
		<bndbox>
			<xmin>114</xmin>
			<ymin>74</ymin>
			<xmax>278</xmax>
			<ymax>235</ymax>
		</bndbox>
	</object>
	<object>
		<name>orange</name>
		<pose>Unspecified</pose>
		<truncated>0</truncated>
		<difficult>0</difficult>
		<bndbox>
			<xmin>282</xmin>
			<ymin>55</ymin>
			<xmax>447</xmax>
			<ymax>233</ymax>
		</bndbox>
	</object>
</annotation>
