<annotation>
	<folder>train</folder>
	<filename>47kw4uxafl5m9n7ebxqt8r.jpg</filename>
	<path>C:\tensorflow1\models\research\object_detection\images\train\47kw4uxafl5m9n7ebxqt8r.jpg</path>
	<source>
		<database>Unknown</database>
	</source>
	<size>
		<width>800</width>
		<height>800</height>
		<depth>3</depth>
	</size>
	<segmented>0</segmented>
	<object>
		<name>nomask</name>
		<pose>Unspecified</pose>
		<truncated>0</truncated>
		<difficult>0</difficult>
		<bndbox>
			<xmin>373</xmin>
			<ymin>214</ymin>
			<xmax>617</xmax>
			<ymax>466</ymax>
		</bndbox>
	</object>
</annotation>
