<annotation>
	<folder>orange</folder>
	<filename>480.jpeg</filename>
	<path>C:\Users\BETSY\Desktop\tflite\train2\orange\480.jpeg</path>
	<source>
		<database>Unknown</database>
	</source>
	<size>
		<width>474</width>
		<height>316</height>
		<depth>3</depth>
	</size>
	<segmented>0</segmented>
	<object>
		<name>orange</name>
		<pose>Unspecified</pose>
		<truncated>0</truncated>
		<difficult>0</difficult>
		<bndbox>
			<xmin>75</xmin>
			<ymin>25</ymin>
			<xmax>351</xmax>
			<ymax>291</ymax>
		</bndbox>
	</object>
</annotation>
