<annotation>
	<folder>orange</folder>
	<filename>481.jpeg</filename>
	<path>C:\Users\BETSY\Desktop\tflite\train2\orange\481.jpeg</path>
	<source>
		<database>Unknown</database>
	</source>
	<size>
		<width>474</width>
		<height>569</height>
		<depth>3</depth>
	</size>
	<segmented>0</segmented>
	<object>
		<name>orange</name>
		<pose>Unspecified</pose>
		<truncated>0</truncated>
		<difficult>0</difficult>
		<bndbox>
			<xmin>24</xmin>
			<ymin>148</ymin>
			<xmax>182</xmax>
			<ymax>303</ymax>
		</bndbox>
	</object>
	<object>
		<name>orange</name>
		<pose>Unspecified</pose>
		<truncated>0</truncated>
		<difficult>0</difficult>
		<bndbox>
			<xmin>174</xmin>
			<ymin>167</ymin>
			<xmax>340</xmax>
			<ymax>345</ymax>
		</bndbox>
	</object>
</annotation>
