<annotation>
	<folder>orange</folder>
	<filename>492.jpeg</filename>
	<path>C:\Users\BETSY\Desktop\tflite\train2\orange\492.jpeg</path>
	<source>
		<database>Unknown</database>
	</source>
	<size>
		<width>474</width>
		<height>355</height>
		<depth>3</depth>
	</size>
	<segmented>0</segmented>
	<object>
		<name>orange</name>
		<pose>Unspecified</pose>
		<truncated>0</truncated>
		<difficult>0</difficult>
		<bndbox>
			<xmin>51</xmin>
			<ymin>124</ymin>
			<xmax>175</xmax>
			<ymax>245</ymax>
		</bndbox>
	</object>
	<object>
		<name>orange</name>
		<pose>Unspecified</pose>
		<truncated>0</truncated>
		<difficult>0</difficult>
		<bndbox>
			<xmin>253</xmin>
			<ymin>195</ymin>
			<xmax>372</xmax>
			<ymax>312</ymax>
		</bndbox>
	</object>
</annotation>
