<annotation>
	<folder>orange</folder>
	<filename>496.jpeg</filename>
	<path>C:\Users\BETSY\Desktop\tflite\train2\orange\496.jpeg</path>
	<source>
		<database>Unknown</database>
	</source>
	<size>
		<width>474</width>
		<height>316</height>
		<depth>3</depth>
	</size>
	<segmented>0</segmented>
	<object>
		<name>orange</name>
		<pose>Unspecified</pose>
		<truncated>0</truncated>
		<difficult>0</difficult>
		<bndbox>
			<xmin>152</xmin>
			<ymin>69</ymin>
			<xmax>278</xmax>
			<ymax>194</ymax>
		</bndbox>
	</object>
	<object>
		<name>orange</name>
		<pose>Unspecified</pose>
		<truncated>1</truncated>
		<difficult>0</difficult>
		<bndbox>
			<xmin>102</xmin>
			<ymin>1</ymin>
			<xmax>210</xmax>
			<ymax>90</ymax>
		</bndbox>
	</object>
</annotation>
