<annotation>
	<folder>train</folder>
	<filename>4cg51ks8148vtreuu9ug7l.jpg</filename>
	<path>C:\tensorflow1\models\research\object_detection\images\train\4cg51ks8148vtreuu9ug7l.jpg</path>
	<source>
		<database>Unknown</database>
	</source>
	<size>
		<width>800</width>
		<height>800</height>
		<depth>3</depth>
	</size>
	<segmented>0</segmented>
	<object>
		<name>mask</name>
		<pose>Unspecified</pose>
		<truncated>0</truncated>
		<difficult>0</difficult>
		<bndbox>
			<xmin>61</xmin>
			<ymin>255</ymin>
			<xmax>150</xmax>
			<ymax>340</ymax>
		</bndbox>
	</object>
	<object>
		<name>mask</name>
		<pose>Unspecified</pose>
		<truncated>0</truncated>
		<difficult>0</difficult>
		<bndbox>
			<xmin>423</xmin>
			<ymin>195</ymin>
			<xmax>518</xmax>
			<ymax>289</ymax>
		</bndbox>
	</object>
	<object>
		<name>mask</name>
		<pose>Unspecified</pose>
		<truncated>0</truncated>
		<difficult>0</difficult>
		<bndbox>
			<xmin>647</xmin>
			<ymin>197</ymin>
			<xmax>751</xmax>
			<ymax>289</ymax>
		</bndbox>
	</object>
	<object>
		<name>mask</name>
		<pose>Unspecified</pose>
		<truncated>0</truncated>
		<difficult>0</difficult>
		<bndbox>
			<xmin>66</xmin>
			<ymin>103</ymin>
			<xmax>130</xmax>
			<ymax>170</ymax>
		</bndbox>
	</object>
	<object>
		<name>mask</name>
		<pose>Unspecified</pose>
		<truncated>0</truncated>
		<difficult>0</difficult>
		<bndbox>
			<xmin>217</xmin>
			<ymin>157</ymin>
			<xmax>272</xmax>
			<ymax>210</ymax>
		</bndbox>
	</object>
</annotation>
