<annotation>
	<folder>train</folder>
	<filename>4du9xzz2mi2db0y359j8w.jpg</filename>
	<path>C:\tensorflow1\models\research\object_detection\images\train\4du9xzz2mi2db0y359j8w.jpg</path>
	<source>
		<database>Unknown</database>
	</source>
	<size>
		<width>800</width>
		<height>800</height>
		<depth>3</depth>
	</size>
	<segmented>0</segmented>
	<object>
		<name>nomask</name>
		<pose>Unspecified</pose>
		<truncated>1</truncated>
		<difficult>0</difficult>
		<bndbox>
			<xmin>1</xmin>
			<ymin>262</ymin>
			<xmax>222</xmax>
			<ymax>611</ymax>
		</bndbox>
	</object>
	<object>
		<name>nomask</name>
		<pose>Unspecified</pose>
		<truncated>1</truncated>
		<difficult>0</difficult>
		<bndbox>
			<xmin>605</xmin>
			<ymin>204</ymin>
			<xmax>800</xmax>
			<ymax>577</ymax>
		</bndbox>
	</object>
</annotation>
