<annotation>
	<folder>train</folder>
	<filename>4esn8gwagt11skqz1o0spr.jpg</filename>
	<path>C:\tensorflow1\models\research\object_detection\images\train\4esn8gwagt11skqz1o0spr.jpg</path>
	<source>
		<database>Unknown</database>
	</source>
	<size>
		<width>800</width>
		<height>800</height>
		<depth>3</depth>
	</size>
	<segmented>0</segmented>
	<object>
		<name>mask</name>
		<pose>Unspecified</pose>
		<truncated>0</truncated>
		<difficult>0</difficult>
		<bndbox>
			<xmin>338</xmin>
			<ymin>338</ymin>
			<xmax>670</xmax>
			<ymax>650</ymax>
		</bndbox>
	</object>
</annotation>
