<annotation>
	<folder>train</folder>
	<filename>4yi1du5cnz8eyo1ov86nte.jpg</filename>
	<path>C:\tensorflow1\models\research\object_detection\images\train\4yi1du5cnz8eyo1ov86nte.jpg</path>
	<source>
		<database>Unknown</database>
	</source>
	<size>
		<width>800</width>
		<height>800</height>
		<depth>3</depth>
	</size>
	<segmented>0</segmented>
	<object>
		<name>mask</name>
		<pose>Unspecified</pose>
		<truncated>0</truncated>
		<difficult>0</difficult>
		<bndbox>
			<xmin>294</xmin>
			<ymin>128</ymin>
			<xmax>579</xmax>
			<ymax>411</ymax>
		</bndbox>
	</object>
</annotation>
