<annotation>
	<folder>train</folder>
	<filename>4zcgqxp2q15p64bcts5v6.jpg</filename>
	<path>C:\tensorflow1\models\research\object_detection\images\train\4zcgqxp2q15p64bcts5v6.jpg</path>
	<source>
		<database>Unknown</database>
	</source>
	<size>
		<width>800</width>
		<height>800</height>
		<depth>3</depth>
	</size>
	<segmented>0</segmented>
	<object>
		<name>nomask</name>
		<pose>Unspecified</pose>
		<truncated>0</truncated>
		<difficult>0</difficult>
		<bndbox>
			<xmin>227</xmin>
			<ymin>204</ymin>
			<xmax>490</xmax>
			<ymax>475</ymax>
		</bndbox>
	</object>
</annotation>
