<annotation>
	<folder>train</folder>
	<filename>5.jpeg</filename>
	<path>C:\Users\BETSY\Desktop\tflite\train\images\train\5.jpeg</path>
	<source>
		<database>Unknown</database>
	</source>
	<size>
		<width>235</width>
		<height>215</height>
		<depth>3</depth>
	</size>
	<segmented>0</segmented>
	<object>
		<name>apple</name>
		<pose>Unspecified</pose>
		<truncated>0</truncated>
		<difficult>0</difficult>
		<bndbox>
			<xmin>23</xmin>
			<ymin>24</ymin>
			<xmax>211</xmax>
			<ymax>196</ymax>
		</bndbox>
	</object>
</annotation>
