<annotation>
	<folder>train</folder>
	<filename>50.jpeg</filename>
	<path>C:\Users\BETSY\Desktop\tflite\train\images\train\50.jpeg</path>
	<source>
		<database>Unknown</database>
	</source>
	<size>
		<width>230</width>
		<height>219</height>
		<depth>3</depth>
	</size>
	<segmented>0</segmented>
	<object>
		<name>apple</name>
		<pose>Unspecified</pose>
		<truncated>0</truncated>
		<difficult>0</difficult>
		<bndbox>
			<xmin>47</xmin>
			<ymin>46</ymin>
			<xmax>216</xmax>
			<ymax>212</ymax>
		</bndbox>
	</object>
</annotation>
