<annotation>
	<folder>apple</folder>
	<filename>50.jpeg</filename>
	<path>C:\Users\BETSY\Desktop\tflite\train2\apple\50.jpeg</path>
	<source>
		<database>Unknown</database>
	</source>
	<size>
		<width>250</width>
		<height>250</height>
		<depth>3</depth>
	</size>
	<segmented>0</segmented>
	<object>
		<name>apple</name>
		<pose>Unspecified</pose>
		<truncated>0</truncated>
		<difficult>0</difficult>
		<bndbox>
			<xmin>19</xmin>
			<ymin>31</ymin>
			<xmax>216</xmax>
			<ymax>199</ymax>
		</bndbox>
	</object>
</annotation>
