<annotation>
	<folder>orange</folder>
	<filename>500.jpeg</filename>
	<path>C:\Users\BETSY\Desktop\tflite\train2\orange\500.jpeg</path>
	<source>
		<database>Unknown</database>
	</source>
	<size>
		<width>474</width>
		<height>355</height>
		<depth>3</depth>
	</size>
	<segmented>0</segmented>
	<object>
		<name>orange</name>
		<pose>Unspecified</pose>
		<truncated>0</truncated>
		<difficult>0</difficult>
		<bndbox>
			<xmin>60</xmin>
			<ymin>106</ymin>
			<xmax>257</xmax>
			<ymax>287</ymax>
		</bndbox>
	</object>
	<object>
		<name>orange</name>
		<pose>Unspecified</pose>
		<truncated>0</truncated>
		<difficult>0</difficult>
		<bndbox>
			<xmin>234</xmin>
			<ymin>35</ymin>
			<xmax>422</xmax>
			<ymax>208</ymax>
		</bndbox>
	</object>
</annotation>
