<annotation>
	<folder>orange</folder>
	<filename>501.jpeg</filename>
	<path>C:\Users\BETSY\Desktop\tflite\train2\orange\501.jpeg</path>
	<source>
		<database>Unknown</database>
	</source>
	<size>
		<width>260</width>
		<height>280</height>
		<depth>3</depth>
	</size>
	<segmented>0</segmented>
	<object>
		<name>orange</name>
		<pose>Unspecified</pose>
		<truncated>0</truncated>
		<difficult>0</difficult>
		<bndbox>
			<xmin>35</xmin>
			<ymin>49</ymin>
			<xmax>237</xmax>
			<ymax>242</ymax>
		</bndbox>
	</object>
</annotation>
