<annotation>
	<folder>orange</folder>
	<filename>502.jpeg</filename>
	<path>C:\Users\BETSY\Desktop\tflite\train2\orange\502.jpeg</path>
	<source>
		<database>Unknown</database>
	</source>
	<size>
		<width>474</width>
		<height>355</height>
		<depth>3</depth>
	</size>
	<segmented>0</segmented>
	<object>
		<name>orange</name>
		<pose>Unspecified</pose>
		<truncated>0</truncated>
		<difficult>0</difficult>
		<bndbox>
			<xmin>17</xmin>
			<ymin>203</ymin>
			<xmax>132</xmax>
			<ymax>319</ymax>
		</bndbox>
	</object>
	<object>
		<name>orange</name>
		<pose>Unspecified</pose>
		<truncated>0</truncated>
		<difficult>0</difficult>
		<bndbox>
			<xmin>225</xmin>
			<ymin>215</ymin>
			<xmax>337</xmax>
			<ymax>344</ymax>
		</bndbox>
	</object>
	<object>
		<name>orange</name>
		<pose>Unspecified</pose>
		<truncated>0</truncated>
		<difficult>0</difficult>
		<bndbox>
			<xmin>349</xmin>
			<ymin>214</ymin>
			<xmax>469</xmax>
			<ymax>344</ymax>
		</bndbox>
	</object>
</annotation>
