<annotation>
	<folder>orange</folder>
	<filename>503.jpeg</filename>
	<path>C:\Users\BETSY\Desktop\tflite\train2\orange\503.jpeg</path>
	<source>
		<database>Unknown</database>
	</source>
	<size>
		<width>474</width>
		<height>711</height>
		<depth>3</depth>
	</size>
	<segmented>0</segmented>
	<object>
		<name>orange</name>
		<pose>Unspecified</pose>
		<truncated>0</truncated>
		<difficult>0</difficult>
		<bndbox>
			<xmin>120</xmin>
			<ymin>353</ymin>
			<xmax>361</xmax>
			<ymax>592</ymax>
		</bndbox>
	</object>
	<object>
		<name>orange</name>
		<pose>Unspecified</pose>
		<truncated>1</truncated>
		<difficult>0</difficult>
		<bndbox>
			<xmin>358</xmin>
			<ymin>333</ymin>
			<xmax>474</xmax>
			<ymax>596</ymax>
		</bndbox>
	</object>
</annotation>
