<annotation>
	<folder>orange</folder>
	<filename>506.jpeg</filename>
	<path>C:\Users\BETSY\Desktop\tflite\train2\orange\506.jpeg</path>
	<source>
		<database>Unknown</database>
	</source>
	<size>
		<width>474</width>
		<height>597</height>
		<depth>3</depth>
	</size>
	<segmented>0</segmented>
	<object>
		<name>orange</name>
		<pose>Unspecified</pose>
		<truncated>0</truncated>
		<difficult>0</difficult>
		<bndbox>
			<xmin>11</xmin>
			<ymin>263</ymin>
			<xmax>344</xmax>
			<ymax>588</ymax>
		</bndbox>
	</object>
	<object>
		<name>orange</name>
		<pose>Unspecified</pose>
		<truncated>0</truncated>
		<difficult>0</difficult>
		<bndbox>
			<xmin>144</xmin>
			<ymin>18</ymin>
			<xmax>458</xmax>
			<ymax>324</ymax>
		</bndbox>
	</object>
</annotation>
