<annotation>
	<folder>orange</folder>
	<filename>507.jpeg</filename>
	<path>C:\Users\BETSY\Desktop\tflite\train2\orange\507.jpeg</path>
	<source>
		<database>Unknown</database>
	</source>
	<size>
		<width>474</width>
		<height>362</height>
		<depth>3</depth>
	</size>
	<segmented>0</segmented>
	<object>
		<name>orange</name>
		<pose>Unspecified</pose>
		<truncated>0</truncated>
		<difficult>0</difficult>
		<bndbox>
			<xmin>28</xmin>
			<ymin>42</ymin>
			<xmax>240</xmax>
			<ymax>225</ymax>
		</bndbox>
	</object>
	<object>
		<name>orange</name>
		<pose>Unspecified</pose>
		<truncated>0</truncated>
		<difficult>0</difficult>
		<bndbox>
			<xmin>246</xmin>
			<ymin>66</ymin>
			<xmax>445</xmax>
			<ymax>293</ymax>
		</bndbox>
	</object>
</annotation>
