<annotation>
	<folder>orange</folder>
	<filename>508.jpeg</filename>
	<path>C:\Users\BETSY\Desktop\tflite\train2\orange\508.jpeg</path>
	<source>
		<database>Unknown</database>
	</source>
	<size>
		<width>350</width>
		<height>323</height>
		<depth>3</depth>
	</size>
	<segmented>0</segmented>
	<object>
		<name>orange</name>
		<pose>Unspecified</pose>
		<truncated>0</truncated>
		<difficult>0</difficult>
		<bndbox>
			<xmin>38</xmin>
			<ymin>21</ymin>
			<xmax>279</xmax>
			<ymax>168</ymax>
		</bndbox>
	</object>
</annotation>
