<annotation>
	<folder>orange</folder>
	<filename>510.jpeg</filename>
	<path>C:\Users\BETSY\Desktop\tflite\train2\orange\510.jpeg</path>
	<source>
		<database>Unknown</database>
	</source>
	<size>
		<width>474</width>
		<height>314</height>
		<depth>3</depth>
	</size>
	<segmented>0</segmented>
	<object>
		<name>orange</name>
		<pose>Unspecified</pose>
		<truncated>0</truncated>
		<difficult>0</difficult>
		<bndbox>
			<xmin>68</xmin>
			<ymin>61</ymin>
			<xmax>254</xmax>
			<ymax>207</ymax>
		</bndbox>
	</object>
	<object>
		<name>orange</name>
		<pose>Unspecified</pose>
		<truncated>1</truncated>
		<difficult>0</difficult>
		<bndbox>
			<xmin>144</xmin>
			<ymin>185</ymin>
			<xmax>362</xmax>
			<ymax>314</ymax>
		</bndbox>
	</object>
</annotation>
