<annotation>
	<folder>orange</folder>
	<filename>513.jpeg</filename>
	<path>C:\Users\BETSY\Desktop\tflite\train2\orange\513.jpeg</path>
	<source>
		<database>Unknown</database>
	</source>
	<size>
		<width>300</width>
		<height>300</height>
		<depth>3</depth>
	</size>
	<segmented>0</segmented>
	<object>
		<name>orange</name>
		<pose>Unspecified</pose>
		<truncated>0</truncated>
		<difficult>0</difficult>
		<bndbox>
			<xmin>49</xmin>
			<ymin>51</ymin>
			<xmax>249</xmax>
			<ymax>237</ymax>
		</bndbox>
	</object>
</annotation>
