<annotation>
	<folder>orange</folder>
	<filename>514.jpeg</filename>
	<path>C:\Users\BETSY\Desktop\tflite\train2\orange\514.jpeg</path>
	<source>
		<database>Unknown</database>
	</source>
	<size>
		<width>474</width>
		<height>474</height>
		<depth>3</depth>
	</size>
	<segmented>0</segmented>
	<object>
		<name>orange</name>
		<pose>Unspecified</pose>
		<truncated>0</truncated>
		<difficult>0</difficult>
		<bndbox>
			<xmin>146</xmin>
			<ymin>143</ymin>
			<xmax>280</xmax>
			<ymax>263</ymax>
		</bndbox>
	</object>
	<object>
		<name>orange</name>
		<pose>Unspecified</pose>
		<truncated>1</truncated>
		<difficult>0</difficult>
		<bndbox>
			<xmin>1</xmin>
			<ymin>175</ymin>
			<xmax>170</xmax>
			<ymax>269</ymax>
		</bndbox>
	</object>
</annotation>
