<annotation>
	<folder>orange</folder>
	<filename>517.jpeg</filename>
	<path>C:\Users\BETSY\Desktop\tflite\train2\orange\517.jpeg</path>
	<source>
		<database>Unknown</database>
	</source>
	<size>
		<width>265</width>
		<height>265</height>
		<depth>3</depth>
	</size>
	<segmented>0</segmented>
	<object>
		<name>orange</name>
		<pose>Unspecified</pose>
		<truncated>0</truncated>
		<difficult>0</difficult>
		<bndbox>
			<xmin>4</xmin>
			<ymin>89</ymin>
			<xmax>129</xmax>
			<ymax>203</ymax>
		</bndbox>
	</object>
	<object>
		<name>orange</name>
		<pose>Unspecified</pose>
		<truncated>0</truncated>
		<difficult>0</difficult>
		<bndbox>
			<xmin>130</xmin>
			<ymin>74</ymin>
			<xmax>249</xmax>
			<ymax>196</ymax>
		</bndbox>
	</object>
</annotation>
