<annotation>
	<folder>orange</folder>
	<filename>519.jpeg</filename>
	<path>C:\Users\BETSY\Desktop\tflite\train2\orange\519.jpeg</path>
	<source>
		<database>Unknown</database>
	</source>
	<size>
		<width>474</width>
		<height>171</height>
		<depth>3</depth>
	</size>
	<segmented>0</segmented>
	<object>
		<name>orange</name>
		<pose>Unspecified</pose>
		<truncated>0</truncated>
		<difficult>0</difficult>
		<bndbox>
			<xmin>17</xmin>
			<ymin>17</ymin>
			<xmax>152</xmax>
			<ymax>157</ymax>
		</bndbox>
	</object>
	<object>
		<name>orange</name>
		<pose>Unspecified</pose>
		<truncated>0</truncated>
		<difficult>0</difficult>
		<bndbox>
			<xmin>166</xmin>
			<ymin>19</ymin>
			<xmax>302</xmax>
			<ymax>158</ymax>
		</bndbox>
	</object>
</annotation>
