<annotation>
	<folder>train</folder>
	<filename>52.jpeg</filename>
	<path>C:\Users\BETSY\Desktop\tflite\train\images\train\52.jpeg</path>
	<source>
		<database>Unknown</database>
	</source>
	<size>
		<width>233</width>
		<height>216</height>
		<depth>3</depth>
	</size>
	<segmented>0</segmented>
	<object>
		<name>apple</name>
		<pose>Unspecified</pose>
		<truncated>0</truncated>
		<difficult>0</difficult>
		<bndbox>
			<xmin>14</xmin>
			<ymin>14</ymin>
			<xmax>219</xmax>
			<ymax>208</ymax>
		</bndbox>
	</object>
</annotation>
