<annotation>
	<folder>orange</folder>
	<filename>520.jpeg</filename>
	<path>C:\Users\BETSY\Desktop\tflite\train2\orange\520.jpeg</path>
	<source>
		<database>Unknown</database>
	</source>
	<size>
		<width>474</width>
		<height>541</height>
		<depth>3</depth>
	</size>
	<segmented>0</segmented>
	<object>
		<name>orange</name>
		<pose>Unspecified</pose>
		<truncated>0</truncated>
		<difficult>0</difficult>
		<bndbox>
			<xmin>24</xmin>
			<ymin>178</ymin>
			<xmax>214</xmax>
			<ymax>366</ymax>
		</bndbox>
	</object>
	<object>
		<name>orange</name>
		<pose>Unspecified</pose>
		<truncated>0</truncated>
		<difficult>0</difficult>
		<bndbox>
			<xmin>131</xmin>
			<ymin>204</ymin>
			<xmax>389</xmax>
			<ymax>453</ymax>
		</bndbox>
	</object>
</annotation>
