<annotation>
	<folder>orange</folder>
	<filename>521.jpeg</filename>
	<path>C:\Users\BETSY\Desktop\tflite\train2\orange\521.jpeg</path>
	<source>
		<database>Unknown</database>
	</source>
	<size>
		<width>474</width>
		<height>266</height>
		<depth>3</depth>
	</size>
	<segmented>0</segmented>
	<object>
		<name>orange</name>
		<pose>Unspecified</pose>
		<truncated>0</truncated>
		<difficult>0</difficult>
		<bndbox>
			<xmin>158</xmin>
			<ymin>57</ymin>
			<xmax>272</xmax>
			<ymax>140</ymax>
		</bndbox>
	</object>
	<object>
		<name>orange</name>
		<pose>Unspecified</pose>
		<truncated>0</truncated>
		<difficult>0</difficult>
		<bndbox>
			<xmin>265</xmin>
			<ymin>20</ymin>
			<xmax>379</xmax>
			<ymax>114</ymax>
		</bndbox>
	</object>
	<object>
		<name>orange</name>
		<pose>Unspecified</pose>
		<truncated>0</truncated>
		<difficult>0</difficult>
		<bndbox>
			<xmin>258</xmin>
			<ymin>94</ymin>
			<xmax>387</xmax>
			<ymax>222</ymax>
		</bndbox>
	</object>
</annotation>
