<annotation>
	<folder>orange</folder>
	<filename>522.jpeg</filename>
	<path>C:\Users\BETSY\Desktop\tflite\train2\orange\522.jpeg</path>
	<source>
		<database>Unknown</database>
	</source>
	<size>
		<width>474</width>
		<height>260</height>
		<depth>3</depth>
	</size>
	<segmented>0</segmented>
	<object>
		<name>orange</name>
		<pose>Unspecified</pose>
		<truncated>0</truncated>
		<difficult>0</difficult>
		<bndbox>
			<xmin>111</xmin>
			<ymin>18</ymin>
			<xmax>235</xmax>
			<ymax>137</ymax>
		</bndbox>
	</object>
	<object>
		<name>orange</name>
		<pose>Unspecified</pose>
		<truncated>0</truncated>
		<difficult>0</difficult>
		<bndbox>
			<xmin>248</xmin>
			<ymin>13</ymin>
			<xmax>365</xmax>
			<ymax>137</ymax>
		</bndbox>
	</object>
</annotation>
