<annotation>
	<folder>train</folder>
	<filename>52m5iw49fq942u3ntubfyf.jpg</filename>
	<path>C:\tensorflow1\models\research\object_detection\images\train\52m5iw49fq942u3ntubfyf.jpg</path>
	<source>
		<database>Unknown</database>
	</source>
	<size>
		<width>800</width>
		<height>800</height>
		<depth>3</depth>
	</size>
	<segmented>0</segmented>
	<object>
		<name>nomask</name>
		<pose>Unspecified</pose>
		<truncated>0</truncated>
		<difficult>0</difficult>
		<bndbox>
			<xmin>365</xmin>
			<ymin>65</ymin>
			<xmax>689</xmax>
			<ymax>381</ymax>
		</bndbox>
	</object>
</annotation>
