<annotation>
	<folder>apple</folder>
	<filename>54.jpeg</filename>
	<path>C:\Users\BETSY\Desktop\tflite\train2\apple\54.jpeg</path>
	<source>
		<database>Unknown</database>
	</source>
	<size>
		<width>474</width>
		<height>358</height>
		<depth>3</depth>
	</size>
	<segmented>0</segmented>
	<object>
		<name>apple</name>
		<pose>Unspecified</pose>
		<truncated>0</truncated>
		<difficult>0</difficult>
		<bndbox>
			<xmin>21</xmin>
			<ymin>86</ymin>
			<xmax>244</xmax>
			<ymax>322</ymax>
		</bndbox>
	</object>
	<object>
		<name>apple</name>
		<pose>Unspecified</pose>
		<truncated>0</truncated>
		<difficult>0</difficult>
		<bndbox>
			<xmin>230</xmin>
			<ymin>49</ymin>
			<xmax>434</xmax>
			<ymax>187</ymax>
		</bndbox>
	</object>
</annotation>
