<annotation>
	<folder>train</folder>
	<filename>565u7vor198iz3gaeabemq.jpg</filename>
	<path>C:\tensorflow1\models\research\object_detection\images\train\565u7vor198iz3gaeabemq.jpg</path>
	<source>
		<database>Unknown</database>
	</source>
	<size>
		<width>800</width>
		<height>800</height>
		<depth>3</depth>
	</size>
	<segmented>0</segmented>
	<object>
		<name>nomask</name>
		<pose>Unspecified</pose>
		<truncated>1</truncated>
		<difficult>0</difficult>
		<bndbox>
			<xmin>1</xmin>
			<ymin>244</ymin>
			<xmax>306</xmax>
			<ymax>599</ymax>
		</bndbox>
	</object>
</annotation>
