<annotation>
	<folder>train</folder>
	<filename>56c2fwhf61q69w0jyufdkv.jpg</filename>
	<path>C:\tensorflow1\models\research\object_detection\images\train\56c2fwhf61q69w0jyufdkv.jpg</path>
	<source>
		<database>Unknown</database>
	</source>
	<size>
		<width>800</width>
		<height>800</height>
		<depth>3</depth>
	</size>
	<segmented>0</segmented>
	<object>
		<name>mask</name>
		<pose>Unspecified</pose>
		<truncated>0</truncated>
		<difficult>0</difficult>
		<bndbox>
			<xmin>207</xmin>
			<ymin>211</ymin>
			<xmax>498</xmax>
			<ymax>537</ymax>
		</bndbox>
	</object>
</annotation>
