<annotation>
	<folder>train</folder>
	<filename>57c8seb9mf40lplac5p9v5.jpg</filename>
	<path>C:\tensorflow1\models\research\object_detection\images\train\57c8seb9mf40lplac5p9v5.jpg</path>
	<source>
		<database>Unknown</database>
	</source>
	<size>
		<width>800</width>
		<height>800</height>
		<depth>3</depth>
	</size>
	<segmented>0</segmented>
	<object>
		<name>nomask</name>
		<pose>Unspecified</pose>
		<truncated>0</truncated>
		<difficult>0</difficult>
		<bndbox>
			<xmin>363</xmin>
			<ymin>95</ymin>
			<xmax>509</xmax>
			<ymax>298</ymax>
		</bndbox>
	</object>
</annotation>
