<annotation>
	<folder>train</folder>
	<filename>5lnkuyh5pnncc0jgzcnmt6.jpg</filename>
	<path>C:\tensorflow1\models\research\object_detection\images\train\5lnkuyh5pnncc0jgzcnmt6.jpg</path>
	<source>
		<database>Unknown</database>
	</source>
	<size>
		<width>800</width>
		<height>800</height>
		<depth>3</depth>
	</size>
	<segmented>0</segmented>
	<object>
		<name>nomask</name>
		<pose>Unspecified</pose>
		<truncated>0</truncated>
		<difficult>0</difficult>
		<bndbox>
			<xmin>136</xmin>
			<ymin>152</ymin>
			<xmax>272</xmax>
			<ymax>299</ymax>
		</bndbox>
	</object>
</annotation>
