<annotation>
	<folder>train</folder>
	<filename>5s07yzk8z4wugawa47ywb.jpg</filename>
	<path>C:\tensorflow1\models\research\object_detection\images\train\5s07yzk8z4wugawa47ywb.jpg</path>
	<source>
		<database>Unknown</database>
	</source>
	<size>
		<width>800</width>
		<height>800</height>
		<depth>3</depth>
	</size>
	<segmented>0</segmented>
	<object>
		<name>mask</name>
		<pose>Unspecified</pose>
		<truncated>0</truncated>
		<difficult>0</difficult>
		<bndbox>
			<xmin>195</xmin>
			<ymin>273</ymin>
			<xmax>661</xmax>
			<ymax>714</ymax>
		</bndbox>
	</object>
</annotation>
