<annotation>
	<folder>train</folder>
	<filename>5v95nm3z70ehlzqiwoc4w7.jpg</filename>
	<path>C:\tensorflow1\models\research\object_detection\images\train\5v95nm3z70ehlzqiwoc4w7.jpg</path>
	<source>
		<database>Unknown</database>
	</source>
	<size>
		<width>800</width>
		<height>800</height>
		<depth>3</depth>
	</size>
	<segmented>0</segmented>
	<object>
		<name>nomask</name>
		<pose>Unspecified</pose>
		<truncated>0</truncated>
		<difficult>0</difficult>
		<bndbox>
			<xmin>406</xmin>
			<ymin>112</ymin>
			<xmax>710</xmax>
			<ymax>466</ymax>
		</bndbox>
	</object>
</annotation>
