<annotation>
	<folder>train</folder>
	<filename>5zm0yl33l2a53ppe7vnwmt.jpg</filename>
	<path>C:\tensorflow1\models\research\object_detection\images\train\5zm0yl33l2a53ppe7vnwmt.jpg</path>
	<source>
		<database>Unknown</database>
	</source>
	<size>
		<width>800</width>
		<height>800</height>
		<depth>3</depth>
	</size>
	<segmented>0</segmented>
	<object>
		<name>mask</name>
		<pose>Unspecified</pose>
		<truncated>0</truncated>
		<difficult>0</difficult>
		<bndbox>
			<xmin>546</xmin>
			<ymin>383</ymin>
			<xmax>715</xmax>
			<ymax>564</ymax>
		</bndbox>
	</object>
	<object>
		<name>mask</name>
		<pose>Unspecified</pose>
		<truncated>0</truncated>
		<difficult>0</difficult>
		<bndbox>
			<xmin>90</xmin>
			<ymin>583</ymin>
			<xmax>237</xmax>
			<ymax>715</ymax>
		</bndbox>
	</object>
	<object>
		<name>nomask</name>
		<pose>Unspecified</pose>
		<truncated>0</truncated>
		<difficult>0</difficult>
		<bndbox>
			<xmin>710</xmin>
			<ymin>29</ymin>
			<xmax>770</xmax>
			<ymax>95</ymax>
		</bndbox>
	</object>
</annotation>
