<annotation>
	<folder>apple</folder>
	<filename>60.jpeg</filename>
	<path>C:\Users\BETSY\Desktop\tflite\train2\apple\60.jpeg</path>
	<source>
		<database>Unknown</database>
	</source>
	<size>
		<width>474</width>
		<height>474</height>
		<depth>3</depth>
	</size>
	<segmented>0</segmented>
	<object>
		<name>apple</name>
		<pose>Unspecified</pose>
		<truncated>0</truncated>
		<difficult>0</difficult>
		<bndbox>
			<xmin>136</xmin>
			<ymin>130</ymin>
			<xmax>257</xmax>
			<ymax>232</ymax>
		</bndbox>
	</object>
	<object>
		<name>apple</name>
		<pose>Unspecified</pose>
		<truncated>0</truncated>
		<difficult>0</difficult>
		<bndbox>
			<xmin>139</xmin>
			<ymin>217</ymin>
			<xmax>258</xmax>
			<ymax>347</ymax>
		</bndbox>
	</object>
	<object>
		<name>apple</name>
		<pose>Unspecified</pose>
		<truncated>0</truncated>
		<difficult>0</difficult>
		<bndbox>
			<xmin>227</xmin>
			<ymin>184</ymin>
			<xmax>349</xmax>
			<ymax>328</ymax>
		</bndbox>
	</object>
</annotation>
