<annotation>
	<folder>train</folder>
	<filename>60.jpeg</filename>
	<path>C:\Users\BETSY\Desktop\tflite\train\images\train\60.jpeg</path>
	<source>
		<database>Unknown</database>
	</source>
	<size>
		<width>251</width>
		<height>201</height>
		<depth>3</depth>
	</size>
	<segmented>0</segmented>
	<object>
		<name>apple</name>
		<pose>Unspecified</pose>
		<truncated>0</truncated>
		<difficult>0</difficult>
		<bndbox>
			<xmin>53</xmin>
			<ymin>33</ymin>
			<xmax>187</xmax>
			<ymax>169</ymax>
		</bndbox>
	</object>
</annotation>
