<annotation>
	<folder>train</folder>
	<filename>61.jpeg</filename>
	<path>C:\Users\BETSY\Desktop\tflite\train\images\train\61.jpeg</path>
	<source>
		<database>Unknown</database>
	</source>
	<size>
		<width>248</width>
		<height>203</height>
		<depth>3</depth>
	</size>
	<segmented>0</segmented>
	<object>
		<name>apple</name>
		<pose>Unspecified</pose>
		<truncated>1</truncated>
		<difficult>0</difficult>
		<bndbox>
			<xmin>43</xmin>
			<ymin>61</ymin>
			<xmax>202</xmax>
			<ymax>203</ymax>
		</bndbox>
	</object>
</annotation>
