<annotation>
	<folder>train</folder>
	<filename>63fhsjurerda6nfkp2mrse.jpg</filename>
	<path>C:\tensorflow1\models\research\object_detection\images\train\63fhsjurerda6nfkp2mrse.jpg</path>
	<source>
		<database>Unknown</database>
	</source>
	<size>
		<width>800</width>
		<height>800</height>
		<depth>3</depth>
	</size>
	<segmented>0</segmented>
	<object>
		<name>nomask</name>
		<pose>Unspecified</pose>
		<truncated>1</truncated>
		<difficult>0</difficult>
		<bndbox>
			<xmin>272</xmin>
			<ymin>65</ymin>
			<xmax>800</xmax>
			<ymax>774</ymax>
		</bndbox>
	</object>
</annotation>
