<annotation>
	<folder>train</folder>
	<filename>64.jpeg</filename>
	<path>C:\Users\BETSY\Desktop\tflite\train\images\train\64.jpeg</path>
	<source>
		<database>Unknown</database>
	</source>
	<size>
		<width>228</width>
		<height>221</height>
		<depth>3</depth>
	</size>
	<segmented>0</segmented>
	<object>
		<name>apple</name>
		<pose>Unspecified</pose>
		<truncated>0</truncated>
		<difficult>0</difficult>
		<bndbox>
			<xmin>8</xmin>
			<ymin>6</ymin>
			<xmax>227</xmax>
			<ymax>200</ymax>
		</bndbox>
	</object>
</annotation>
