<annotation>
	<folder>apple</folder>
	<filename>64.jpeg</filename>
	<path>C:\Users\BETSY\Desktop\tflite\train2\apple\64.jpeg</path>
	<source>
		<database>Unknown</database>
	</source>
	<size>
		<width>474</width>
		<height>474</height>
		<depth>3</depth>
	</size>
	<segmented>0</segmented>
	<object>
		<name>apple</name>
		<pose>Unspecified</pose>
		<truncated>0</truncated>
		<difficult>0</difficult>
		<bndbox>
			<xmin>121</xmin>
			<ymin>38</ymin>
			<xmax>321</xmax>
			<ymax>239</ymax>
		</bndbox>
	</object>
	<object>
		<name>apple</name>
		<pose>Unspecified</pose>
		<truncated>0</truncated>
		<difficult>0</difficult>
		<bndbox>
			<xmin>29</xmin>
			<ymin>235</ymin>
			<xmax>228</xmax>
			<ymax>439</ymax>
		</bndbox>
	</object>
	<object>
		<name>apple</name>
		<pose>Unspecified</pose>
		<truncated>0</truncated>
		<difficult>0</difficult>
		<bndbox>
			<xmin>246</xmin>
			<ymin>213</ymin>
			<xmax>447</xmax>
			<ymax>446</ymax>
		</bndbox>
	</object>
</annotation>
