<annotation>
	<folder>train</folder>
	<filename>66.jpeg</filename>
	<path>C:\Users\BETSY\Desktop\tflite\train\images\train\66.jpeg</path>
	<source>
		<database>Unknown</database>
	</source>
	<size>
		<width>294</width>
		<height>171</height>
		<depth>3</depth>
	</size>
	<segmented>0</segmented>
	<object>
		<name>apple</name>
		<pose>Unspecified</pose>
		<truncated>1</truncated>
		<difficult>0</difficult>
		<bndbox>
			<xmin>86</xmin>
			<ymin>41</ymin>
			<xmax>239</xmax>
			<ymax>171</ymax>
		</bndbox>
	</object>
</annotation>
