<annotation>
	<folder>train</folder>
	<filename>67tayfsel3bvsdvcvzchm9.jpg</filename>
	<path>C:\tensorflow1\models\research\object_detection\images\train\67tayfsel3bvsdvcvzchm9.jpg</path>
	<source>
		<database>Unknown</database>
	</source>
	<size>
		<width>800</width>
		<height>800</height>
		<depth>3</depth>
	</size>
	<segmented>0</segmented>
	<object>
		<name>mask</name>
		<pose>Unspecified</pose>
		<truncated>0</truncated>
		<difficult>0</difficult>
		<bndbox>
			<xmin>280</xmin>
			<ymin>270</ymin>
			<xmax>731</xmax>
			<ymax>726</ymax>
		</bndbox>
	</object>
</annotation>
