<annotation>
	<folder>apple</folder>
	<filename>68.jpeg</filename>
	<path>C:\Users\BETSY\Desktop\tflite\train2\apple\68.jpeg</path>
	<source>
		<database>Unknown</database>
	</source>
	<size>
		<width>474</width>
		<height>474</height>
		<depth>3</depth>
	</size>
	<segmented>0</segmented>
	<object>
		<name>apple</name>
		<pose>Unspecified</pose>
		<truncated>0</truncated>
		<difficult>0</difficult>
		<bndbox>
			<xmin>34</xmin>
			<ymin>136</ymin>
			<xmax>213</xmax>
			<ymax>309</ymax>
		</bndbox>
	</object>
	<object>
		<name>apple</name>
		<pose>Unspecified</pose>
		<truncated>0</truncated>
		<difficult>0</difficult>
		<bndbox>
			<xmin>202</xmin>
			<ymin>93</ymin>
			<xmax>367</xmax>
			<ymax>258</ymax>
		</bndbox>
	</object>
	<object>
		<name>apple</name>
		<pose>Unspecified</pose>
		<truncated>0</truncated>
		<difficult>0</difficult>
		<bndbox>
			<xmin>166</xmin>
			<ymin>248</ymin>
			<xmax>333</xmax>
			<ymax>384</ymax>
		</bndbox>
	</object>
</annotation>
