<annotation>
	<folder>train</folder>
	<filename>69.jpeg</filename>
	<path>C:\Users\BETSY\Desktop\tflite\train\images\train\69.jpeg</path>
	<source>
		<database>Unknown</database>
	</source>
	<size>
		<width>168</width>
		<height>300</height>
		<depth>3</depth>
	</size>
	<segmented>0</segmented>
	<object>
		<name>apple</name>
		<pose>Unspecified</pose>
		<truncated>0</truncated>
		<difficult>0</difficult>
		<bndbox>
			<xmin>8</xmin>
			<ymin>71</ymin>
			<xmax>155</xmax>
			<ymax>236</ymax>
		</bndbox>
	</object>
</annotation>
