<annotation>
	<folder>apple</folder>
	<filename>69.jpeg</filename>
	<path>C:\Users\BETSY\Desktop\tflite\train2\apple\69.jpeg</path>
	<source>
		<database>Unknown</database>
	</source>
	<size>
		<width>474</width>
		<height>447</height>
		<depth>3</depth>
	</size>
	<segmented>0</segmented>
	<object>
		<name>apple</name>
		<pose>Unspecified</pose>
		<truncated>0</truncated>
		<difficult>0</difficult>
		<bndbox>
			<xmin>20</xmin>
			<ymin>35</ymin>
			<xmax>392</xmax>
			<ymax>427</ymax>
		</bndbox>
	</object>
</annotation>
