<annotation>
	<folder>train</folder>
	<filename>6c4bkrv7blix8kwgt8qqbf.jpg</filename>
	<path>C:\tensorflow1\models\research\object_detection\images\train\6c4bkrv7blix8kwgt8qqbf.jpg</path>
	<source>
		<database>Unknown</database>
	</source>
	<size>
		<width>800</width>
		<height>800</height>
		<depth>3</depth>
	</size>
	<segmented>0</segmented>
	<object>
		<name>mask</name>
		<pose>Unspecified</pose>
		<truncated>0</truncated>
		<difficult>0</difficult>
		<bndbox>
			<xmin>239</xmin>
			<ymin>247</ymin>
			<xmax>589</xmax>
			<ymax>607</ymax>
		</bndbox>
	</object>
</annotation>
