<annotation>
	<folder>train</folder>
	<filename>6tzgj7oqs79ggh4m4lfhc.jpg</filename>
	<path>C:\tensorflow1\models\research\object_detection\images\train\6tzgj7oqs79ggh4m4lfhc.jpg</path>
	<source>
		<database>Unknown</database>
	</source>
	<size>
		<width>800</width>
		<height>800</height>
		<depth>3</depth>
	</size>
	<segmented>0</segmented>
	<object>
		<name>mask</name>
		<pose>Unspecified</pose>
		<truncated>0</truncated>
		<difficult>0</difficult>
		<bndbox>
			<xmin>133</xmin>
			<ymin>399</ymin>
			<xmax>514</xmax>
			<ymax>754</ymax>
		</bndbox>
	</object>
</annotation>
