<annotation>
	<folder>train</folder>
	<filename>6xtzapsap18ijo6cbyv0lp.jpg</filename>
	<path>C:\tensorflow1\models\research\object_detection\images\train\6xtzapsap18ijo6cbyv0lp.jpg</path>
	<source>
		<database>Unknown</database>
	</source>
	<size>
		<width>800</width>
		<height>800</height>
		<depth>3</depth>
	</size>
	<segmented>0</segmented>
	<object>
		<name>mask</name>
		<pose>Unspecified</pose>
		<truncated>1</truncated>
		<difficult>0</difficult>
		<bndbox>
			<xmin>1</xmin>
			<ymin>187</ymin>
			<xmax>212</xmax>
			<ymax>752</ymax>
		</bndbox>
	</object>
	<object>
		<name>mask</name>
		<pose>Unspecified</pose>
		<truncated>1</truncated>
		<difficult>0</difficult>
		<bndbox>
			<xmin>537</xmin>
			<ymin>177</ymin>
			<xmax>800</xmax>
			<ymax>757</ymax>
		</bndbox>
	</object>
</annotation>
