<annotation>
	<folder>train</folder>
	<filename>6zc357x8zx8v6kwo086b1l.jpg</filename>
	<path>C:\tensorflow1\models\research\object_detection\images\train\6zc357x8zx8v6kwo086b1l.jpg</path>
	<source>
		<database>Unknown</database>
	</source>
	<size>
		<width>800</width>
		<height>800</height>
		<depth>3</depth>
	</size>
	<segmented>0</segmented>
	<object>
		<name>nomask</name>
		<pose>Unspecified</pose>
		<truncated>1</truncated>
		<difficult>0</difficult>
		<bndbox>
			<xmin>1</xmin>
			<ymin>158</ymin>
			<xmax>234</xmax>
			<ymax>478</ymax>
		</bndbox>
	</object>
	<object>
		<name>nomask</name>
		<pose>Unspecified</pose>
		<truncated>1</truncated>
		<difficult>0</difficult>
		<bndbox>
			<xmin>532</xmin>
			<ymin>98</ymin>
			<xmax>800</xmax>
			<ymax>459</ymax>
		</bndbox>
	</object>
</annotation>
