<annotation>
	<folder>apple</folder>
	<filename>7.jpeg</filename>
	<path>C:\Users\BETSY\Desktop\tflite\train2\apple\7.jpeg</path>
	<source>
		<database>Unknown</database>
	</source>
	<size>
		<width>474</width>
		<height>265</height>
		<depth>3</depth>
	</size>
	<segmented>0</segmented>
	<object>
		<name>apple</name>
		<pose>Unspecified</pose>
		<truncated>0</truncated>
		<difficult>0</difficult>
		<bndbox>
			<xmin>71</xmin>
			<ymin>36</ymin>
			<xmax>302</xmax>
			<ymax>252</ymax>
		</bndbox>
	</object>
	<object>
		<name>apple</name>
		<pose>Unspecified</pose>
		<truncated>0</truncated>
		<difficult>0</difficult>
		<bndbox>
			<xmin>237</xmin>
			<ymin>13</ymin>
			<xmax>372</xmax>
			<ymax>165</ymax>
		</bndbox>
	</object>
</annotation>
