<annotation>
	<folder>train</folder>
	<filename>7.jpeg</filename>
	<path>C:\Users\BETSY\Desktop\tflite\train\images\train\7.jpeg</path>
	<source>
		<database>Unknown</database>
	</source>
	<size>
		<width>225</width>
		<height>224</height>
		<depth>3</depth>
	</size>
	<segmented>0</segmented>
	<object>
		<name>apple</name>
		<pose>Unspecified</pose>
		<truncated>0</truncated>
		<difficult>0</difficult>
		<bndbox>
			<xmin>36</xmin>
			<ymin>78</ymin>
			<xmax>188</xmax>
			<ymax>216</ymax>
		</bndbox>
	</object>
</annotation>
