<annotation>
	<folder>train</folder>
	<filename>71mr9k3mr6vtyyrxrvu20i.jpg</filename>
	<path>C:\tensorflow1\models\research\object_detection\images\train\71mr9k3mr6vtyyrxrvu20i.jpg</path>
	<source>
		<database>Unknown</database>
	</source>
	<size>
		<width>800</width>
		<height>800</height>
		<depth>3</depth>
	</size>
	<segmented>0</segmented>
	<object>
		<name>mask</name>
		<pose>Unspecified</pose>
		<truncated>1</truncated>
		<difficult>0</difficult>
		<bndbox>
			<xmin>6</xmin>
			<ymin>6</ymin>
			<xmax>800</xmax>
			<ymax>780</ymax>
		</bndbox>
	</object>
</annotation>
