<annotation>
	<folder>train</folder>
	<filename>72.jpeg</filename>
	<path>C:\Users\BETSY\Desktop\tflite\train\images\train\72.jpeg</path>
	<source>
		<database>Unknown</database>
	</source>
	<size>
		<width>222</width>
		<height>227</height>
		<depth>3</depth>
	</size>
	<segmented>0</segmented>
	<object>
		<name>apple</name>
		<pose>Unspecified</pose>
		<truncated>1</truncated>
		<difficult>0</difficult>
		<bndbox>
			<xmin>1</xmin>
			<ymin>21</ymin>
			<xmax>222</xmax>
			<ymax>226</ymax>
		</bndbox>
	</object>
</annotation>
