<annotation>
	<folder>apple</folder>
	<filename>73.jpeg</filename>
	<path>C:\Users\BETSY\Desktop\tflite\train2\apple\73.jpeg</path>
	<source>
		<database>Unknown</database>
	</source>
	<size>
		<width>474</width>
		<height>474</height>
		<depth>3</depth>
	</size>
	<segmented>0</segmented>
	<object>
		<name>apple</name>
		<pose>Unspecified</pose>
		<truncated>0</truncated>
		<difficult>0</difficult>
		<bndbox>
			<xmin>76</xmin>
			<ymin>90</ymin>
			<xmax>385</xmax>
			<ymax>391</ymax>
		</bndbox>
	</object>
</annotation>
