<annotation>
	<folder>train</folder>
	<filename>73twv8nncxci7xff2nr29q.jpg</filename>
	<path>C:\tensorflow1\models\research\object_detection\images\train\73twv8nncxci7xff2nr29q.jpg</path>
	<source>
		<database>Unknown</database>
	</source>
	<size>
		<width>800</width>
		<height>800</height>
		<depth>3</depth>
	</size>
	<segmented>0</segmented>
	<object>
		<name>mask</name>
		<pose>Unspecified</pose>
		<truncated>0</truncated>
		<difficult>0</difficult>
		<bndbox>
			<xmin>2</xmin>
			<ymin>247</ymin>
			<xmax>117</xmax>
			<ymax>368</ymax>
		</bndbox>
	</object>
	<object>
		<name>mask</name>
		<pose>Unspecified</pose>
		<truncated>0</truncated>
		<difficult>0</difficult>
		<bndbox>
			<xmin>134</xmin>
			<ymin>235</ymin>
			<xmax>249</xmax>
			<ymax>366</ymax>
		</bndbox>
	</object>
	<object>
		<name>mask</name>
		<pose>Unspecified</pose>
		<truncated>0</truncated>
		<difficult>0</difficult>
		<bndbox>
			<xmin>259</xmin>
			<ymin>205</ymin>
			<xmax>412</xmax>
			<ymax>385</ymax>
		</bndbox>
	</object>
	<object>
		<name>mask</name>
		<pose>Unspecified</pose>
		<truncated>0</truncated>
		<difficult>0</difficult>
		<bndbox>
			<xmin>433</xmin>
			<ymin>217</ymin>
			<xmax>599</xmax>
			<ymax>385</ymax>
		</bndbox>
	</object>
	<object>
		<name>mask</name>
		<pose>Unspecified</pose>
		<truncated>1</truncated>
		<difficult>0</difficult>
		<bndbox>
			<xmin>634</xmin>
			<ymin>213</ymin>
			<xmax>800</xmax>
			<ymax>407</ymax>
		</bndbox>
	</object>
</annotation>
