<annotation>
	<folder>apple</folder>
	<filename>74.jpeg</filename>
	<path>C:\Users\BETSY\Desktop\tflite\train2\apple\74.jpeg</path>
	<source>
		<database>Unknown</database>
	</source>
	<size>
		<width>474</width>
		<height>346</height>
		<depth>3</depth>
	</size>
	<segmented>0</segmented>
	<object>
		<name>apple</name>
		<pose>Unspecified</pose>
		<truncated>0</truncated>
		<difficult>0</difficult>
		<bndbox>
			<xmin>34</xmin>
			<ymin>96</ymin>
			<xmax>257</xmax>
			<ymax>276</ymax>
		</bndbox>
	</object>
	<object>
		<name>apple</name>
		<pose>Unspecified</pose>
		<truncated>1</truncated>
		<difficult>0</difficult>
		<bndbox>
			<xmin>266</xmin>
			<ymin>76</ymin>
			<xmax>474</xmax>
			<ymax>268</ymax>
		</bndbox>
	</object>
</annotation>
