<annotation>
	<folder>train</folder>
	<filename>74f87m6e1hbdgqie2b5yme.jpg</filename>
	<path>C:\tensorflow1\models\research\object_detection\images\train\74f87m6e1hbdgqie2b5yme.jpg</path>
	<source>
		<database>Unknown</database>
	</source>
	<size>
		<width>800</width>
		<height>800</height>
		<depth>3</depth>
	</size>
	<segmented>0</segmented>
	<object>
		<name>mask</name>
		<pose>Unspecified</pose>
		<truncated>0</truncated>
		<difficult>0</difficult>
		<bndbox>
			<xmin>256</xmin>
			<ymin>223</ymin>
			<xmax>559</xmax>
			<ymax>522</ymax>
		</bndbox>
	</object>
</annotation>
