<annotation>
	<folder>train</folder>
	<filename>75.jpeg</filename>
	<path>C:\Users\BETSY\Desktop\tflite\train\images\train\75.jpeg</path>
	<source>
		<database>Unknown</database>
	</source>
	<size>
		<width>228</width>
		<height>188</height>
		<depth>3</depth>
	</size>
	<segmented>0</segmented>
	<object>
		<name>apple</name>
		<pose>Unspecified</pose>
		<truncated>1</truncated>
		<difficult>0</difficult>
		<bndbox>
			<xmin>12</xmin>
			<ymin>13</ymin>
			<xmax>215</xmax>
			<ymax>188</ymax>
		</bndbox>
	</object>
</annotation>
