<annotation>
	<folder>apple</folder>
	<filename>76.jpeg</filename>
	<path>C:\Users\BETSY\Desktop\tflite\train2\apple\76.jpeg</path>
	<source>
		<database>Unknown</database>
	</source>
	<size>
		<width>154</width>
		<height>183</height>
		<depth>3</depth>
	</size>
	<segmented>0</segmented>
	<object>
		<name>apple</name>
		<pose>Unspecified</pose>
		<truncated>1</truncated>
		<difficult>0</difficult>
		<bndbox>
			<xmin>1</xmin>
			<ymin>2</ymin>
			<xmax>154</xmax>
			<ymax>177</ymax>
		</bndbox>
	</object>
</annotation>
