<annotation>
	<folder>apple</folder>
	<filename>77.jpeg</filename>
	<path>C:\Users\BETSY\Desktop\tflite\train2\apple\77.jpeg</path>
	<source>
		<database>Unknown</database>
	</source>
	<size>
		<width>474</width>
		<height>474</height>
		<depth>3</depth>
	</size>
	<segmented>0</segmented>
	<object>
		<name>apple</name>
		<pose>Unspecified</pose>
		<truncated>1</truncated>
		<difficult>0</difficult>
		<bndbox>
			<xmin>1</xmin>
			<ymin>186</ymin>
			<xmax>185</xmax>
			<ymax>364</ymax>
		</bndbox>
	</object>
	<object>
		<name>apple</name>
		<pose>Unspecified</pose>
		<truncated>0</truncated>
		<difficult>0</difficult>
		<bndbox>
			<xmin>161</xmin>
			<ymin>141</ymin>
			<xmax>323</xmax>
			<ymax>329</ymax>
		</bndbox>
	</object>
	<object>
		<name>apple</name>
		<pose>Unspecified</pose>
		<truncated>1</truncated>
		<difficult>0</difficult>
		<bndbox>
			<xmin>282</xmin>
			<ymin>181</ymin>
			<xmax>474</xmax>
			<ymax>365</ymax>
		</bndbox>
	</object>
</annotation>
