<annotation>
	<folder>train</folder>
	<filename>78.jpeg</filename>
	<path>C:\Users\BETSY\Desktop\tflite\train\images\train\78.jpeg</path>
	<source>
		<database>Unknown</database>
	</source>
	<size>
		<width>211</width>
		<height>238</height>
		<depth>3</depth>
	</size>
	<segmented>0</segmented>
	<object>
		<name>apple</name>
		<pose>Unspecified</pose>
		<truncated>0</truncated>
		<difficult>0</difficult>
		<bndbox>
			<xmin>12</xmin>
			<ymin>25</ymin>
			<xmax>196</xmax>
			<ymax>224</ymax>
		</bndbox>
	</object>
</annotation>
