<annotation>
	<folder>train</folder>
	<filename>79.jpeg</filename>
	<path>C:\Users\BETSY\Desktop\tflite\train\images\train\79.jpeg</path>
	<source>
		<database>Unknown</database>
	</source>
	<size>
		<width>217</width>
		<height>232</height>
		<depth>3</depth>
	</size>
	<segmented>0</segmented>
	<object>
		<name>apple</name>
		<pose>Unspecified</pose>
		<truncated>1</truncated>
		<difficult>0</difficult>
		<bndbox>
			<xmin>1</xmin>
			<ymin>9</ymin>
			<xmax>214</xmax>
			<ymax>223</ymax>
		</bndbox>
	</object>
</annotation>
