<annotation>
	<folder>train</folder>
	<filename>79q6ynaih8dwf1qclrml9d.jpg</filename>
	<path>C:\tensorflow1\models\research\object_detection\images\train\79q6ynaih8dwf1qclrml9d.jpg</path>
	<source>
		<database>Unknown</database>
	</source>
	<size>
		<width>800</width>
		<height>800</height>
		<depth>3</depth>
	</size>
	<segmented>0</segmented>
	<object>
		<name>mask</name>
		<pose>Unspecified</pose>
		<truncated>0</truncated>
		<difficult>0</difficult>
		<bndbox>
			<xmin>229</xmin>
			<ymin>116</ymin>
			<xmax>433</xmax>
			<ymax>320</ymax>
		</bndbox>
	</object>
	<object>
		<name>mask</name>
		<pose>Unspecified</pose>
		<truncated>1</truncated>
		<difficult>0</difficult>
		<bndbox>
			<xmin>613</xmin>
			<ymin>122</ymin>
			<xmax>800</xmax>
			<ymax>323</ymax>
		</bndbox>
	</object>
</annotation>
