<annotation>
	<folder>train</folder>
	<filename>7b24nng3f85dze1aa8acet.jpg</filename>
	<path>C:\tensorflow1\models\research\object_detection\images\train\7b24nng3f85dze1aa8acet.jpg</path>
	<source>
		<database>Unknown</database>
	</source>
	<size>
		<width>800</width>
		<height>800</height>
		<depth>3</depth>
	</size>
	<segmented>0</segmented>
	<object>
		<name>nomask</name>
		<pose>Unspecified</pose>
		<truncated>0</truncated>
		<difficult>0</difficult>
		<bndbox>
			<xmin>223</xmin>
			<ymin>79</ymin>
			<xmax>606</xmax>
			<ymax>527</ymax>
		</bndbox>
	</object>
</annotation>
