<annotation>
	<folder>train</folder>
	<filename>7ctlf6cl3d789btjuy1ztr.jpg</filename>
	<path>C:\tensorflow1\models\research\object_detection\images\train\7ctlf6cl3d789btjuy1ztr.jpg</path>
	<source>
		<database>Unknown</database>
	</source>
	<size>
		<width>800</width>
		<height>800</height>
		<depth>3</depth>
	</size>
	<segmented>0</segmented>
	<object>
		<name>mask</name>
		<pose>Unspecified</pose>
		<truncated>0</truncated>
		<difficult>0</difficult>
		<bndbox>
			<xmin>459</xmin>
			<ymin>218</ymin>
			<xmax>782</xmax>
			<ymax>554</ymax>
		</bndbox>
	</object>
</annotation>
