<annotation>
	<folder>train</folder>
	<filename>7tys9j7k4l64wltxrb0qds.jpg</filename>
	<path>C:\tensorflow1\models\research\object_detection\images\train\7tys9j7k4l64wltxrb0qds.jpg</path>
	<source>
		<database>Unknown</database>
	</source>
	<size>
		<width>800</width>
		<height>800</height>
		<depth>3</depth>
	</size>
	<segmented>0</segmented>
	<object>
		<name>nomask</name>
		<pose>Unspecified</pose>
		<truncated>1</truncated>
		<difficult>0</difficult>
		<bndbox>
			<xmin>306</xmin>
			<ymin>1</ymin>
			<xmax>534</xmax>
			<ymax>172</ymax>
		</bndbox>
	</object>
</annotation>
