<annotation>
	<folder>train</folder>
	<filename>83.jpeg</filename>
	<path>C:\Users\BETSY\Desktop\tflite\train\images\train\83.jpeg</path>
	<source>
		<database>Unknown</database>
	</source>
	<size>
		<width>219</width>
		<height>230</height>
		<depth>3</depth>
	</size>
	<segmented>0</segmented>
	<object>
		<name>apple</name>
		<pose>Unspecified</pose>
		<truncated>0</truncated>
		<difficult>0</difficult>
		<bndbox>
			<xmin>16</xmin>
			<ymin>22</ymin>
			<xmax>206</xmax>
			<ymax>218</ymax>
		</bndbox>
	</object>
</annotation>
