<annotation>
	<folder>train</folder>
	<filename>83vz2ti72f2tsv0ain4st.jpg</filename>
	<path>C:\tensorflow1\models\research\object_detection\images\train\83vz2ti72f2tsv0ain4st.jpg</path>
	<source>
		<database>Unknown</database>
	</source>
	<size>
		<width>800</width>
		<height>800</height>
		<depth>3</depth>
	</size>
	<segmented>0</segmented>
	<object>
		<name>nomask</name>
		<pose>Unspecified</pose>
		<truncated>0</truncated>
		<difficult>0</difficult>
		<bndbox>
			<xmin>292</xmin>
			<ymin>124</ymin>
			<xmax>644</xmax>
			<ymax>461</ymax>
		</bndbox>
	</object>
</annotation>
