<annotation>
	<folder>train</folder>
	<filename>84.jpeg</filename>
	<path>C:\Users\BETSY\Desktop\tflite\train\images\train\84.jpeg</path>
	<source>
		<database>Unknown</database>
	</source>
	<size>
		<width>375</width>
		<height>134</height>
		<depth>3</depth>
	</size>
	<segmented>0</segmented>
	<object>
		<name>banana</name>
		<pose>Unspecified</pose>
		<truncated>0</truncated>
		<difficult>0</difficult>
		<bndbox>
			<xmin>87</xmin>
			<ymin>68</ymin>
			<xmax>231</xmax>
			<ymax>126</ymax>
		</bndbox>
	</object>
</annotation>
