<annotation>
	<folder>train</folder>
	<filename>85ov97ywyq27gvxw6wc84x.jpg</filename>
	<path>C:\tensorflow1\models\research\object_detection\images\train\85ov97ywyq27gvxw6wc84x.jpg</path>
	<source>
		<database>Unknown</database>
	</source>
	<size>
		<width>800</width>
		<height>800</height>
		<depth>3</depth>
	</size>
	<segmented>0</segmented>
	<object>
		<name>mask</name>
		<pose>Unspecified</pose>
		<truncated>0</truncated>
		<difficult>0</difficult>
		<bndbox>
			<xmin>188</xmin>
			<ymin>2</ymin>
			<xmax>680</xmax>
			<ymax>390</ymax>
		</bndbox>
	</object>
</annotation>
