<annotation>
	<folder>train</folder>
	<filename>88.jpeg</filename>
	<path>C:\Users\BETSY\Desktop\tflite\train\images\train\88.jpeg</path>
	<source>
		<database>Unknown</database>
	</source>
	<size>
		<width>273</width>
		<height>185</height>
		<depth>3</depth>
	</size>
	<segmented>0</segmented>
	<object>
		<name>banana</name>
		<pose>Unspecified</pose>
		<truncated>1</truncated>
		<difficult>0</difficult>
		<bndbox>
			<xmin>1</xmin>
			<ymin>3</ymin>
			<xmax>270</xmax>
			<ymax>185</ymax>
		</bndbox>
	</object>
</annotation>
