<annotation>
	<folder>train</folder>
	<filename>8czfmno3g2wuzgcudc9q2j.jpg</filename>
	<path>C:\tensorflow1\models\research\object_detection\images\train\8czfmno3g2wuzgcudc9q2j.jpg</path>
	<source>
		<database>Unknown</database>
	</source>
	<size>
		<width>800</width>
		<height>800</height>
		<depth>3</depth>
	</size>
	<segmented>0</segmented>
	<object>
		<name>nomask</name>
		<pose>Unspecified</pose>
		<truncated>1</truncated>
		<difficult>0</difficult>
		<bndbox>
			<xmin>1</xmin>
			<ymin>213</ymin>
			<xmax>141</xmax>
			<ymax>423</ymax>
		</bndbox>
	</object>
	<object>
		<name>nomask</name>
		<pose>Unspecified</pose>
		<truncated>1</truncated>
		<difficult>0</difficult>
		<bndbox>
			<xmin>711</xmin>
			<ymin>63</ymin>
			<xmax>800</xmax>
			<ymax>355</ymax>
		</bndbox>
	</object>
</annotation>
