<annotation>
	<folder>train</folder>
	<filename>8f37vhs2rlw01viarrn30py.jpg</filename>
	<path>C:\tensorflow1\models\research\object_detection\images\train\8f37vhs2rlw01viarrn30py.jpg</path>
	<source>
		<database>Unknown</database>
	</source>
	<size>
		<width>800</width>
		<height>800</height>
		<depth>3</depth>
	</size>
	<segmented>0</segmented>
	<object>
		<name>nomask</name>
		<pose>Unspecified</pose>
		<truncated>0</truncated>
		<difficult>0</difficult>
		<bndbox>
			<xmin>154</xmin>
			<ymin>184</ymin>
			<xmax>608</xmax>
			<ymax>742</ymax>
		</bndbox>
	</object>
</annotation>
