<annotation>
	<folder>train</folder>
	<filename>8j55ngsrg2kwy5ks7jy0gl.jpg</filename>
	<path>C:\tensorflow1\models\research\object_detection\images\train\8j55ngsrg2kwy5ks7jy0gl.jpg</path>
	<source>
		<database>Unknown</database>
	</source>
	<size>
		<width>800</width>
		<height>800</height>
		<depth>3</depth>
	</size>
	<segmented>0</segmented>
	<object>
		<name>mask</name>
		<pose>Unspecified</pose>
		<truncated>1</truncated>
		<difficult>0</difficult>
		<bndbox>
			<xmin>625</xmin>
			<ymin>386</ymin>
			<xmax>800</xmax>
			<ymax>728</ymax>
		</bndbox>
	</object>
	<object>
		<name>mask</name>
		<pose>Unspecified</pose>
		<truncated>1</truncated>
		<difficult>0</difficult>
		<bndbox>
			<xmin>1</xmin>
			<ymin>208</ymin>
			<xmax>334</xmax>
			<ymax>581</ymax>
		</bndbox>
	</object>
</annotation>
