<annotation>
	<folder>train</folder>
	<filename>8psyjta0j7ua80z6kpdisk.jpg</filename>
	<path>C:\tensorflow1\models\research\object_detection\images\train\8psyjta0j7ua80z6kpdisk.jpg</path>
	<source>
		<database>Unknown</database>
	</source>
	<size>
		<width>800</width>
		<height>800</height>
		<depth>3</depth>
	</size>
	<segmented>0</segmented>
	<object>
		<name>mask</name>
		<pose>Unspecified</pose>
		<truncated>0</truncated>
		<difficult>0</difficult>
		<bndbox>
			<xmin>35</xmin>
			<ymin>199</ymin>
			<xmax>253</xmax>
			<ymax>462</ymax>
		</bndbox>
	</object>
	<object>
		<name>mask</name>
		<pose>Unspecified</pose>
		<truncated>0</truncated>
		<difficult>0</difficult>
		<bndbox>
			<xmin>565</xmin>
			<ymin>86</ymin>
			<xmax>791</xmax>
			<ymax>322</ymax>
		</bndbox>
	</object>
</annotation>
