<annotation>
	<folder>train</folder>
	<filename>9.jpeg</filename>
	<path>C:\Users\BETSY\Desktop\tflite\train\images\train\9.jpeg</path>
	<source>
		<database>Unknown</database>
	</source>
	<size>
		<width>214</width>
		<height>236</height>
		<depth>3</depth>
	</size>
	<segmented>0</segmented>
	<object>
		<name>apple</name>
		<pose>Unspecified</pose>
		<truncated>1</truncated>
		<difficult>0</difficult>
		<bndbox>
			<xmin>14</xmin>
			<ymin>50</ymin>
			<xmax>210</xmax>
			<ymax>236</ymax>
		</bndbox>
	</object>
</annotation>
