<annotation>
	<folder>train</folder>
	<filename>91.jpeg</filename>
	<path>C:\Users\BETSY\Desktop\tflite\train\images\train\91.jpeg</path>
	<source>
		<database>Unknown</database>
	</source>
	<size>
		<width>285</width>
		<height>177</height>
		<depth>3</depth>
	</size>
	<segmented>0</segmented>
	<object>
		<name>banana</name>
		<pose>Unspecified</pose>
		<truncated>0</truncated>
		<difficult>0</difficult>
		<bndbox>
			<xmin>94</xmin>
			<ymin>8</ymin>
			<xmax>270</xmax>
			<ymax>102</ymax>
		</bndbox>
	</object>
</annotation>
