<annotation>
	<folder>train</folder>
	<filename>92.jpeg</filename>
	<path>C:\Users\BETSY\Desktop\tflite\train\images\train\92.jpeg</path>
	<source>
		<database>Unknown</database>
	</source>
	<size>
		<width>0</width>
		<height>0</height>
		<depth>3</depth>
	</size>
	<segmented>0</segmented>
	<object>
		<name>banana</name>
		<pose>Unspecified</pose>
		<truncated>0</truncated>
		<difficult>0</difficult>
		<bndbox>
			<xmin>27</xmin>
			<ymin>20</ymin>
			<xmax>294</xmax>
			<ymax>157</ymax>
		</bndbox>
	</object>
</annotation>
