<annotation>
	<folder>train</folder>
	<filename>92dywb4sxg8dr0p8h3b6jv.jpg</filename>
	<path>C:\tensorflow1\models\research\object_detection\images\train\92dywb4sxg8dr0p8h3b6jv.jpg</path>
	<source>
		<database>Unknown</database>
	</source>
	<size>
		<width>800</width>
		<height>800</height>
		<depth>3</depth>
	</size>
	<segmented>0</segmented>
	<object>
		<name>mask</name>
		<pose>Unspecified</pose>
		<truncated>0</truncated>
		<difficult>0</difficult>
		<bndbox>
			<xmin>213</xmin>
			<ymin>204</ymin>
			<xmax>394</xmax>
			<ymax>389</ymax>
		</bndbox>
	</object>
	<object>
		<name>mask</name>
		<pose>Unspecified</pose>
		<truncated>0</truncated>
		<difficult>0</difficult>
		<bndbox>
			<xmin>647</xmin>
			<ymin>425</ymin>
			<xmax>797</xmax>
			<ymax>632</ymax>
		</bndbox>
	</object>
	<object>
		<name>mask</name>
		<pose>Unspecified</pose>
		<truncated>1</truncated>
		<difficult>0</difficult>
		<bndbox>
			<xmin>735</xmin>
			<ymin>4</ymin>
			<xmax>800</xmax>
			<ymax>97</ymax>
		</bndbox>
	</object>
</annotation>
