<annotation>
	<folder>train</folder>
	<filename>93.jpeg</filename>
	<path>C:\Users\BETSY\Desktop\tflite\train\images\train\93.jpeg</path>
	<source>
		<database>Unknown</database>
	</source>
	<size>
		<width>200</width>
		<height>176</height>
		<depth>3</depth>
	</size>
	<segmented>0</segmented>
	<object>
		<name>banana</name>
		<pose>Unspecified</pose>
		<truncated>1</truncated>
		<difficult>0</difficult>
		<bndbox>
			<xmin>2</xmin>
			<ymin>19</ymin>
			<xmax>200</xmax>
			<ymax>175</ymax>
		</bndbox>
	</object>
</annotation>
