<annotation>
	<folder>train</folder>
	<filename>93ttv8oen0k8ffz6jzg1eu.jpg</filename>
	<path>C:\tensorflow1\models\research\object_detection\images\train\93ttv8oen0k8ffz6jzg1eu.jpg</path>
	<source>
		<database>Unknown</database>
	</source>
	<size>
		<width>800</width>
		<height>800</height>
		<depth>3</depth>
	</size>
	<segmented>0</segmented>
	<object>
		<name>mask</name>
		<pose>Unspecified</pose>
		<truncated>0</truncated>
		<difficult>0</difficult>
		<bndbox>
			<xmin>364</xmin>
			<ymin>104</ymin>
			<xmax>520</xmax>
			<ymax>248</ymax>
		</bndbox>
	</object>
	<object>
		<name>mask</name>
		<pose>Unspecified</pose>
		<truncated>0</truncated>
		<difficult>0</difficult>
		<bndbox>
			<xmin>237</xmin>
			<ymin>100</ymin>
			<xmax>359</xmax>
			<ymax>224</ymax>
		</bndbox>
	</object>
	<object>
		<name>mask</name>
		<pose>Unspecified</pose>
		<truncated>0</truncated>
		<difficult>0</difficult>
		<bndbox>
			<xmin>654</xmin>
			<ymin>73</ymin>
			<xmax>778</xmax>
			<ymax>200</ymax>
		</bndbox>
	</object>
</annotation>
