<annotation>
	<folder>train</folder>
	<filename>96.jpeg</filename>
	<path>C:\Users\BETSY\Desktop\tflite\train\images\train\96.jpeg</path>
	<source>
		<database>Unknown</database>
	</source>
	<size>
		<width>238</width>
		<height>211</height>
		<depth>3</depth>
	</size>
	<segmented>0</segmented>
	<object>
		<name>banana</name>
		<pose>Unspecified</pose>
		<truncated>0</truncated>
		<difficult>0</difficult>
		<bndbox>
			<xmin>18</xmin>
			<ymin>40</ymin>
			<xmax>116</xmax>
			<ymax>203</ymax>
		</bndbox>
	</object>
</annotation>
