<annotation>
	<folder>train</folder>
	<filename>9a09fpqb75tjn2ct7ffe2.jpg</filename>
	<path>C:\tensorflow1\models\research\object_detection\images\train\9a09fpqb75tjn2ct7ffe2.jpg</path>
	<source>
		<database>Unknown</database>
	</source>
	<size>
		<width>800</width>
		<height>800</height>
		<depth>3</depth>
	</size>
	<segmented>0</segmented>
	<object>
		<name>nomask</name>
		<pose>Unspecified</pose>
		<truncated>0</truncated>
		<difficult>0</difficult>
		<bndbox>
			<xmin>292</xmin>
			<ymin>182</ymin>
			<xmax>533</xmax>
			<ymax>476</ymax>
		</bndbox>
	</object>
</annotation>
