<annotation>
	<folder>train</folder>
	<filename>9fkrvui3ymbtorq4efb2mk.jpg</filename>
	<path>C:\tensorflow1\models\research\object_detection\images\train\9fkrvui3ymbtorq4efb2mk.jpg</path>
	<source>
		<database>Unknown</database>
	</source>
	<size>
		<width>800</width>
		<height>800</height>
		<depth>3</depth>
	</size>
	<segmented>0</segmented>
	<object>
		<name>nomask</name>
		<pose>Unspecified</pose>
		<truncated>0</truncated>
		<difficult>0</difficult>
		<bndbox>
			<xmin>169</xmin>
			<ymin>175</ymin>
			<xmax>372</xmax>
			<ymax>404</ymax>
		</bndbox>
	</object>
	<object>
		<name>nomask</name>
		<pose>Unspecified</pose>
		<truncated>0</truncated>
		<difficult>0</difficult>
		<bndbox>
			<xmin>483</xmin>
			<ymin>160</ymin>
			<xmax>664</xmax>
			<ymax>347</ymax>
		</bndbox>
	</object>
</annotation>
