<annotation>
	<folder>train</folder>
	<filename>9qk3ywdqoylz6iaby1n1sk.jpg</filename>
	<path>C:\tensorflow1\models\research\object_detection\images\train\9qk3ywdqoylz6iaby1n1sk.jpg</path>
	<source>
		<database>Unknown</database>
	</source>
	<size>
		<width>800</width>
		<height>800</height>
		<depth>3</depth>
	</size>
	<segmented>0</segmented>
	<object>
		<name>nomask</name>
		<pose>Unspecified</pose>
		<truncated>0</truncated>
		<difficult>0</difficult>
		<bndbox>
			<xmin>162</xmin>
			<ymin>25</ymin>
			<xmax>796</xmax>
			<ymax>660</ymax>
		</bndbox>
	</object>
</annotation>
