<annotation>
	<folder>train</folder>
	<filename>9v0rjnnrjaw8bk4q4t6qk3.jpg</filename>
	<path>C:\tensorflow1\models\research\object_detection\images\train\9v0rjnnrjaw8bk4q4t6qk3.jpg</path>
	<source>
		<database>Unknown</database>
	</source>
	<size>
		<width>800</width>
		<height>800</height>
		<depth>3</depth>
	</size>
	<segmented>0</segmented>
	<object>
		<name>mask</name>
		<pose>Unspecified</pose>
		<truncated>0</truncated>
		<difficult>0</difficult>
		<bndbox>
			<xmin>320</xmin>
			<ymin>241</ymin>
			<xmax>700</xmax>
			<ymax>647</ymax>
		</bndbox>
	</object>
</annotation>
