<annotation>
	<folder>train</folder>
	<filename>a2kfk102zo8qqeoa2ra6ys.jpg</filename>
	<path>C:\tensorflow1\models\research\object_detection\images\train\a2kfk102zo8qqeoa2ra6ys.jpg</path>
	<source>
		<database>Unknown</database>
	</source>
	<size>
		<width>800</width>
		<height>800</height>
		<depth>3</depth>
	</size>
	<segmented>0</segmented>
	<object>
		<name>mask</name>
		<pose>Unspecified</pose>
		<truncated>0</truncated>
		<difficult>0</difficult>
		<bndbox>
			<xmin>168</xmin>
			<ymin>185</ymin>
			<xmax>383</xmax>
			<ymax>423</ymax>
		</bndbox>
	</object>
	<object>
		<name>mask</name>
		<pose>Unspecified</pose>
		<truncated>0</truncated>
		<difficult>0</difficult>
		<bndbox>
			<xmin>534</xmin>
			<ymin>366</ymin>
			<xmax>724</xmax>
			<ymax>555</ymax>
		</bndbox>
	</object>
</annotation>
