<annotation>
	<folder>train</folder>
	<filename>agiu62t0jrmaoqsu9ub3sc.jpg</filename>
	<path>C:\tensorflow1\models\research\object_detection\images\train\agiu62t0jrmaoqsu9ub3sc.jpg</path>
	<source>
		<database>Unknown</database>
	</source>
	<size>
		<width>800</width>
		<height>800</height>
		<depth>3</depth>
	</size>
	<segmented>0</segmented>
	<object>
		<name>mask</name>
		<pose>Unspecified</pose>
		<truncated>1</truncated>
		<difficult>0</difficult>
		<bndbox>
			<xmin>1</xmin>
			<ymin>289</ymin>
			<xmax>350</xmax>
			<ymax>732</ymax>
		</bndbox>
	</object>
	<object>
		<name>mask</name>
		<pose>Unspecified</pose>
		<truncated>1</truncated>
		<difficult>0</difficult>
		<bndbox>
			<xmin>517</xmin>
			<ymin>185</ymin>
			<xmax>800</xmax>
			<ymax>656</ymax>
		</bndbox>
	</object>
</annotation>
