<annotation>
	<folder>train</folder>
	<filename>aj9aewdp5x4f2tbg3ora6r.jpg</filename>
	<path>C:\tensorflow1\models\research\object_detection\images\train\aj9aewdp5x4f2tbg3ora6r.jpg</path>
	<source>
		<database>Unknown</database>
	</source>
	<size>
		<width>800</width>
		<height>800</height>
		<depth>3</depth>
	</size>
	<segmented>0</segmented>
	<object>
		<name>mask</name>
		<pose>Unspecified</pose>
		<truncated>0</truncated>
		<difficult>0</difficult>
		<bndbox>
			<xmin>51</xmin>
			<ymin>253</ymin>
			<xmax>405</xmax>
			<ymax>636</ymax>
		</bndbox>
	</object>
</annotation>
