<annotation>
	<folder>train</folder>
	<filename>awb3doc4f3v4tf83y4crk.jpg</filename>
	<path>C:\tensorflow1\models\research\object_detection\images\train\awb3doc4f3v4tf83y4crk.jpg</path>
	<source>
		<database>Unknown</database>
	</source>
	<size>
		<width>800</width>
		<height>800</height>
		<depth>3</depth>
	</size>
	<segmented>0</segmented>
	<object>
		<name>mask</name>
		<pose>Unspecified</pose>
		<truncated>0</truncated>
		<difficult>0</difficult>
		<bndbox>
			<xmin>101</xmin>
			<ymin>117</ymin>
			<xmax>269</xmax>
			<ymax>288</ymax>
		</bndbox>
	</object>
</annotation>
