<annotation>
	<folder>train</folder>
	<filename>b1dyvwypekqn6o0pnccac.jpg</filename>
	<path>C:\tensorflow1\models\research\object_detection\images\train\b1dyvwypekqn6o0pnccac.jpg</path>
	<source>
		<database>Unknown</database>
	</source>
	<size>
		<width>800</width>
		<height>800</height>
		<depth>3</depth>
	</size>
	<segmented>0</segmented>
	<object>
		<name>mask</name>
		<pose>Unspecified</pose>
		<truncated>0</truncated>
		<difficult>0</difficult>
		<bndbox>
			<xmin>302</xmin>
			<ymin>203</ymin>
			<xmax>640</xmax>
			<ymax>509</ymax>
		</bndbox>
	</object>
</annotation>
