<annotation>
	<folder>train</folder>
	<filename>b7vdfnm8rjncjt36alr2o5.jpg</filename>
	<path>C:\tensorflow1\models\research\object_detection\images\train\b7vdfnm8rjncjt36alr2o5.jpg</path>
	<source>
		<database>Unknown</database>
	</source>
	<size>
		<width>800</width>
		<height>800</height>
		<depth>3</depth>
	</size>
	<segmented>0</segmented>
	<object>
		<name>nomask</name>
		<pose>Unspecified</pose>
		<truncated>0</truncated>
		<difficult>0</difficult>
		<bndbox>
			<xmin>518</xmin>
			<ymin>197</ymin>
			<xmax>657</xmax>
			<ymax>343</ymax>
		</bndbox>
	</object>
</annotation>
