<annotation>
	<folder>train</folder>
	<filename>b9tce20hhn7py0m9dtm5i.jpg</filename>
	<path>C:\tensorflow1\models\research\object_detection\images\train\b9tce20hhn7py0m9dtm5i.jpg</path>
	<source>
		<database>Unknown</database>
	</source>
	<size>
		<width>800</width>
		<height>800</height>
		<depth>3</depth>
	</size>
	<segmented>0</segmented>
	<object>
		<name>nomask</name>
		<pose>Unspecified</pose>
		<truncated>0</truncated>
		<difficult>0</difficult>
		<bndbox>
			<xmin>298</xmin>
			<ymin>163</ymin>
			<xmax>544</xmax>
			<ymax>453</ymax>
		</bndbox>
	</object>
</annotation>
