<annotation>
	<folder>train</folder>
	<filename>boulcj1x89o1iq4rjs5k6j.jpg</filename>
	<path>C:\tensorflow1\models\research\object_detection\images\train\boulcj1x89o1iq4rjs5k6j.jpg</path>
	<source>
		<database>Unknown</database>
	</source>
	<size>
		<width>800</width>
		<height>800</height>
		<depth>3</depth>
	</size>
	<segmented>0</segmented>
	<object>
		<name>nomask</name>
		<pose>Unspecified</pose>
		<truncated>0</truncated>
		<difficult>0</difficult>
		<bndbox>
			<xmin>134</xmin>
			<ymin>180</ymin>
			<xmax>472</xmax>
			<ymax>565</ymax>
		</bndbox>
	</object>
</annotation>
