<annotation>
	<folder>train</folder>
	<filename>c2ygcf4xh69v8g8agkdigi.jpg</filename>
	<path>C:\tensorflow1\models\research\object_detection\images\train\c2ygcf4xh69v8g8agkdigi.jpg</path>
	<source>
		<database>Unknown</database>
	</source>
	<size>
		<width>800</width>
		<height>800</height>
		<depth>3</depth>
	</size>
	<segmented>0</segmented>
	<object>
		<name>nomask</name>
		<pose>Unspecified</pose>
		<truncated>0</truncated>
		<difficult>0</difficult>
		<bndbox>
			<xmin>183</xmin>
			<ymin>127</ymin>
			<xmax>564</xmax>
			<ymax>530</ymax>
		</bndbox>
	</object>
</annotation>
