<annotation>
	<folder>train</folder>
	<filename>covwkyo59r5wagfc16yuf.jpg</filename>
	<path>C:\tensorflow1\models\research\object_detection\images\train\covwkyo59r5wagfc16yuf.jpg</path>
	<source>
		<database>Unknown</database>
	</source>
	<size>
		<width>800</width>
		<height>800</height>
		<depth>3</depth>
	</size>
	<segmented>0</segmented>
	<object>
		<name>nomask</name>
		<pose>Unspecified</pose>
		<truncated>1</truncated>
		<difficult>0</difficult>
		<bndbox>
			<xmin>10</xmin>
			<ymin>1</ymin>
			<xmax>298</xmax>
			<ymax>248</ymax>
		</bndbox>
	</object>
	<object>
		<name>nomask</name>
		<pose>Unspecified</pose>
		<truncated>1</truncated>
		<difficult>0</difficult>
		<bndbox>
			<xmin>518</xmin>
			<ymin>1</ymin>
			<xmax>797</xmax>
			<ymax>219</ymax>
		</bndbox>
	</object>
</annotation>
