<annotation>
	<folder>train</folder>
	<filename>cqw6pkvff4op1nya7lme99.jpg</filename>
	<path>C:\tensorflow1\models\research\object_detection\images\train\cqw6pkvff4op1nya7lme99.jpg</path>
	<source>
		<database>Unknown</database>
	</source>
	<size>
		<width>800</width>
		<height>800</height>
		<depth>3</depth>
	</size>
	<segmented>0</segmented>
	<object>
		<name>nomask</name>
		<pose>Unspecified</pose>
		<truncated>0</truncated>
		<difficult>0</difficult>
		<bndbox>
			<xmin>224</xmin>
			<ymin>204</ymin>
			<xmax>600</xmax>
			<ymax>605</ymax>
		</bndbox>
	</object>
</annotation>
