<annotation>
	<folder>train</folder>
	<filename>d3t62x6fwzkq9qh5pq71zm.jpg</filename>
	<path>C:\tensorflow1\models\research\object_detection\images\train\d3t62x6fwzkq9qh5pq71zm.jpg</path>
	<source>
		<database>Unknown</database>
	</source>
	<size>
		<width>800</width>
		<height>800</height>
		<depth>3</depth>
	</size>
	<segmented>0</segmented>
	<object>
		<name>nomask</name>
		<pose>Unspecified</pose>
		<truncated>0</truncated>
		<difficult>0</difficult>
		<bndbox>
			<xmin>247</xmin>
			<ymin>180</ymin>
			<xmax>579</xmax>
			<ymax>540</ymax>
		</bndbox>
	</object>
</annotation>
