<annotation>
	<folder>train</folder>
	<filename>d4eqbau5tqfly1z932ke5.jpg</filename>
	<path>C:\tensorflow1\models\research\object_detection\images\train\d4eqbau5tqfly1z932ke5.jpg</path>
	<source>
		<database>Unknown</database>
	</source>
	<size>
		<width>800</width>
		<height>800</height>
		<depth>3</depth>
	</size>
	<segmented>0</segmented>
	<object>
		<name>mask</name>
		<pose>Unspecified</pose>
		<truncated>1</truncated>
		<difficult>0</difficult>
		<bndbox>
			<xmin>16</xmin>
			<ymin>1</ymin>
			<xmax>766</xmax>
			<ymax>772</ymax>
		</bndbox>
	</object>
</annotation>
