<annotation>
	<folder>train</folder>
	<filename>d6lehx3fsfh0m4adigf7b5m.jpg</filename>
	<path>C:\tensorflow1\models\research\object_detection\images\train\d6lehx3fsfh0m4adigf7b5m.jpg</path>
	<source>
		<database>Unknown</database>
	</source>
	<size>
		<width>800</width>
		<height>800</height>
		<depth>3</depth>
	</size>
	<segmented>0</segmented>
	<object>
		<name>nomask</name>
		<pose>Unspecified</pose>
		<truncated>0</truncated>
		<difficult>0</difficult>
		<bndbox>
			<xmin>189</xmin>
			<ymin>233</ymin>
			<xmax>613</xmax>
			<ymax>689</ymax>
		</bndbox>
	</object>
</annotation>
