<annotation>
	<folder>train</folder>
	<filename>d6r7bnf08umy08mrw2u2ce.jpg</filename>
	<path>C:\tensorflow1\models\research\object_detection\images\train\d6r7bnf08umy08mrw2u2ce.jpg</path>
	<source>
		<database>Unknown</database>
	</source>
	<size>
		<width>800</width>
		<height>800</height>
		<depth>3</depth>
	</size>
	<segmented>0</segmented>
	<object>
		<name>nomask</name>
		<pose>Unspecified</pose>
		<truncated>1</truncated>
		<difficult>0</difficult>
		<bndbox>
			<xmin>1</xmin>
			<ymin>228</ymin>
			<xmax>199</xmax>
			<ymax>535</ymax>
		</bndbox>
	</object>
	<object>
		<name>nomask</name>
		<pose>Unspecified</pose>
		<truncated>1</truncated>
		<difficult>0</difficult>
		<bndbox>
			<xmin>644</xmin>
			<ymin>211</ymin>
			<xmax>800</xmax>
			<ymax>556</ymax>
		</bndbox>
	</object>
</annotation>
