<annotation>
	<folder>train</folder>
	<filename>d9yu5fwt00s4r1nc3e9go.jpg</filename>
	<path>C:\tensorflow1\models\research\object_detection\images\train\d9yu5fwt00s4r1nc3e9go.jpg</path>
	<source>
		<database>Unknown</database>
	</source>
	<size>
		<width>800</width>
		<height>800</height>
		<depth>3</depth>
	</size>
	<segmented>0</segmented>
	<object>
		<name>mask</name>
		<pose>Unspecified</pose>
		<truncated>0</truncated>
		<difficult>0</difficult>
		<bndbox>
			<xmin>316</xmin>
			<ymin>284</ymin>
			<xmax>737</xmax>
			<ymax>731</ymax>
		</bndbox>
	</object>
</annotation>
