<annotation>
	<folder>train</folder>
	<filename>da8togq7u9qgl9kzbke1.jpg</filename>
	<path>C:\tensorflow1\models\research\object_detection\images\train\da8togq7u9qgl9kzbke1.jpg</path>
	<source>
		<database>Unknown</database>
	</source>
	<size>
		<width>800</width>
		<height>800</height>
		<depth>3</depth>
	</size>
	<segmented>0</segmented>
	<object>
		<name>nomask</name>
		<pose>Unspecified</pose>
		<truncated>0</truncated>
		<difficult>0</difficult>
		<bndbox>
			<xmin>199</xmin>
			<ymin>196</ymin>
			<xmax>500</xmax>
			<ymax>542</ymax>
		</bndbox>
	</object>
</annotation>
