<annotation>
	<folder>train</folder>
	<filename>ddye78rurjos8beqthomo.jpg</filename>
	<path>C:\tensorflow1\models\research\object_detection\images\train\ddye78rurjos8beqthomo.jpg</path>
	<source>
		<database>Unknown</database>
	</source>
	<size>
		<width>800</width>
		<height>800</height>
		<depth>3</depth>
	</size>
	<segmented>0</segmented>
	<object>
		<name>mask</name>
		<pose>Unspecified</pose>
		<truncated>1</truncated>
		<difficult>0</difficult>
		<bndbox>
			<xmin>1</xmin>
			<ymin>240</ymin>
			<xmax>249</xmax>
			<ymax>646</ymax>
		</bndbox>
	</object>
	<object>
		<name>mask</name>
		<pose>Unspecified</pose>
		<truncated>0</truncated>
		<difficult>0</difficult>
		<bndbox>
			<xmin>517</xmin>
			<ymin>215</ymin>
			<xmax>758</xmax>
			<ymax>527</ymax>
		</bndbox>
	</object>
</annotation>
