<annotation>
	<folder>train</folder>
	<filename>des6rjmied5t37fqw26j.jpg</filename>
	<path>C:\tensorflow1\models\research\object_detection\images\train\des6rjmied5t37fqw26j.jpg</path>
	<source>
		<database>Unknown</database>
	</source>
	<size>
		<width>800</width>
		<height>800</height>
		<depth>3</depth>
	</size>
	<segmented>0</segmented>
	<object>
		<name>nomask</name>
		<pose>Unspecified</pose>
		<truncated>0</truncated>
		<difficult>0</difficult>
		<bndbox>
			<xmin>144</xmin>
			<ymin>160</ymin>
			<xmax>407</xmax>
			<ymax>442</ymax>
		</bndbox>
	</object>
</annotation>
