<annotation>
	<folder>train</folder>
	<filename>df4ay06y74kt3g4cfxeej.jpg</filename>
	<path>C:\tensorflow1\models\research\object_detection\images\train\df4ay06y74kt3g4cfxeej.jpg</path>
	<source>
		<database>Unknown</database>
	</source>
	<size>
		<width>800</width>
		<height>800</height>
		<depth>3</depth>
	</size>
	<segmented>0</segmented>
	<object>
		<name>mask</name>
		<pose>Unspecified</pose>
		<truncated>1</truncated>
		<difficult>0</difficult>
		<bndbox>
			<xmin>1</xmin>
			<ymin>358</ymin>
			<xmax>151</xmax>
			<ymax>639</ymax>
		</bndbox>
	</object>
</annotation>
