<annotation>
	<folder>train</folder>
	<filename>dghiwwyvi8gk5qqo0i4og.jpg</filename>
	<path>C:\tensorflow1\models\research\object_detection\images\train\dghiwwyvi8gk5qqo0i4og.jpg</path>
	<source>
		<database>Unknown</database>
	</source>
	<size>
		<width>800</width>
		<height>800</height>
		<depth>3</depth>
	</size>
	<segmented>0</segmented>
	<object>
		<name>mask</name>
		<pose>Unspecified</pose>
		<truncated>0</truncated>
		<difficult>0</difficult>
		<bndbox>
			<xmin>169</xmin>
			<ymin>179</ymin>
			<xmax>619</xmax>
			<ymax>654</ymax>
		</bndbox>
	</object>
</annotation>
