<annotation>
	<folder>train</folder>
	<filename>dh11ncena2lw62m007qwl.jpg</filename>
	<path>C:\tensorflow1\models\research\object_detection\images\train\dh11ncena2lw62m007qwl.jpg</path>
	<source>
		<database>Unknown</database>
	</source>
	<size>
		<width>800</width>
		<height>800</height>
		<depth>3</depth>
	</size>
	<segmented>0</segmented>
	<object>
		<name>nomask</name>
		<pose>Unspecified</pose>
		<truncated>0</truncated>
		<difficult>0</difficult>
		<bndbox>
			<xmin>484</xmin>
			<ymin>279</ymin>
			<xmax>604</xmax>
			<ymax>407</ymax>
		</bndbox>
	</object>
	<object>
		<name>nomask</name>
		<pose>Unspecified</pose>
		<truncated>0</truncated>
		<difficult>0</difficult>
		<bndbox>
			<xmin>643</xmin>
			<ymin>219</ymin>
			<xmax>737</xmax>
			<ymax>316</ymax>
		</bndbox>
	</object>
	<object>
		<name>nomask</name>
		<pose>Unspecified</pose>
		<truncated>0</truncated>
		<difficult>0</difficult>
		<bndbox>
			<xmin>391</xmin>
			<ymin>166</ymin>
			<xmax>466</xmax>
			<ymax>250</ymax>
		</bndbox>
	</object>
	<object>
		<name>nomask</name>
		<pose>Unspecified</pose>
		<truncated>0</truncated>
		<difficult>0</difficult>
		<bndbox>
			<xmin>187</xmin>
			<ymin>241</ymin>
			<xmax>255</xmax>
			<ymax>344</ymax>
		</bndbox>
	</object>
	<object>
		<name>nomask</name>
		<pose>Unspecified</pose>
		<truncated>1</truncated>
		<difficult>0</difficult>
		<bndbox>
			<xmin>1</xmin>
			<ymin>274</ymin>
			<xmax>56</xmax>
			<ymax>374</ymax>
		</bndbox>
	</object>
</annotation>
