<annotation>
	<folder>train</folder>
	<filename>diu1r05bgyo9et9l7qx7fn.jpg</filename>
	<path>C:\tensorflow1\models\research\object_detection\images\train\diu1r05bgyo9et9l7qx7fn.jpg</path>
	<source>
		<database>Unknown</database>
	</source>
	<size>
		<width>800</width>
		<height>800</height>
		<depth>3</depth>
	</size>
	<segmented>0</segmented>
	<object>
		<name>nomask</name>
		<pose>Unspecified</pose>
		<truncated>0</truncated>
		<difficult>0</difficult>
		<bndbox>
			<xmin>262</xmin>
			<ymin>125</ymin>
			<xmax>514</xmax>
			<ymax>409</ymax>
		</bndbox>
	</object>
</annotation>
