<annotation>
	<folder>train</folder>
	<filename>dlkycq09n4e35t2jad9sh.jpg</filename>
	<path>C:\tensorflow1\models\research\object_detection\images\train\dlkycq09n4e35t2jad9sh.jpg</path>
	<source>
		<database>Unknown</database>
	</source>
	<size>
		<width>800</width>
		<height>800</height>
		<depth>3</depth>
	</size>
	<segmented>0</segmented>
	<object>
		<name>nomask</name>
		<pose>Unspecified</pose>
		<truncated>0</truncated>
		<difficult>0</difficult>
		<bndbox>
			<xmin>261</xmin>
			<ymin>213</ymin>
			<xmax>664</xmax>
			<ymax>629</ymax>
		</bndbox>
	</object>
</annotation>
