<annotation>
	<folder>train</folder>
	<filename>dndo8g8z44dt3s5xkq45e.jpg</filename>
	<path>C:\tensorflow1\models\research\object_detection\images\train\dndo8g8z44dt3s5xkq45e.jpg</path>
	<source>
		<database>Unknown</database>
	</source>
	<size>
		<width>800</width>
		<height>800</height>
		<depth>3</depth>
	</size>
	<segmented>0</segmented>
	<object>
		<name>mask</name>
		<pose>Unspecified</pose>
		<truncated>1</truncated>
		<difficult>0</difficult>
		<bndbox>
			<xmin>1</xmin>
			<ymin>198</ymin>
			<xmax>321</xmax>
			<ymax>620</ymax>
		</bndbox>
	</object>
</annotation>
