<annotation>
	<folder>train</folder>
	<filename>dpp85k7o35ei5w7zndri9e.jpg</filename>
	<path>C:\tensorflow1\models\research\object_detection\images\train\dpp85k7o35ei5w7zndri9e.jpg</path>
	<source>
		<database>Unknown</database>
	</source>
	<size>
		<width>800</width>
		<height>800</height>
		<depth>3</depth>
	</size>
	<segmented>0</segmented>
	<object>
		<name>nomask</name>
		<pose>Unspecified</pose>
		<truncated>1</truncated>
		<difficult>0</difficult>
		<bndbox>
			<xmin>1</xmin>
			<ymin>207</ymin>
			<xmax>129</xmax>
			<ymax>417</ymax>
		</bndbox>
	</object>
	<object>
		<name>nomask</name>
		<pose>Unspecified</pose>
		<truncated>1</truncated>
		<difficult>0</difficult>
		<bndbox>
			<xmin>699</xmin>
			<ymin>73</ymin>
			<xmax>800</xmax>
			<ymax>322</ymax>
		</bndbox>
	</object>
</annotation>
