<annotation>
	<folder>train</folder>
	<filename>dur89rai9h5a0j92h9gyon.jpg</filename>
	<path>C:\tensorflow1\models\research\object_detection\images\train\dur89rai9h5a0j92h9gyon.jpg</path>
	<source>
		<database>Unknown</database>
	</source>
	<size>
		<width>800</width>
		<height>800</height>
		<depth>3</depth>
	</size>
	<segmented>0</segmented>
	<object>
		<name>nomask</name>
		<pose>Unspecified</pose>
		<truncated>0</truncated>
		<difficult>0</difficult>
		<bndbox>
			<xmin>286</xmin>
			<ymin>78</ymin>
			<xmax>529</xmax>
			<ymax>347</ymax>
		</bndbox>
	</object>
</annotation>
