<annotation>
	<folder>train</folder>
	<filename>dvebwdl69yew7cxcbrbd3q.jpg</filename>
	<path>C:\tensorflow1\models\research\object_detection\images\train\dvebwdl69yew7cxcbrbd3q.jpg</path>
	<source>
		<database>Unknown</database>
	</source>
	<size>
		<width>800</width>
		<height>800</height>
		<depth>3</depth>
	</size>
	<segmented>0</segmented>
	<object>
		<name>mask</name>
		<pose>Unspecified</pose>
		<truncated>0</truncated>
		<difficult>0</difficult>
		<bndbox>
			<xmin>189</xmin>
			<ymin>226</ymin>
			<xmax>308</xmax>
			<ymax>335</ymax>
		</bndbox>
	</object>
	<object>
		<name>mask</name>
		<pose>Unspecified</pose>
		<truncated>0</truncated>
		<difficult>0</difficult>
		<bndbox>
			<xmin>438</xmin>
			<ymin>250</ymin>
			<xmax>535</xmax>
			<ymax>334</ymax>
		</bndbox>
	</object>
	<object>
		<name>mask</name>
		<pose>Unspecified</pose>
		<truncated>0</truncated>
		<difficult>0</difficult>
		<bndbox>
			<xmin>509</xmin>
			<ymin>561</ymin>
			<xmax>681</xmax>
			<ymax>710</ymax>
		</bndbox>
	</object>
</annotation>
