<annotation>
	<folder>train</folder>
	<filename>dvregluaz9x09yzdgltgj.jpg</filename>
	<path>C:\tensorflow1\models\research\object_detection\images\train\dvregluaz9x09yzdgltgj.jpg</path>
	<source>
		<database>Unknown</database>
	</source>
	<size>
		<width>800</width>
		<height>800</height>
		<depth>3</depth>
	</size>
	<segmented>0</segmented>
	<object>
		<name>nomask</name>
		<pose>Unspecified</pose>
		<truncated>0</truncated>
		<difficult>0</difficult>
		<bndbox>
			<xmin>163</xmin>
			<ymin>315</ymin>
			<xmax>305</xmax>
			<ymax>468</ymax>
		</bndbox>
	</object>
	<object>
		<name>nomask</name>
		<pose>Unspecified</pose>
		<truncated>0</truncated>
		<difficult>0</difficult>
		<bndbox>
			<xmin>343</xmin>
			<ymin>101</ymin>
			<xmax>594</xmax>
			<ymax>380</ymax>
		</bndbox>
	</object>
</annotation>
