<annotation>
	<folder>train</folder>
	<filename>dx03bt1570hfhzkhghcr2c.jpg</filename>
	<path>C:\tensorflow1\models\research\object_detection\images\train\dx03bt1570hfhzkhghcr2c.jpg</path>
	<source>
		<database>Unknown</database>
	</source>
	<size>
		<width>800</width>
		<height>800</height>
		<depth>3</depth>
	</size>
	<segmented>0</segmented>
	<object>
		<name>mask</name>
		<pose>Unspecified</pose>
		<truncated>1</truncated>
		<difficult>0</difficult>
		<bndbox>
			<xmin>1</xmin>
			<ymin>247</ymin>
			<xmax>106</xmax>
			<ymax>426</ymax>
		</bndbox>
	</object>
	<object>
		<name>mask</name>
		<pose>Unspecified</pose>
		<truncated>0</truncated>
		<difficult>0</difficult>
		<bndbox>
			<xmin>311</xmin>
			<ymin>134</ymin>
			<xmax>486</xmax>
			<ymax>332</ymax>
		</bndbox>
	</object>
	<object>
		<name>mask</name>
		<pose>Unspecified</pose>
		<truncated>1</truncated>
		<difficult>0</difficult>
		<bndbox>
			<xmin>758</xmin>
			<ymin>294</ymin>
			<xmax>800</xmax>
			<ymax>491</ymax>
		</bndbox>
	</object>
</annotation>
