<annotation>
	<folder>train</folder>
	<filename>dxq97gkbwfi3r71b9fasez.jpg</filename>
	<path>C:\tensorflow1\models\research\object_detection\images\train\dxq97gkbwfi3r71b9fasez.jpg</path>
	<source>
		<database>Unknown</database>
	</source>
	<size>
		<width>800</width>
		<height>800</height>
		<depth>3</depth>
	</size>
	<segmented>0</segmented>
	<object>
		<name>nomask</name>
		<pose>Unspecified</pose>
		<truncated>0</truncated>
		<difficult>0</difficult>
		<bndbox>
			<xmin>368</xmin>
			<ymin>186</ymin>
			<xmax>744</xmax>
			<ymax>586</ymax>
		</bndbox>
	</object>
</annotation>
