<annotation>
	<folder>train</folder>
	<filename>e0y43f3cfgu45yyoiihp.jpg</filename>
	<path>C:\tensorflow1\models\research\object_detection\images\train\e0y43f3cfgu45yyoiihp.jpg</path>
	<source>
		<database>Unknown</database>
	</source>
	<size>
		<width>800</width>
		<height>800</height>
		<depth>3</depth>
	</size>
	<segmented>0</segmented>
	<object>
		<name>nomask</name>
		<pose>Unspecified</pose>
		<truncated>0</truncated>
		<difficult>0</difficult>
		<bndbox>
			<xmin>189</xmin>
			<ymin>94</ymin>
			<xmax>587</xmax>
			<ymax>516</ymax>
		</bndbox>
	</object>
</annotation>
