<annotation>
	<folder>train</folder>
	<filename>ecv2oh9shokxip2vc3pj3.jpg</filename>
	<path>C:\tensorflow1\models\research\object_detection\images\train\ecv2oh9shokxip2vc3pj3.jpg</path>
	<source>
		<database>Unknown</database>
	</source>
	<size>
		<width>800</width>
		<height>800</height>
		<depth>3</depth>
	</size>
	<segmented>0</segmented>
	<object>
		<name>mask</name>
		<pose>Unspecified</pose>
		<truncated>1</truncated>
		<difficult>0</difficult>
		<bndbox>
			<xmin>454</xmin>
			<ymin>293</ymin>
			<xmax>800</xmax>
			<ymax>680</ymax>
		</bndbox>
	</object>
	<object>
		<name>mask</name>
		<pose>Unspecified</pose>
		<truncated>1</truncated>
		<difficult>0</difficult>
		<bndbox>
			<xmin>1</xmin>
			<ymin>81</ymin>
			<xmax>104</xmax>
			<ymax>292</ymax>
		</bndbox>
	</object>
	<object>
		<name>mask</name>
		<pose>Unspecified</pose>
		<truncated>0</truncated>
		<difficult>0</difficult>
		<bndbox>
			<xmin>153</xmin>
			<ymin>61</ymin>
			<xmax>363</xmax>
			<ymax>296</ymax>
		</bndbox>
	</object>
</annotation>
