<annotation>
	<folder>train</folder>
	<filename>edmkbrszka7wztnvxbq74.jpg</filename>
	<path>C:\tensorflow1\models\research\object_detection\images\train\edmkbrszka7wztnvxbq74.jpg</path>
	<source>
		<database>Unknown</database>
	</source>
	<size>
		<width>800</width>
		<height>800</height>
		<depth>3</depth>
	</size>
	<segmented>0</segmented>
	<object>
		<name>mask</name>
		<pose>Unspecified</pose>
		<truncated>0</truncated>
		<difficult>0</difficult>
		<bndbox>
			<xmin>21</xmin>
			<ymin>483</ymin>
			<xmax>253</xmax>
			<ymax>759</ymax>
		</bndbox>
	</object>
	<object>
		<name>mask</name>
		<pose>Unspecified</pose>
		<truncated>0</truncated>
		<difficult>0</difficult>
		<bndbox>
			<xmin>436</xmin>
			<ymin>487</ymin>
			<xmax>599</xmax>
			<ymax>661</ymax>
		</bndbox>
	</object>
</annotation>
