<annotation>
	<folder>train</folder>
	<filename>ekl1q1hb5nlayy0mkr1okd.jpg</filename>
	<path>C:\tensorflow1\models\research\object_detection\images\train\ekl1q1hb5nlayy0mkr1okd.jpg</path>
	<source>
		<database>Unknown</database>
	</source>
	<size>
		<width>800</width>
		<height>800</height>
		<depth>3</depth>
	</size>
	<segmented>0</segmented>
	<object>
		<name>nomask</name>
		<pose>Unspecified</pose>
		<truncated>0</truncated>
		<difficult>0</difficult>
		<bndbox>
			<xmin>159</xmin>
			<ymin>175</ymin>
			<xmax>521</xmax>
			<ymax>566</ymax>
		</bndbox>
	</object>
</annotation>
