<annotation>
	<folder>train</folder>
	<filename>ekv43oil8ae5k7bviycrln.jpg</filename>
	<path>C:\tensorflow1\models\research\object_detection\images\train\ekv43oil8ae5k7bviycrln.jpg</path>
	<source>
		<database>Unknown</database>
	</source>
	<size>
		<width>800</width>
		<height>800</height>
		<depth>3</depth>
	</size>
	<segmented>0</segmented>
	<object>
		<name>mask</name>
		<pose>Unspecified</pose>
		<truncated>0</truncated>
		<difficult>0</difficult>
		<bndbox>
			<xmin>189</xmin>
			<ymin>101</ymin>
			<xmax>263</xmax>
			<ymax>174</ymax>
		</bndbox>
	</object>
	<object>
		<name>mask</name>
		<pose>Unspecified</pose>
		<truncated>0</truncated>
		<difficult>0</difficult>
		<bndbox>
			<xmin>639</xmin>
			<ymin>139</ymin>
			<xmax>683</xmax>
			<ymax>201</ymax>
		</bndbox>
	</object>
	<object>
		<name>nomask</name>
		<pose>Unspecified</pose>
		<truncated>0</truncated>
		<difficult>0</difficult>
		<bndbox>
			<xmin>485</xmin>
			<ymin>142</ymin>
			<xmax>555</xmax>
			<ymax>223</ymax>
		</bndbox>
	</object>
</annotation>
