<annotation>
	<folder>train</folder>
	<filename>eym5njzbtdog6fx97g24l.jpg</filename>
	<path>C:\tensorflow1\models\research\object_detection\images\train\eym5njzbtdog6fx97g24l.jpg</path>
	<source>
		<database>Unknown</database>
	</source>
	<size>
		<width>800</width>
		<height>800</height>
		<depth>3</depth>
	</size>
	<segmented>0</segmented>
	<object>
		<name>mask</name>
		<pose>Unspecified</pose>
		<truncated>0</truncated>
		<difficult>0</difficult>
		<bndbox>
			<xmin>169</xmin>
			<ymin>178</ymin>
			<xmax>534</xmax>
			<ymax>511</ymax>
		</bndbox>
	</object>
</annotation>
