<annotation>
	<folder>train</folder>
	<filename>f034vijx285l9rz5wd8h3.jpg</filename>
	<path>C:\tensorflow1\models\research\object_detection\images\train\f034vijx285l9rz5wd8h3.jpg</path>
	<source>
		<database>Unknown</database>
	</source>
	<size>
		<width>800</width>
		<height>800</height>
		<depth>3</depth>
	</size>
	<segmented>0</segmented>
	<object>
		<name>mask</name>
		<pose>Unspecified</pose>
		<truncated>1</truncated>
		<difficult>0</difficult>
		<bndbox>
			<xmin>1</xmin>
			<ymin>243</ymin>
			<xmax>234</xmax>
			<ymax>553</ymax>
		</bndbox>
	</object>
	<object>
		<name>mask</name>
		<pose>Unspecified</pose>
		<truncated>0</truncated>
		<difficult>0</difficult>
		<bndbox>
			<xmin>274</xmin>
			<ymin>266</ymin>
			<xmax>578</xmax>
			<ymax>567</ymax>
		</bndbox>
	</object>
</annotation>
