<annotation>
	<folder>train</folder>
	<filename>f1xarygqc7lckq6oc1bu5h.jpg</filename>
	<path>C:\tensorflow1\models\research\object_detection\images\train\f1xarygqc7lckq6oc1bu5h.jpg</path>
	<source>
		<database>Unknown</database>
	</source>
	<size>
		<width>800</width>
		<height>800</height>
		<depth>3</depth>
	</size>
	<segmented>0</segmented>
	<object>
		<name>mask</name>
		<pose>Unspecified</pose>
		<truncated>0</truncated>
		<difficult>0</difficult>
		<bndbox>
			<xmin>356</xmin>
			<ymin>216</ymin>
			<xmax>589</xmax>
			<ymax>484</ymax>
		</bndbox>
	</object>
</annotation>
