<annotation>
	<folder>train</folder>
	<filename>f1yuwkuuk76m8nwm8x4fj.jpg</filename>
	<path>C:\tensorflow1\models\research\object_detection\images\train\f1yuwkuuk76m8nwm8x4fj.jpg</path>
	<source>
		<database>Unknown</database>
	</source>
	<size>
		<width>800</width>
		<height>800</height>
		<depth>3</depth>
	</size>
	<segmented>0</segmented>
	<object>
		<name>mask</name>
		<pose>Unspecified</pose>
		<truncated>0</truncated>
		<difficult>0</difficult>
		<bndbox>
			<xmin>286</xmin>
			<ymin>202</ymin>
			<xmax>667</xmax>
			<ymax>593</ymax>
		</bndbox>
	</object>
</annotation>
