<annotation>
	<folder>train</folder>
	<filename>f2o9zhsd97bvn3gpgb49n.jpg</filename>
	<path>C:\tensorflow1\models\research\object_detection\images\train\f2o9zhsd97bvn3gpgb49n.jpg</path>
	<source>
		<database>Unknown</database>
	</source>
	<size>
		<width>800</width>
		<height>800</height>
		<depth>3</depth>
	</size>
	<segmented>0</segmented>
	<object>
		<name>nomask</name>
		<pose>Unspecified</pose>
		<truncated>0</truncated>
		<difficult>0</difficult>
		<bndbox>
			<xmin>489</xmin>
			<ymin>142</ymin>
			<xmax>735</xmax>
			<ymax>426</ymax>
		</bndbox>
	</object>
	<object>
		<name>nomask</name>
		<pose>Unspecified</pose>
		<truncated>1</truncated>
		<difficult>0</difficult>
		<bndbox>
			<xmin>1</xmin>
			<ymin>208</ymin>
			<xmax>173</xmax>
			<ymax>450</ymax>
		</bndbox>
	</object>
</annotation>
