<annotation>
	<folder>train</folder>
	<filename>f2wlhytsngeggay5mh7pec.jpg</filename>
	<path>C:\tensorflow1\models\research\object_detection\images\train\f2wlhytsngeggay5mh7pec.jpg</path>
	<source>
		<database>Unknown</database>
	</source>
	<size>
		<width>800</width>
		<height>800</height>
		<depth>3</depth>
	</size>
	<segmented>0</segmented>
	<object>
		<name>nomask</name>
		<pose>Unspecified</pose>
		<truncated>0</truncated>
		<difficult>0</difficult>
		<bndbox>
			<xmin>202</xmin>
			<ymin>229</ymin>
			<xmax>603</xmax>
			<ymax>686</ymax>
		</bndbox>
	</object>
</annotation>
