<annotation>
	<folder>train</folder>
	<filename>favg8sb7fd8wj7a7ozo6mr.jpg</filename>
	<path>C:\tensorflow1\models\research\object_detection\images\train\favg8sb7fd8wj7a7ozo6mr.jpg</path>
	<source>
		<database>Unknown</database>
	</source>
	<size>
		<width>800</width>
		<height>800</height>
		<depth>3</depth>
	</size>
	<segmented>0</segmented>
	<object>
		<name>mask</name>
		<pose>Unspecified</pose>
		<truncated>0</truncated>
		<difficult>0</difficult>
		<bndbox>
			<xmin>98</xmin>
			<ymin>161</ymin>
			<xmax>250</xmax>
			<ymax>329</ymax>
		</bndbox>
	</object>
</annotation>
