<annotation>
	<folder>train</folder>
	<filename>faxkubhv3mf8aw2sx3fh8d.jpg</filename>
	<path>C:\tensorflow1\models\research\object_detection\images\train\faxkubhv3mf8aw2sx3fh8d.jpg</path>
	<source>
		<database>Unknown</database>
	</source>
	<size>
		<width>800</width>
		<height>800</height>
		<depth>3</depth>
	</size>
	<segmented>0</segmented>
	<object>
		<name>nomask</name>
		<pose>Unspecified</pose>
		<truncated>0</truncated>
		<difficult>0</difficult>
		<bndbox>
			<xmin>19</xmin>
			<ymin>13</ymin>
			<xmax>670</xmax>
			<ymax>755</ymax>
		</bndbox>
	</object>
</annotation>
