<annotation>
	<folder>train</folder>
	<filename>fe6ndqv093w2dez0972gzo.jpg</filename>
	<path>C:\tensorflow1\models\research\object_detection\images\train\fe6ndqv093w2dez0972gzo.jpg</path>
	<source>
		<database>Unknown</database>
	</source>
	<size>
		<width>800</width>
		<height>800</height>
		<depth>3</depth>
	</size>
	<segmented>0</segmented>
	<object>
		<name>mask</name>
		<pose>Unspecified</pose>
		<truncated>1</truncated>
		<difficult>0</difficult>
		<bndbox>
			<xmin>516</xmin>
			<ymin>221</ymin>
			<xmax>800</xmax>
			<ymax>702</ymax>
		</bndbox>
	</object>
	<object>
		<name>mask</name>
		<pose>Unspecified</pose>
		<truncated>1</truncated>
		<difficult>0</difficult>
		<bndbox>
			<xmin>1</xmin>
			<ymin>245</ymin>
			<xmax>272</xmax>
			<ymax>697</ymax>
		</bndbox>
	</object>
</annotation>
