<annotation>
	<folder>train</folder>
	<filename>fgo42bf9nb9bn94ux8vg0v.jpg</filename>
	<path>C:\tensorflow1\models\research\object_detection\images\train\fgo42bf9nb9bn94ux8vg0v.jpg</path>
	<source>
		<database>Unknown</database>
	</source>
	<size>
		<width>800</width>
		<height>800</height>
		<depth>3</depth>
	</size>
	<segmented>0</segmented>
	<object>
		<name>nomask</name>
		<pose>Unspecified</pose>
		<truncated>0</truncated>
		<difficult>0</difficult>
		<bndbox>
			<xmin>138</xmin>
			<ymin>303</ymin>
			<xmax>575</xmax>
			<ymax>724</ymax>
		</bndbox>
	</object>
</annotation>
