<annotation>
	<folder>train</folder>
	<filename>fliyknn1q7drpxgab8khl8.jpg</filename>
	<path>C:\tensorflow1\models\research\object_detection\images\train\fliyknn1q7drpxgab8khl8.jpg</path>
	<source>
		<database>Unknown</database>
	</source>
	<size>
		<width>800</width>
		<height>800</height>
		<depth>3</depth>
	</size>
	<segmented>0</segmented>
	<object>
		<name>mask</name>
		<pose>Unspecified</pose>
		<truncated>0</truncated>
		<difficult>0</difficult>
		<bndbox>
			<xmin>128</xmin>
			<ymin>221</ymin>
			<xmax>189</xmax>
			<ymax>297</ymax>
		</bndbox>
	</object>
	<object>
		<name>mask</name>
		<pose>Unspecified</pose>
		<truncated>0</truncated>
		<difficult>0</difficult>
		<bndbox>
			<xmin>561</xmin>
			<ymin>208</ymin>
			<xmax>664</xmax>
			<ymax>312</ymax>
		</bndbox>
	</object>
</annotation>
