<annotation>
	<folder>train</folder>
	<filename>fm34re4bcluzo6l4kvm4wk.jpg</filename>
	<path>C:\tensorflow1\models\research\object_detection\images\train\fm34re4bcluzo6l4kvm4wk.jpg</path>
	<source>
		<database>Unknown</database>
	</source>
	<size>
		<width>800</width>
		<height>800</height>
		<depth>3</depth>
	</size>
	<segmented>0</segmented>
	<object>
		<name>mask</name>
		<pose>Unspecified</pose>
		<truncated>0</truncated>
		<difficult>0</difficult>
		<bndbox>
			<xmin>168</xmin>
			<ymin>591</ymin>
			<xmax>382</xmax>
			<ymax>788</ymax>
		</bndbox>
	</object>
	<object>
		<name>mask</name>
		<pose>Unspecified</pose>
		<truncated>0</truncated>
		<difficult>0</difficult>
		<bndbox>
			<xmin>550</xmin>
			<ymin>193</ymin>
			<xmax>753</xmax>
			<ymax>397</ymax>
		</bndbox>
	</object>
</annotation>
