<annotation>
	<folder>train</folder>
	<filename>fsn5yvz2nwa472qd85mxtf.jpg</filename>
	<path>C:\tensorflow1\models\research\object_detection\images\train\fsn5yvz2nwa472qd85mxtf.jpg</path>
	<source>
		<database>Unknown</database>
	</source>
	<size>
		<width>800</width>
		<height>800</height>
		<depth>3</depth>
	</size>
	<segmented>0</segmented>
	<object>
		<name>mask</name>
		<pose>Unspecified</pose>
		<truncated>0</truncated>
		<difficult>0</difficult>
		<bndbox>
			<xmin>195</xmin>
			<ymin>190</ymin>
			<xmax>344</xmax>
			<ymax>353</ymax>
		</bndbox>
	</object>
	<object>
		<name>mask</name>
		<pose>Unspecified</pose>
		<truncated>1</truncated>
		<difficult>0</difficult>
		<bndbox>
			<xmin>1</xmin>
			<ymin>209</ymin>
			<xmax>137</xmax>
			<ymax>410</ymax>
		</bndbox>
	</object>
	<object>
		<name>mask</name>
		<pose>Unspecified</pose>
		<truncated>1</truncated>
		<difficult>0</difficult>
		<bndbox>
			<xmin>720</xmin>
			<ymin>69</ymin>
			<xmax>800</xmax>
			<ymax>264</ymax>
		</bndbox>
	</object>
</annotation>
