<annotation>
	<folder>train</folder>
	<filename>fwrgcmptgie5ut0xh6ouar.jpg</filename>
	<path>C:\tensorflow1\models\research\object_detection\images\train\fwrgcmptgie5ut0xh6ouar.jpg</path>
	<source>
		<database>Unknown</database>
	</source>
	<size>
		<width>800</width>
		<height>800</height>
		<depth>3</depth>
	</size>
	<segmented>0</segmented>
	<object>
		<name>mask</name>
		<pose>Unspecified</pose>
		<truncated>0</truncated>
		<difficult>0</difficult>
		<bndbox>
			<xmin>38</xmin>
			<ymin>103</ymin>
			<xmax>166</xmax>
			<ymax>224</ymax>
		</bndbox>
	</object>
	<object>
		<name>mask</name>
		<pose>Unspecified</pose>
		<truncated>0</truncated>
		<difficult>0</difficult>
		<bndbox>
			<xmin>341</xmin>
			<ymin>470</ymin>
			<xmax>441</xmax>
			<ymax>565</ymax>
		</bndbox>
	</object>
	<object>
		<name>mask</name>
		<pose>Unspecified</pose>
		<truncated>1</truncated>
		<difficult>0</difficult>
		<bndbox>
			<xmin>680</xmin>
			<ymin>102</ymin>
			<xmax>800</xmax>
			<ymax>225</ymax>
		</bndbox>
	</object>
</annotation>
