<annotation>
	<folder>train</folder>
	<filename>fzy210z74o808ad8bcv12n2.jpg</filename>
	<path>C:\tensorflow1\models\research\object_detection\images\train\fzy210z74o808ad8bcv12n2.jpg</path>
	<source>
		<database>Unknown</database>
	</source>
	<size>
		<width>800</width>
		<height>800</height>
		<depth>3</depth>
	</size>
	<segmented>0</segmented>
	<object>
		<name>nomask</name>
		<pose>Unspecified</pose>
		<truncated>0</truncated>
		<difficult>0</difficult>
		<bndbox>
			<xmin>155</xmin>
			<ymin>234</ymin>
			<xmax>663</xmax>
			<ymax>770</ymax>
		</bndbox>
	</object>
</annotation>
