<annotation>
	<folder>train</folder>
	<filename>g2vypr5u6io4wwbk9msgl3.jpg</filename>
	<path>C:\tensorflow1\models\research\object_detection\images\train\g2vypr5u6io4wwbk9msgl3.jpg</path>
	<source>
		<database>Unknown</database>
	</source>
	<size>
		<width>800</width>
		<height>800</height>
		<depth>3</depth>
	</size>
	<segmented>0</segmented>
	<object>
		<name>nomask</name>
		<pose>Unspecified</pose>
		<truncated>0</truncated>
		<difficult>0</difficult>
		<bndbox>
			<xmin>170</xmin>
			<ymin>292</ymin>
			<xmax>514</xmax>
			<ymax>649</ymax>
		</bndbox>
	</object>
</annotation>
