<annotation>
	<folder>train</folder>
	<filename>g3nj0b8gexvkq9px0a9hd.jpg</filename>
	<path>C:\tensorflow1\models\research\object_detection\images\train\g3nj0b8gexvkq9px0a9hd.jpg</path>
	<source>
		<database>Unknown</database>
	</source>
	<size>
		<width>800</width>
		<height>800</height>
		<depth>3</depth>
	</size>
	<segmented>0</segmented>
	<object>
		<name>nomask</name>
		<pose>Unspecified</pose>
		<truncated>0</truncated>
		<difficult>0</difficult>
		<bndbox>
			<xmin>605</xmin>
			<ymin>144</ymin>
			<xmax>781</xmax>
			<ymax>331</ymax>
		</bndbox>
	</object>
	<object>
		<name>nomask</name>
		<pose>Unspecified</pose>
		<truncated>0</truncated>
		<difficult>0</difficult>
		<bndbox>
			<xmin>53</xmin>
			<ymin>3</ymin>
			<xmax>210</xmax>
			<ymax>249</ymax>
		</bndbox>
	</object>
</annotation>
