<annotation>
	<folder>train</folder>
	<filename>g79uh54xe6tnnyq8tbhjwk.jpg</filename>
	<path>C:\tensorflow1\models\research\object_detection\images\train\g79uh54xe6tnnyq8tbhjwk.jpg</path>
	<source>
		<database>Unknown</database>
	</source>
	<size>
		<width>800</width>
		<height>800</height>
		<depth>3</depth>
	</size>
	<segmented>0</segmented>
	<object>
		<name>mask</name>
		<pose>Unspecified</pose>
		<truncated>0</truncated>
		<difficult>0</difficult>
		<bndbox>
			<xmin>233</xmin>
			<ymin>371</ymin>
			<xmax>447</xmax>
			<ymax>580</ymax>
		</bndbox>
	</object>
	<object>
		<name>mask</name>
		<pose>Unspecified</pose>
		<truncated>1</truncated>
		<difficult>0</difficult>
		<bndbox>
			<xmin>1</xmin>
			<ymin>266</ymin>
			<xmax>64</xmax>
			<ymax>429</ymax>
		</bndbox>
	</object>
	<object>
		<name>mask</name>
		<pose>Unspecified</pose>
		<truncated>1</truncated>
		<difficult>0</difficult>
		<bndbox>
			<xmin>646</xmin>
			<ymin>142</ymin>
			<xmax>800</xmax>
			<ymax>336</ymax>
		</bndbox>
	</object>
</annotation>
