<annotation>
	<folder>train</folder>
	<filename>g7rsp168v3jtx11cwo8kfr.jpg</filename>
	<path>C:\tensorflow1\models\research\object_detection\images\train\g7rsp168v3jtx11cwo8kfr.jpg</path>
	<source>
		<database>Unknown</database>
	</source>
	<size>
		<width>800</width>
		<height>800</height>
		<depth>3</depth>
	</size>
	<segmented>0</segmented>
	<object>
		<name>mask</name>
		<pose>Unspecified</pose>
		<truncated>0</truncated>
		<difficult>0</difficult>
		<bndbox>
			<xmin>243</xmin>
			<ymin>192</ymin>
			<xmax>463</xmax>
			<ymax>442</ymax>
		</bndbox>
	</object>
	<object>
		<name>mask</name>
		<pose>Unspecified</pose>
		<truncated>0</truncated>
		<difficult>0</difficult>
		<bndbox>
			<xmin>599</xmin>
			<ymin>202</ymin>
			<xmax>769</xmax>
			<ymax>455</ymax>
		</bndbox>
	</object>
</annotation>
