<annotation>
	<folder>train</folder>
	<filename>gace6baebilo2zkq4wcdb.jpg</filename>
	<path>C:\tensorflow1\models\research\object_detection\images\train\gace6baebilo2zkq4wcdb.jpg</path>
	<source>
		<database>Unknown</database>
	</source>
	<size>
		<width>800</width>
		<height>800</height>
		<depth>3</depth>
	</size>
	<segmented>0</segmented>
	<object>
		<name>mask</name>
		<pose>Unspecified</pose>
		<truncated>1</truncated>
		<difficult>0</difficult>
		<bndbox>
			<xmin>731</xmin>
			<ymin>134</ymin>
			<xmax>800</xmax>
			<ymax>293</ymax>
		</bndbox>
	</object>
	<object>
		<name>mask</name>
		<pose>Unspecified</pose>
		<truncated>0</truncated>
		<difficult>0</difficult>
		<bndbox>
			<xmin>289</xmin>
			<ymin>74</ymin>
			<xmax>394</xmax>
			<ymax>177</ymax>
		</bndbox>
	</object>
	<object>
		<name>mask</name>
		<pose>Unspecified</pose>
		<truncated>0</truncated>
		<difficult>0</difficult>
		<bndbox>
			<xmin>259</xmin>
			<ymin>82</ymin>
			<xmax>317</xmax>
			<ymax>155</ymax>
		</bndbox>
	</object>
	<object>
		<name>mask</name>
		<pose>Unspecified</pose>
		<truncated>0</truncated>
		<difficult>0</difficult>
		<bndbox>
			<xmin>26</xmin>
			<ymin>133</ymin>
			<xmax>111</xmax>
			<ymax>217</ymax>
		</bndbox>
	</object>
	<object>
		<name>mask</name>
		<pose>Unspecified</pose>
		<truncated>0</truncated>
		<difficult>0</difficult>
		<bndbox>
			<xmin>174</xmin>
			<ymin>167</ymin>
			<xmax>221</xmax>
			<ymax>223</ymax>
		</bndbox>
	</object>
</annotation>
