<annotation>
	<folder>train</folder>
	<filename>gb4v1p408wpvte817ubyrn.jpg</filename>
	<path>C:\tensorflow1\models\research\object_detection\images\train\gb4v1p408wpvte817ubyrn.jpg</path>
	<source>
		<database>Unknown</database>
	</source>
	<size>
		<width>800</width>
		<height>800</height>
		<depth>3</depth>
	</size>
	<segmented>0</segmented>
	<object>
		<name>mask</name>
		<pose>Unspecified</pose>
		<truncated>0</truncated>
		<difficult>0</difficult>
		<bndbox>
			<xmin>448</xmin>
			<ymin>180</ymin>
			<xmax>520</xmax>
			<ymax>253</ymax>
		</bndbox>
	</object>
	<object>
		<name>mask</name>
		<pose>Unspecified</pose>
		<truncated>1</truncated>
		<difficult>0</difficult>
		<bndbox>
			<xmin>1</xmin>
			<ymin>99</ymin>
			<xmax>62</xmax>
			<ymax>168</ymax>
		</bndbox>
	</object>
</annotation>
