<annotation>
	<folder>train</folder>
	<filename>gp5238poe9fbxt3its1yp5.jpg</filename>
	<path>C:\tensorflow1\models\research\object_detection\images\train\gp5238poe9fbxt3its1yp5.jpg</path>
	<source>
		<database>Unknown</database>
	</source>
	<size>
		<width>800</width>
		<height>800</height>
		<depth>3</depth>
	</size>
	<segmented>0</segmented>
	<object>
		<name>nomask</name>
		<pose>Unspecified</pose>
		<truncated>0</truncated>
		<difficult>0</difficult>
		<bndbox>
			<xmin>264</xmin>
			<ymin>291</ymin>
			<xmax>489</xmax>
			<ymax>506</ymax>
		</bndbox>
	</object>
</annotation>
