<annotation>
	<folder>train</folder>
	<filename>gr6x1ng04kjmv991kzv39f.jpg</filename>
	<path>C:\tensorflow1\models\research\object_detection\images\train\gr6x1ng04kjmv991kzv39f.jpg</path>
	<source>
		<database>Unknown</database>
	</source>
	<size>
		<width>800</width>
		<height>800</height>
		<depth>3</depth>
	</size>
	<segmented>0</segmented>
	<object>
		<name>nomask</name>
		<pose>Unspecified</pose>
		<truncated>0</truncated>
		<difficult>0</difficult>
		<bndbox>
			<xmin>95</xmin>
			<ymin>128</ymin>
			<xmax>404</xmax>
			<ymax>465</ymax>
		</bndbox>
	</object>
</annotation>
