<annotation>
	<folder>train</folder>
	<filename>grbpeande6i110lzbvtux4h.jpg</filename>
	<path>C:\tensorflow1\models\research\object_detection\images\train\grbpeande6i110lzbvtux4h.jpg</path>
	<source>
		<database>Unknown</database>
	</source>
	<size>
		<width>800</width>
		<height>800</height>
		<depth>3</depth>
	</size>
	<segmented>0</segmented>
	<object>
		<name>mask</name>
		<pose>Unspecified</pose>
		<truncated>0</truncated>
		<difficult>0</difficult>
		<bndbox>
			<xmin>142</xmin>
			<ymin>60</ymin>
			<xmax>218</xmax>
			<ymax>132</ymax>
		</bndbox>
	</object>
	<object>
		<name>mask</name>
		<pose>Unspecified</pose>
		<truncated>0</truncated>
		<difficult>0</difficult>
		<bndbox>
			<xmin>10</xmin>
			<ymin>65</ymin>
			<xmax>58</xmax>
			<ymax>113</ymax>
		</bndbox>
	</object>
	<object>
		<name>mask</name>
		<pose>Unspecified</pose>
		<truncated>0</truncated>
		<difficult>0</difficult>
		<bndbox>
			<xmin>522</xmin>
			<ymin>96</ymin>
			<xmax>629</xmax>
			<ymax>210</ymax>
		</bndbox>
	</object>
	<object>
		<name>mask</name>
		<pose>Unspecified</pose>
		<truncated>0</truncated>
		<difficult>0</difficult>
		<bndbox>
			<xmin>429</xmin>
			<ymin>66</ymin>
			<xmax>523</xmax>
			<ymax>163</ymax>
		</bndbox>
	</object>
</annotation>
