<annotation>
	<folder>train</folder>
	<filename>gvrx6i7f64qvxeimq28whb.jpg</filename>
	<path>C:\tensorflow1\models\research\object_detection\images\train\gvrx6i7f64qvxeimq28whb.jpg</path>
	<source>
		<database>Unknown</database>
	</source>
	<size>
		<width>800</width>
		<height>800</height>
		<depth>3</depth>
	</size>
	<segmented>0</segmented>
	<object>
		<name>nomask</name>
		<pose>Unspecified</pose>
		<truncated>0</truncated>
		<difficult>0</difficult>
		<bndbox>
			<xmin>213</xmin>
			<ymin>10</ymin>
			<xmax>562</xmax>
			<ymax>387</ymax>
		</bndbox>
	</object>
</annotation>
