<annotation>
	<folder>train</folder>
	<filename>gyfj35q3m8mxdx20i3zz2b.jpg</filename>
	<path>C:\tensorflow1\models\research\object_detection\images\train\gyfj35q3m8mxdx20i3zz2b.jpg</path>
	<source>
		<database>Unknown</database>
	</source>
	<size>
		<width>800</width>
		<height>800</height>
		<depth>3</depth>
	</size>
	<segmented>0</segmented>
	<object>
		<name>mask</name>
		<pose>Unspecified</pose>
		<truncated>0</truncated>
		<difficult>0</difficult>
		<bndbox>
			<xmin>700</xmin>
			<ymin>338</ymin>
			<xmax>771</xmax>
			<ymax>403</ymax>
		</bndbox>
	</object>
	<object>
		<name>mask</name>
		<pose>Unspecified</pose>
		<truncated>0</truncated>
		<difficult>0</difficult>
		<bndbox>
			<xmin>266</xmin>
			<ymin>319</ymin>
			<xmax>311</xmax>
			<ymax>367</ymax>
		</bndbox>
	</object>
	<object>
		<name>mask</name>
		<pose>Unspecified</pose>
		<truncated>0</truncated>
		<difficult>0</difficult>
		<bndbox>
			<xmin>16</xmin>
			<ymin>344</ymin>
			<xmax>60</xmax>
			<ymax>387</ymax>
		</bndbox>
	</object>
	<object>
		<name>nomask</name>
		<pose>Unspecified</pose>
		<truncated>0</truncated>
		<difficult>0</difficult>
		<bndbox>
			<xmin>333</xmin>
			<ymin>319</ymin>
			<xmax>359</xmax>
			<ymax>355</ymax>
		</bndbox>
	</object>
</annotation>
