<annotation>
	<folder>train</folder>
	<filename>h5n4919d8h93owtlvehcjt.jpg</filename>
	<path>C:\tensorflow1\models\research\object_detection\images\train\h5n4919d8h93owtlvehcjt.jpg</path>
	<source>
		<database>Unknown</database>
	</source>
	<size>
		<width>800</width>
		<height>800</height>
		<depth>3</depth>
	</size>
	<segmented>0</segmented>
	<object>
		<name>nomask</name>
		<pose>Unspecified</pose>
		<truncated>0</truncated>
		<difficult>0</difficult>
		<bndbox>
			<xmin>241</xmin>
			<ymin>355</ymin>
			<xmax>475</xmax>
			<ymax>575</ymax>
		</bndbox>
	</object>
</annotation>
