<annotation>
	<folder>train</folder>
	<filename>h9uywz8fzdb3eflasyyy0u.jpg</filename>
	<path>C:\tensorflow1\models\research\object_detection\images\train\h9uywz8fzdb3eflasyyy0u.jpg</path>
	<source>
		<database>Unknown</database>
	</source>
	<size>
		<width>800</width>
		<height>800</height>
		<depth>3</depth>
	</size>
	<segmented>0</segmented>
	<object>
		<name>nomask</name>
		<pose>Unspecified</pose>
		<truncated>0</truncated>
		<difficult>0</difficult>
		<bndbox>
			<xmin>176</xmin>
			<ymin>153</ymin>
			<xmax>626</xmax>
			<ymax>652</ymax>
		</bndbox>
	</object>
</annotation>
