<annotation>
	<folder>train</folder>
	<filename>ha5tnxawxjl30bbsc30rcj.jpg</filename>
	<path>C:\tensorflow1\models\research\object_detection\images\train\ha5tnxawxjl30bbsc30rcj.jpg</path>
	<source>
		<database>Unknown</database>
	</source>
	<size>
		<width>800</width>
		<height>800</height>
		<depth>3</depth>
	</size>
	<segmented>0</segmented>
	<object>
		<name>nomask</name>
		<pose>Unspecified</pose>
		<truncated>0</truncated>
		<difficult>0</difficult>
		<bndbox>
			<xmin>100</xmin>
			<ymin>191</ymin>
			<xmax>507</xmax>
			<ymax>644</ymax>
		</bndbox>
	</object>
</annotation>
