<annotation>
	<folder>train</folder>
	<filename>hdfc0miu5nkczr2wx4p8kl.jpg</filename>
	<path>C:\tensorflow1\models\research\object_detection\images\train\hdfc0miu5nkczr2wx4p8kl.jpg</path>
	<source>
		<database>Unknown</database>
	</source>
	<size>
		<width>800</width>
		<height>800</height>
		<depth>3</depth>
	</size>
	<segmented>0</segmented>
	<object>
		<name>nomask</name>
		<pose>Unspecified</pose>
		<truncated>0</truncated>
		<difficult>0</difficult>
		<bndbox>
			<xmin>171</xmin>
			<ymin>223</ymin>
			<xmax>583</xmax>
			<ymax>682</ymax>
		</bndbox>
	</object>
</annotation>
