<annotation>
	<folder>train</folder>
	<filename>heeabvj1y0ooh4m07kq309.jpg</filename>
	<path>C:\tensorflow1\models\research\object_detection\images\train\heeabvj1y0ooh4m07kq309.jpg</path>
	<source>
		<database>Unknown</database>
	</source>
	<size>
		<width>800</width>
		<height>800</height>
		<depth>3</depth>
	</size>
	<segmented>0</segmented>
	<object>
		<name>mask</name>
		<pose>Unspecified</pose>
		<truncated>1</truncated>
		<difficult>0</difficult>
		<bndbox>
			<xmin>1</xmin>
			<ymin>267</ymin>
			<xmax>81</xmax>
			<ymax>429</ymax>
		</bndbox>
	</object>
	<object>
		<name>mask</name>
		<pose>Unspecified</pose>
		<truncated>1</truncated>
		<difficult>0</difficult>
		<bndbox>
			<xmin>665</xmin>
			<ymin>267</ymin>
			<xmax>800</xmax>
			<ymax>431</ymax>
		</bndbox>
	</object>
</annotation>
