<annotation>
	<folder>train</folder>
	<filename>hss70wrmizu21svw3xu5bn.jpg</filename>
	<path>C:\tensorflow1\models\research\object_detection\images\train\hss70wrmizu21svw3xu5bn.jpg</path>
	<source>
		<database>Unknown</database>
	</source>
	<size>
		<width>800</width>
		<height>800</height>
		<depth>3</depth>
	</size>
	<segmented>0</segmented>
	<object>
		<name>nomask</name>
		<pose>Unspecified</pose>
		<truncated>0</truncated>
		<difficult>0</difficult>
		<bndbox>
			<xmin>116</xmin>
			<ymin>14</ymin>
			<xmax>477</xmax>
			<ymax>431</ymax>
		</bndbox>
	</object>
</annotation>
