<annotation>
	<folder>train</folder>
	<filename>hx8yj2xjchpqw47slub0qc.jpg</filename>
	<path>C:\tensorflow1\models\research\object_detection\images\train\hx8yj2xjchpqw47slub0qc.jpg</path>
	<source>
		<database>Unknown</database>
	</source>
	<size>
		<width>800</width>
		<height>800</height>
		<depth>3</depth>
	</size>
	<segmented>0</segmented>
	<object>
		<name>nomask</name>
		<pose>Unspecified</pose>
		<truncated>0</truncated>
		<difficult>0</difficult>
		<bndbox>
			<xmin>137</xmin>
			<ymin>51</ymin>
			<xmax>252</xmax>
			<ymax>179</ymax>
		</bndbox>
	</object>
	<object>
		<name>nomask</name>
		<pose>Unspecified</pose>
		<truncated>0</truncated>
		<difficult>0</difficult>
		<bndbox>
			<xmin>446</xmin>
			<ymin>166</ymin>
			<xmax>542</xmax>
			<ymax>289</ymax>
		</bndbox>
	</object>
	<object>
		<name>nomask</name>
		<pose>Unspecified</pose>
		<truncated>0</truncated>
		<difficult>0</difficult>
		<bndbox>
			<xmin>624</xmin>
			<ymin>160</ymin>
			<xmax>715</xmax>
			<ymax>262</ymax>
		</bndbox>
	</object>
	<object>
		<name>nomask</name>
		<pose>Unspecified</pose>
		<truncated>0</truncated>
		<difficult>0</difficult>
		<bndbox>
			<xmin>378</xmin>
			<ymin>168</ymin>
			<xmax>453</xmax>
			<ymax>261</ymax>
		</bndbox>
	</object>
</annotation>
