<annotation>
	<folder>train</folder>
	<filename>hxrh918pzu8btxlqezgsz.jpg</filename>
	<path>C:\tensorflow1\models\research\object_detection\images\train\hxrh918pzu8btxlqezgsz.jpg</path>
	<source>
		<database>Unknown</database>
	</source>
	<size>
		<width>800</width>
		<height>800</height>
		<depth>3</depth>
	</size>
	<segmented>0</segmented>
	<object>
		<name>nomask</name>
		<pose>Unspecified</pose>
		<truncated>0</truncated>
		<difficult>0</difficult>
		<bndbox>
			<xmin>86</xmin>
			<ymin>458</ymin>
			<xmax>272</xmax>
			<ymax>651</ymax>
		</bndbox>
	</object>
	<object>
		<name>nomask</name>
		<pose>Unspecified</pose>
		<truncated>0</truncated>
		<difficult>0</difficult>
		<bndbox>
			<xmin>442</xmin>
			<ymin>239</ymin>
			<xmax>661</xmax>
			<ymax>477</ymax>
		</bndbox>
	</object>
</annotation>
