<annotation>
	<folder>train</folder>
	<filename>i17o6bnt1yk4740ao11sk.jpg</filename>
	<path>C:\tensorflow1\models\research\object_detection\images\train\i17o6bnt1yk4740ao11sk.jpg</path>
	<source>
		<database>Unknown</database>
	</source>
	<size>
		<width>800</width>
		<height>800</height>
		<depth>3</depth>
	</size>
	<segmented>0</segmented>
	<object>
		<name>nomask</name>
		<pose>Unspecified</pose>
		<truncated>0</truncated>
		<difficult>0</difficult>
		<bndbox>
			<xmin>104</xmin>
			<ymin>173</ymin>
			<xmax>604</xmax>
			<ymax>771</ymax>
		</bndbox>
	</object>
</annotation>
