<annotation>
	<folder>train</folder>
	<filename>i8kr1qn71z8he4ms3n0dpb.jpg</filename>
	<path>C:\tensorflow1\models\research\object_detection\images\train\i8kr1qn71z8he4ms3n0dpb.jpg</path>
	<source>
		<database>Unknown</database>
	</source>
	<size>
		<width>800</width>
		<height>800</height>
		<depth>3</depth>
	</size>
	<segmented>0</segmented>
	<object>
		<name>mask</name>
		<pose>Unspecified</pose>
		<truncated>0</truncated>
		<difficult>0</difficult>
		<bndbox>
			<xmin>139</xmin>
			<ymin>397</ymin>
			<xmax>220</xmax>
			<ymax>479</ymax>
		</bndbox>
	</object>
	<object>
		<name>mask</name>
		<pose>Unspecified</pose>
		<truncated>0</truncated>
		<difficult>0</difficult>
		<bndbox>
			<xmin>407</xmin>
			<ymin>439</ymin>
			<xmax>493</xmax>
			<ymax>519</ymax>
		</bndbox>
	</object>
	<object>
		<name>mask</name>
		<pose>Unspecified</pose>
		<truncated>0</truncated>
		<difficult>0</difficult>
		<bndbox>
			<xmin>653</xmin>
			<ymin>454</ymin>
			<xmax>732</xmax>
			<ymax>537</ymax>
		</bndbox>
	</object>
	<object>
		<name>mask</name>
		<pose>Unspecified</pose>
		<truncated>1</truncated>
		<difficult>0</difficult>
		<bndbox>
			<xmin>1</xmin>
			<ymin>361</ymin>
			<xmax>58</xmax>
			<ymax>453</ymax>
		</bndbox>
	</object>
	<object>
		<name>mask</name>
		<pose>Unspecified</pose>
		<truncated>0</truncated>
		<difficult>0</difficult>
		<bndbox>
			<xmin>589</xmin>
			<ymin>458</ymin>
			<xmax>635</xmax>
			<ymax>506</ymax>
		</bndbox>
	</object>
</annotation>
