<annotation>
	<folder>train</folder>
	<filename>i97k2q91selpr0txzvz1mk.jpg</filename>
	<path>C:\tensorflow1\models\research\object_detection\images\train\i97k2q91selpr0txzvz1mk.jpg</path>
	<source>
		<database>Unknown</database>
	</source>
	<size>
		<width>800</width>
		<height>800</height>
		<depth>3</depth>
	</size>
	<segmented>0</segmented>
	<object>
		<name>nomask</name>
		<pose>Unspecified</pose>
		<truncated>0</truncated>
		<difficult>0</difficult>
		<bndbox>
			<xmin>253</xmin>
			<ymin>132</ymin>
			<xmax>538</xmax>
			<ymax>436</ymax>
		</bndbox>
	</object>
</annotation>
