<annotation>
	<folder>train</folder>
	<filename>idw80yd7b3v3pibfm4r9.jpg</filename>
	<path>C:\tensorflow1\models\research\object_detection\images\train\idw80yd7b3v3pibfm4r9.jpg</path>
	<source>
		<database>Unknown</database>
	</source>
	<size>
		<width>800</width>
		<height>800</height>
		<depth>3</depth>
	</size>
	<segmented>0</segmented>
	<object>
		<name>mask</name>
		<pose>Unspecified</pose>
		<truncated>0</truncated>
		<difficult>0</difficult>
		<bndbox>
			<xmin>204</xmin>
			<ymin>285</ymin>
			<xmax>263</xmax>
			<ymax>350</ymax>
		</bndbox>
	</object>
	<object>
		<name>mask</name>
		<pose>Unspecified</pose>
		<truncated>0</truncated>
		<difficult>0</difficult>
		<bndbox>
			<xmin>463</xmin>
			<ymin>301</ymin>
			<xmax>547</xmax>
			<ymax>390</ymax>
		</bndbox>
	</object>
	<object>
		<name>mask</name>
		<pose>Unspecified</pose>
		<truncated>0</truncated>
		<difficult>0</difficult>
		<bndbox>
			<xmin>663</xmin>
			<ymin>299</ymin>
			<xmax>717</xmax>
			<ymax>355</ymax>
		</bndbox>
	</object>
	<object>
		<name>nomask</name>
		<pose>Unspecified</pose>
		<truncated>1</truncated>
		<difficult>0</difficult>
		<bndbox>
			<xmin>1</xmin>
			<ymin>315</ymin>
			<xmax>42</xmax>
			<ymax>412</ymax>
		</bndbox>
	</object>
	<object>
		<name>mask</name>
		<pose>Unspecified</pose>
		<truncated>0</truncated>
		<difficult>0</difficult>
		<bndbox>
			<xmin>543</xmin>
			<ymin>328</ymin>
			<xmax>596</xmax>
			<ymax>401</ymax>
		</bndbox>
	</object>
</annotation>
