<annotation>
	<folder>train</folder>
	<filename>ieqoz6vae5pz8znqfz8y2c.jpg</filename>
	<path>C:\tensorflow1\models\research\object_detection\images\train\ieqoz6vae5pz8znqfz8y2c.jpg</path>
	<source>
		<database>Unknown</database>
	</source>
	<size>
		<width>800</width>
		<height>800</height>
		<depth>3</depth>
	</size>
	<segmented>0</segmented>
	<object>
		<name>mask</name>
		<pose>Unspecified</pose>
		<truncated>0</truncated>
		<difficult>0</difficult>
		<bndbox>
			<xmin>11</xmin>
			<ymin>291</ymin>
			<xmax>231</xmax>
			<ymax>592</ymax>
		</bndbox>
	</object>
</annotation>
