<annotation>
	<folder>train</folder>
	<filename>ij95fc4chlood0djhyuik.jpg</filename>
	<path>C:\tensorflow1\models\research\object_detection\images\train\ij95fc4chlood0djhyuik.jpg</path>
	<source>
		<database>Unknown</database>
	</source>
	<size>
		<width>800</width>
		<height>800</height>
		<depth>3</depth>
	</size>
	<segmented>0</segmented>
	<object>
		<name>nomask</name>
		<pose>Unspecified</pose>
		<truncated>0</truncated>
		<difficult>0</difficult>
		<bndbox>
			<xmin>370</xmin>
			<ymin>129</ymin>
			<xmax>568</xmax>
			<ymax>403</ymax>
		</bndbox>
	</object>
</annotation>
