<annotation>
	<folder>train</folder>
	<filename>isov4h1fi6w5tvsnkas3o.jpg</filename>
	<path>C:\tensorflow1\models\research\object_detection\images\train\isov4h1fi6w5tvsnkas3o.jpg</path>
	<source>
		<database>Unknown</database>
	</source>
	<size>
		<width>800</width>
		<height>800</height>
		<depth>3</depth>
	</size>
	<segmented>0</segmented>
	<object>
		<name>nomask</name>
		<pose>Unspecified</pose>
		<truncated>0</truncated>
		<difficult>0</difficult>
		<bndbox>
			<xmin>111</xmin>
			<ymin>207</ymin>
			<xmax>504</xmax>
			<ymax>620</ymax>
		</bndbox>
	</object>
</annotation>
