<annotation>
	<folder>train</folder>
	<filename>izsmdk6fybj5swss9ouf86.jpg</filename>
	<path>C:\tensorflow1\models\research\object_detection\images\train\izsmdk6fybj5swss9ouf86.jpg</path>
	<source>
		<database>Unknown</database>
	</source>
	<size>
		<width>800</width>
		<height>800</height>
		<depth>3</depth>
	</size>
	<segmented>0</segmented>
	<object>
		<name>nomask</name>
		<pose>Unspecified</pose>
		<truncated>0</truncated>
		<difficult>0</difficult>
		<bndbox>
			<xmin>555</xmin>
			<ymin>235</ymin>
			<xmax>731</xmax>
			<ymax>436</ymax>
		</bndbox>
	</object>
	<object>
		<name>nomask</name>
		<pose>Unspecified</pose>
		<truncated>0</truncated>
		<difficult>0</difficult>
		<bndbox>
			<xmin>372</xmin>
			<ymin>200</ymin>
			<xmax>541</xmax>
			<ymax>374</ymax>
		</bndbox>
	</object>
	<object>
		<name>nomask</name>
		<pose>Unspecified</pose>
		<truncated>0</truncated>
		<difficult>0</difficult>
		<bndbox>
			<xmin>108</xmin>
			<ymin>177</ymin>
			<xmax>285</xmax>
			<ymax>382</ymax>
		</bndbox>
	</object>
</annotation>
