<annotation>
	<folder>train</folder>
	<filename>jahep8j4h0fkby2wcqhlv.jpg</filename>
	<path>C:\tensorflow1\models\research\object_detection\images\train\jahep8j4h0fkby2wcqhlv.jpg</path>
	<source>
		<database>Unknown</database>
	</source>
	<size>
		<width>800</width>
		<height>800</height>
		<depth>3</depth>
	</size>
	<segmented>0</segmented>
	<object>
		<name>mask</name>
		<pose>Unspecified</pose>
		<truncated>0</truncated>
		<difficult>0</difficult>
		<bndbox>
			<xmin>407</xmin>
			<ymin>179</ymin>
			<xmax>697</xmax>
			<ymax>481</ymax>
		</bndbox>
	</object>
</annotation>
