<annotation>
	<folder>train</folder>
	<filename>jeci82a4hqdjayueyi2bfh.jpg</filename>
	<path>C:\tensorflow1\models\research\object_detection\images\train\jeci82a4hqdjayueyi2bfh.jpg</path>
	<source>
		<database>Unknown</database>
	</source>
	<size>
		<width>800</width>
		<height>800</height>
		<depth>3</depth>
	</size>
	<segmented>0</segmented>
	<object>
		<name>mask</name>
		<pose>Unspecified</pose>
		<truncated>0</truncated>
		<difficult>0</difficult>
		<bndbox>
			<xmin>64</xmin>
			<ymin>249</ymin>
			<xmax>152</xmax>
			<ymax>364</ymax>
		</bndbox>
	</object>
	<object>
		<name>mask</name>
		<pose>Unspecified</pose>
		<truncated>0</truncated>
		<difficult>0</difficult>
		<bndbox>
			<xmin>313</xmin>
			<ymin>211</ymin>
			<xmax>436</xmax>
			<ymax>352</ymax>
		</bndbox>
	</object>
	<object>
		<name>mask</name>
		<pose>Unspecified</pose>
		<truncated>0</truncated>
		<difficult>0</difficult>
		<bndbox>
			<xmin>550</xmin>
			<ymin>134</ymin>
			<xmax>686</xmax>
			<ymax>276</ymax>
		</bndbox>
	</object>
</annotation>
