<annotation>
	<folder>train</folder>
	<filename>jrm6q7q9bse0ecw2f3fv22.jpg</filename>
	<path>C:\tensorflow1\models\research\object_detection\images\train\jrm6q7q9bse0ecw2f3fv22.jpg</path>
	<source>
		<database>Unknown</database>
	</source>
	<size>
		<width>800</width>
		<height>800</height>
		<depth>3</depth>
	</size>
	<segmented>0</segmented>
	<object>
		<name>nomask</name>
		<pose>Unspecified</pose>
		<truncated>0</truncated>
		<difficult>0</difficult>
		<bndbox>
			<xmin>143</xmin>
			<ymin>96</ymin>
			<xmax>554</xmax>
			<ymax>556</ymax>
		</bndbox>
	</object>
</annotation>
