<annotation>
	<folder>train</folder>
	<filename>k0shauv4tr695o6st4o5e.jpg</filename>
	<path>C:\tensorflow1\models\research\object_detection\images\train\k0shauv4tr695o6st4o5e.jpg</path>
	<source>
		<database>Unknown</database>
	</source>
	<size>
		<width>800</width>
		<height>800</height>
		<depth>3</depth>
	</size>
	<segmented>0</segmented>
	<object>
		<name>nomask</name>
		<pose>Unspecified</pose>
		<truncated>0</truncated>
		<difficult>0</difficult>
		<bndbox>
			<xmin>52</xmin>
			<ymin>118</ymin>
			<xmax>387</xmax>
			<ymax>554</ymax>
		</bndbox>
	</object>
</annotation>
