<annotation>
	<folder>train</folder>
	<filename>k4u7vxcwcbn2m09jxwrw6r.jpg</filename>
	<path>C:\tensorflow1\models\research\object_detection\images\train\k4u7vxcwcbn2m09jxwrw6r.jpg</path>
	<source>
		<database>Unknown</database>
	</source>
	<size>
		<width>800</width>
		<height>800</height>
		<depth>3</depth>
	</size>
	<segmented>0</segmented>
	<object>
		<name>mask</name>
		<pose>Unspecified</pose>
		<truncated>0</truncated>
		<difficult>0</difficult>
		<bndbox>
			<xmin>253</xmin>
			<ymin>276</ymin>
			<xmax>588</xmax>
			<ymax>651</ymax>
		</bndbox>
	</object>
</annotation>
