<annotation>
	<folder>train</folder>
	<filename>k7vsvi20yjk6t5bbpu2uk8.jpg</filename>
	<path>C:\tensorflow1\models\research\object_detection\images\train\k7vsvi20yjk6t5bbpu2uk8.jpg</path>
	<source>
		<database>Unknown</database>
	</source>
	<size>
		<width>800</width>
		<height>800</height>
		<depth>3</depth>
	</size>
	<segmented>0</segmented>
	<object>
		<name>mask</name>
		<pose>Unspecified</pose>
		<truncated>1</truncated>
		<difficult>0</difficult>
		<bndbox>
			<xmin>333</xmin>
			<ymin>30</ymin>
			<xmax>800</xmax>
			<ymax>666</ymax>
		</bndbox>
	</object>
</annotation>
