<annotation>
	<folder>train</folder>
	<filename>kbqx74t6c8nviovnljx2b.jpg</filename>
	<path>C:\tensorflow1\models\research\object_detection\images\train\kbqx74t6c8nviovnljx2b.jpg</path>
	<source>
		<database>Unknown</database>
	</source>
	<size>
		<width>800</width>
		<height>800</height>
		<depth>3</depth>
	</size>
	<segmented>0</segmented>
	<object>
		<name>mask</name>
		<pose>Unspecified</pose>
		<truncated>0</truncated>
		<difficult>0</difficult>
		<bndbox>
			<xmin>479</xmin>
			<ymin>184</ymin>
			<xmax>663</xmax>
			<ymax>376</ymax>
		</bndbox>
	</object>
	<object>
		<name>mask</name>
		<pose>Unspecified</pose>
		<truncated>0</truncated>
		<difficult>0</difficult>
		<bndbox>
			<xmin>206</xmin>
			<ymin>109</ymin>
			<xmax>337</xmax>
			<ymax>253</ymax>
		</bndbox>
	</object>
</annotation>
