<annotation>
	<folder>train</folder>
	<filename>kj1945fw9oao5u7wspprj.jpg</filename>
	<path>C:\tensorflow1\models\research\object_detection\images\train\kj1945fw9oao5u7wspprj.jpg</path>
	<source>
		<database>Unknown</database>
	</source>
	<size>
		<width>800</width>
		<height>800</height>
		<depth>1</depth>
	</size>
	<segmented>0</segmented>
	<object>
		<name>nomask</name>
		<pose>Unspecified</pose>
		<truncated>0</truncated>
		<difficult>0</difficult>
		<bndbox>
			<xmin>294</xmin>
			<ymin>214</ymin>
			<xmax>501</xmax>
			<ymax>476</ymax>
		</bndbox>
	</object>
</annotation>
