<annotation>
	<folder>train</folder>
	<filename>kjb4yljywhc4zqheiqeu1j.jpg</filename>
	<path>C:\tensorflow1\models\research\object_detection\images\train\kjb4yljywhc4zqheiqeu1j.jpg</path>
	<source>
		<database>Unknown</database>
	</source>
	<size>
		<width>800</width>
		<height>800</height>
		<depth>3</depth>
	</size>
	<segmented>0</segmented>
	<object>
		<name>mask</name>
		<pose>Unspecified</pose>
		<truncated>0</truncated>
		<difficult>0</difficult>
		<bndbox>
			<xmin>321</xmin>
			<ymin>87</ymin>
			<xmax>551</xmax>
			<ymax>302</ymax>
		</bndbox>
	</object>
	<object>
		<name>mask</name>
		<pose>Unspecified</pose>
		<truncated>1</truncated>
		<difficult>0</difficult>
		<bndbox>
			<xmin>684</xmin>
			<ymin>264</ymin>
			<xmax>800</xmax>
			<ymax>399</ymax>
		</bndbox>
	</object>
</annotation>
