<annotation>
	<folder>train</folder>
	<filename>kxpvgxy4tz25al30cv6o3.jpg</filename>
	<path>C:\tensorflow1\models\research\object_detection\images\train\kxpvgxy4tz25al30cv6o3.jpg</path>
	<source>
		<database>Unknown</database>
	</source>
	<size>
		<width>800</width>
		<height>800</height>
		<depth>3</depth>
	</size>
	<segmented>0</segmented>
	<object>
		<name>nomask</name>
		<pose>Unspecified</pose>
		<truncated>0</truncated>
		<difficult>0</difficult>
		<bndbox>
			<xmin>123</xmin>
			<ymin>53</ymin>
			<xmax>261</xmax>
			<ymax>202</ymax>
		</bndbox>
	</object>
	<object>
		<name>nomask</name>
		<pose>Unspecified</pose>
		<truncated>0</truncated>
		<difficult>0</difficult>
		<bndbox>
			<xmin>526</xmin>
			<ymin>81</ymin>
			<xmax>698</xmax>
			<ymax>282</ymax>
		</bndbox>
	</object>
	<object>
		<name>nomask</name>
		<pose>Unspecified</pose>
		<truncated>0</truncated>
		<difficult>0</difficult>
		<bndbox>
			<xmin>144</xmin>
			<ymin>448</ymin>
			<xmax>242</xmax>
			<ymax>551</ymax>
		</bndbox>
	</object>
	<object>
		<name>nomask</name>
		<pose>Unspecified</pose>
		<truncated>0</truncated>
		<difficult>0</difficult>
		<bndbox>
			<xmin>553</xmin>
			<ymin>458</ymin>
			<xmax>651</xmax>
			<ymax>552</ymax>
		</bndbox>
	</object>
</annotation>
