<annotation>
	<folder>train</folder>
	<filename>l5tsjtfbahee40vuo2h378.jpg</filename>
	<path>C:\tensorflow1\models\research\object_detection\images\train\l5tsjtfbahee40vuo2h378.jpg</path>
	<source>
		<database>Unknown</database>
	</source>
	<size>
		<width>800</width>
		<height>800</height>
		<depth>1</depth>
	</size>
	<segmented>0</segmented>
	<object>
		<name>nomask</name>
		<pose>Unspecified</pose>
		<truncated>0</truncated>
		<difficult>0</difficult>
		<bndbox>
			<xmin>127</xmin>
			<ymin>76</ymin>
			<xmax>696</xmax>
			<ymax>687</ymax>
		</bndbox>
	</object>
</annotation>
