<annotation>
	<folder>train</folder>
	<filename>l9w3yk4u3qrmchsg8a2ry8.jpg</filename>
	<path>C:\tensorflow1\models\research\object_detection\images\train\l9w3yk4u3qrmchsg8a2ry8.jpg</path>
	<source>
		<database>Unknown</database>
	</source>
	<size>
		<width>800</width>
		<height>800</height>
		<depth>3</depth>
	</size>
	<segmented>0</segmented>
	<object>
		<name>mask</name>
		<pose>Unspecified</pose>
		<truncated>0</truncated>
		<difficult>0</difficult>
		<bndbox>
			<xmin>274</xmin>
			<ymin>213</ymin>
			<xmax>485</xmax>
			<ymax>434</ymax>
		</bndbox>
	</object>
</annotation>
