<annotation>
	<folder>train</folder>
	<filename>lhc3o7muoicgsjxa6ri0q.jpg</filename>
	<path>C:\tensorflow1\models\research\object_detection\images\train\lhc3o7muoicgsjxa6ri0q.jpg</path>
	<source>
		<database>Unknown</database>
	</source>
	<size>
		<width>800</width>
		<height>800</height>
		<depth>3</depth>
	</size>
	<segmented>0</segmented>
	<object>
		<name>nomask</name>
		<pose>Unspecified</pose>
		<truncated>0</truncated>
		<difficult>0</difficult>
		<bndbox>
			<xmin>295</xmin>
			<ymin>160</ymin>
			<xmax>468</xmax>
			<ymax>327</ymax>
		</bndbox>
	</object>
</annotation>
