<annotation>
	<folder>train</folder>
	<filename>ln322yc6dvuh23p7mit7.jpg</filename>
	<path>C:\tensorflow1\models\research\object_detection\images\train\ln322yc6dvuh23p7mit7.jpg</path>
	<source>
		<database>Unknown</database>
	</source>
	<size>
		<width>800</width>
		<height>800</height>
		<depth>3</depth>
	</size>
	<segmented>0</segmented>
	<object>
		<name>mask</name>
		<pose>Unspecified</pose>
		<truncated>0</truncated>
		<difficult>0</difficult>
		<bndbox>
			<xmin>201</xmin>
			<ymin>336</ymin>
			<xmax>517</xmax>
			<ymax>669</ymax>
		</bndbox>
	</object>
	<object>
		<name>nomask</name>
		<pose>Unspecified</pose>
		<truncated>0</truncated>
		<difficult>0</difficult>
		<bndbox>
			<xmin>308</xmin>
			<ymin>144</ymin>
			<xmax>492</xmax>
			<ymax>310</ymax>
		</bndbox>
	</object>
	<object>
		<name>nomask</name>
		<pose>Unspecified</pose>
		<truncated>0</truncated>
		<difficult>0</difficult>
		<bndbox>
			<xmin>139</xmin>
			<ymin>68</ymin>
			<xmax>320</xmax>
			<ymax>304</ymax>
		</bndbox>
	</object>
</annotation>
