<annotation>
	<folder>train</folder>
	<filename>lukwt94bjv9a7b99sxaphp.jpg</filename>
	<path>C:\tensorflow1\models\research\object_detection\images\train\lukwt94bjv9a7b99sxaphp.jpg</path>
	<source>
		<database>Unknown</database>
	</source>
	<size>
		<width>800</width>
		<height>800</height>
		<depth>3</depth>
	</size>
	<segmented>0</segmented>
	<object>
		<name>mask</name>
		<pose>Unspecified</pose>
		<truncated>0</truncated>
		<difficult>0</difficult>
		<bndbox>
			<xmin>400</xmin>
			<ymin>272</ymin>
			<xmax>670</xmax>
			<ymax>551</ymax>
		</bndbox>
	</object>
	<object>
		<name>mask</name>
		<pose>Unspecified</pose>
		<truncated>0</truncated>
		<difficult>0</difficult>
		<bndbox>
			<xmin>74</xmin>
			<ymin>185</ymin>
			<xmax>397</xmax>
			<ymax>523</ymax>
		</bndbox>
	</object>
</annotation>
