<annotation>
	<folder>train</folder>
	<filename>lupmmeq28uvuvlzqh2k79.jpg</filename>
	<path>C:\tensorflow1\models\research\object_detection\images\train\lupmmeq28uvuvlzqh2k79.jpg</path>
	<source>
		<database>Unknown</database>
	</source>
	<size>
		<width>800</width>
		<height>800</height>
		<depth>3</depth>
	</size>
	<segmented>0</segmented>
	<object>
		<name>nomask</name>
		<pose>Unspecified</pose>
		<truncated>0</truncated>
		<difficult>0</difficult>
		<bndbox>
			<xmin>275</xmin>
			<ymin>284</ymin>
			<xmax>421</xmax>
			<ymax>433</ymax>
		</bndbox>
	</object>
	<object>
		<name>nomask</name>
		<pose>Unspecified</pose>
		<truncated>0</truncated>
		<difficult>0</difficult>
		<bndbox>
			<xmin>626</xmin>
			<ymin>297</ymin>
			<xmax>701</xmax>
			<ymax>375</ymax>
		</bndbox>
	</object>
	<object>
		<name>nomask</name>
		<pose>Unspecified</pose>
		<truncated>0</truncated>
		<difficult>0</difficult>
		<bndbox>
			<xmin>419</xmin>
			<ymin>308</ymin>
			<xmax>491</xmax>
			<ymax>376</ymax>
		</bndbox>
	</object>
	<object>
		<name>nomask</name>
		<pose>Unspecified</pose>
		<truncated>0</truncated>
		<difficult>0</difficult>
		<bndbox>
			<xmin>215</xmin>
			<ymin>259</ymin>
			<xmax>271</xmax>
			<ymax>328</ymax>
		</bndbox>
	</object>
</annotation>
