<annotation>
	<folder>train</folder>
	<filename>lwsdh7enixnd4l33kz7ym9.jpg</filename>
	<path>C:\tensorflow1\models\research\object_detection\images\train\lwsdh7enixnd4l33kz7ym9.jpg</path>
	<source>
		<database>Unknown</database>
	</source>
	<size>
		<width>800</width>
		<height>800</height>
		<depth>3</depth>
	</size>
	<segmented>0</segmented>
	<object>
		<name>mask</name>
		<pose>Unspecified</pose>
		<truncated>1</truncated>
		<difficult>0</difficult>
		<bndbox>
			<xmin>1</xmin>
			<ymin>152</ymin>
			<xmax>167</xmax>
			<ymax>371</ymax>
		</bndbox>
	</object>
	<object>
		<name>mask</name>
		<pose>Unspecified</pose>
		<truncated>1</truncated>
		<difficult>0</difficult>
		<bndbox>
			<xmin>616</xmin>
			<ymin>192</ymin>
			<xmax>800</xmax>
			<ymax>508</ymax>
		</bndbox>
	</object>
</annotation>
