<annotation>
	<folder>train</folder>
	<filename>lx06ugrzqlc0hycgz6org.jpg</filename>
	<path>C:\tensorflow1\models\research\object_detection\images\train\lx06ugrzqlc0hycgz6org.jpg</path>
	<source>
		<database>Unknown</database>
	</source>
	<size>
		<width>800</width>
		<height>800</height>
		<depth>3</depth>
	</size>
	<segmented>0</segmented>
	<object>
		<name>nomask</name>
		<pose>Unspecified</pose>
		<truncated>0</truncated>
		<difficult>0</difficult>
		<bndbox>
			<xmin>322</xmin>
			<ymin>314</ymin>
			<xmax>544</xmax>
			<ymax>538</ymax>
		</bndbox>
	</object>
</annotation>
