<annotation>
	<folder>train</folder>
	<filename>m0ut3b2itxr3zwe7g5dvu9.jpg</filename>
	<path>C:\tensorflow1\models\research\object_detection\images\train\m0ut3b2itxr3zwe7g5dvu9.jpg</path>
	<source>
		<database>Unknown</database>
	</source>
	<size>
		<width>800</width>
		<height>800</height>
		<depth>3</depth>
	</size>
	<segmented>0</segmented>
	<object>
		<name>nomask</name>
		<pose>Unspecified</pose>
		<truncated>0</truncated>
		<difficult>0</difficult>
		<bndbox>
			<xmin>354</xmin>
			<ymin>184</ymin>
			<xmax>552</xmax>
			<ymax>416</ymax>
		</bndbox>
	</object>
</annotation>
