<annotation>
	<folder>train</folder>
	<filename>m2q7jcix488uwyy9lyczka.jpg</filename>
	<path>C:\tensorflow1\models\research\object_detection\images\train\m2q7jcix488uwyy9lyczka.jpg</path>
	<source>
		<database>Unknown</database>
	</source>
	<size>
		<width>800</width>
		<height>800</height>
		<depth>3</depth>
	</size>
	<segmented>0</segmented>
	<object>
		<name>nomask</name>
		<pose>Unspecified</pose>
		<truncated>0</truncated>
		<difficult>0</difficult>
		<bndbox>
			<xmin>192</xmin>
			<ymin>278</ymin>
			<xmax>509</xmax>
			<ymax>632</ymax>
		</bndbox>
	</object>
</annotation>
