<annotation>
	<folder>train</folder>
	<filename>mkgefakx8n9xa84jgol1z.jpg</filename>
	<path>C:\tensorflow1\models\research\object_detection\images\train\mkgefakx8n9xa84jgol1z.jpg</path>
	<source>
		<database>Unknown</database>
	</source>
	<size>
		<width>800</width>
		<height>800</height>
		<depth>3</depth>
	</size>
	<segmented>0</segmented>
	<object>
		<name>mask</name>
		<pose>Unspecified</pose>
		<truncated>0</truncated>
		<difficult>0</difficult>
		<bndbox>
			<xmin>104</xmin>
			<ymin>113</ymin>
			<xmax>208</xmax>
			<ymax>209</ymax>
		</bndbox>
	</object>
	<object>
		<name>mask</name>
		<pose>Unspecified</pose>
		<truncated>0</truncated>
		<difficult>0</difficult>
		<bndbox>
			<xmin>301</xmin>
			<ymin>163</ymin>
			<xmax>407</xmax>
			<ymax>267</ymax>
		</bndbox>
	</object>
	<object>
		<name>mask</name>
		<pose>Unspecified</pose>
		<truncated>0</truncated>
		<difficult>0</difficult>
		<bndbox>
			<xmin>616</xmin>
			<ymin>89</ymin>
			<xmax>787</xmax>
			<ymax>256</ymax>
		</bndbox>
	</object>
</annotation>
