<annotation>
	<folder>train</folder>
	<filename>mkn6cw1rlzp35kha899vs.jpg</filename>
	<path>C:\tensorflow1\models\research\object_detection\images\train\mkn6cw1rlzp35kha899vs.jpg</path>
	<source>
		<database>Unknown</database>
	</source>
	<size>
		<width>800</width>
		<height>800</height>
		<depth>3</depth>
	</size>
	<segmented>0</segmented>
	<object>
		<name>mask</name>
		<pose>Unspecified</pose>
		<truncated>0</truncated>
		<difficult>0</difficult>
		<bndbox>
			<xmin>226</xmin>
			<ymin>314</ymin>
			<xmax>280</xmax>
			<ymax>374</ymax>
		</bndbox>
	</object>
	<object>
		<name>mask</name>
		<pose>Unspecified</pose>
		<truncated>0</truncated>
		<difficult>0</difficult>
		<bndbox>
			<xmin>590</xmin>
			<ymin>343</ymin>
			<xmax>666</xmax>
			<ymax>428</ymax>
		</bndbox>
	</object>
	<object>
		<name>mask</name>
		<pose>Unspecified</pose>
		<truncated>1</truncated>
		<difficult>0</difficult>
		<bndbox>
			<xmin>763</xmin>
			<ymin>282</ymin>
			<xmax>800</xmax>
			<ymax>413</ymax>
		</bndbox>
	</object>
</annotation>
