<annotation verified="yes">
	<folder>train</folder>
	<filename>mlq9s42fismsgzzudkmxhb.jpg</filename>
	<path>C:\tensorflow1\models\research\object_detection\images\train\mlq9s42fismsgzzudkmxhb.jpg</path>
	<source>
		<database>Unknown</database>
	</source>
	<size>
		<width>800</width>
		<height>800</height>
		<depth>3</depth>
	</size>
	<segmented>0</segmented>
	<object>
		<name>nomask</name>
		<pose>Unspecified</pose>
		<truncated>1</truncated>
		<difficult>0</difficult>
		<bndbox>
			<xmin>600</xmin>
			<ymin>245</ymin>
			<xmax>800</xmax>
			<ymax>588</ymax>
		</bndbox>
	</object>
</annotation>
