<annotation verified="yes">
	<folder>train</folder>
	<filename>mnlwljdxwl8h496g5q7yv.jpg</filename>
	<path>C:\tensorflow1\models\research\object_detection\images\train\mnlwljdxwl8h496g5q7yv.jpg</path>
	<source>
		<database>Unknown</database>
	</source>
	<size>
		<width>800</width>
		<height>800</height>
		<depth>3</depth>
	</size>
	<segmented>0</segmented>
	<object>
		<name>nomask</name>
		<pose>Unspecified</pose>
		<truncated>0</truncated>
		<difficult>0</difficult>
		<bndbox>
			<xmin>242</xmin>
			<ymin>179</ymin>
			<xmax>508</xmax>
			<ymax>526</ymax>
		</bndbox>
	</object>
</annotation>
