<annotation verified="yes">
	<folder>train</folder>
	<filename>mo5p4ku681uy65uwndu4.jpg</filename>
	<path>C:\tensorflow1\models\research\object_detection\images\train\mo5p4ku681uy65uwndu4.jpg</path>
	<source>
		<database>Unknown</database>
	</source>
	<size>
		<width>800</width>
		<height>800</height>
		<depth>3</depth>
	</size>
	<segmented>0</segmented>
	<object>
		<name>mask</name>
		<pose>Unspecified</pose>
		<truncated>0</truncated>
		<difficult>0</difficult>
		<bndbox>
			<xmin>590</xmin>
			<ymin>147</ymin>
			<xmax>685</xmax>
			<ymax>239</ymax>
		</bndbox>
	</object>
	<object>
		<name>mask</name>
		<pose>Unspecified</pose>
		<truncated>0</truncated>
		<difficult>0</difficult>
		<bndbox>
			<xmin>192</xmin>
			<ymin>185</ymin>
			<xmax>302</xmax>
			<ymax>292</ymax>
		</bndbox>
	</object>
	<object>
		<name>mask</name>
		<pose>Unspecified</pose>
		<truncated>1</truncated>
		<difficult>0</difficult>
		<bndbox>
			<xmin>1</xmin>
			<ymin>248</ymin>
			<xmax>70</xmax>
			<ymax>361</ymax>
		</bndbox>
	</object>
	<object>
		<name>mask</name>
		<pose>Unspecified</pose>
		<truncated>0</truncated>
		<difficult>0</difficult>
		<bndbox>
			<xmin>62</xmin>
			<ymin>183</ymin>
			<xmax>157</xmax>
			<ymax>275</ymax>
		</bndbox>
	</object>
</annotation>
