<annotation verified="yes">
	<folder>train</folder>
	<filename>mrtt93mnd9p1u5lg2762en.jpg</filename>
	<path>C:\tensorflow1\models\research\object_detection\images\train\mrtt93mnd9p1u5lg2762en.jpg</path>
	<source>
		<database>Unknown</database>
	</source>
	<size>
		<width>800</width>
		<height>800</height>
		<depth>3</depth>
	</size>
	<segmented>0</segmented>
	<object>
		<name>mask</name>
		<pose>Unspecified</pose>
		<truncated>0</truncated>
		<difficult>0</difficult>
		<bndbox>
			<xmin>64</xmin>
			<ymin>171</ymin>
			<xmax>396</xmax>
			<ymax>510</ymax>
		</bndbox>
	</object>
	<object>
		<name>mask</name>
		<pose>Unspecified</pose>
		<truncated>1</truncated>
		<difficult>0</difficult>
		<bndbox>
			<xmin>616</xmin>
			<ymin>230</ymin>
			<xmax>800</xmax>
			<ymax>467</ymax>
		</bndbox>
	</object>
</annotation>
