<annotation verified="yes">
	<folder>train</folder>
	<filename>mtki2db0wv728h2cm42a0ti.jpg</filename>
	<path>C:\tensorflow1\models\research\object_detection\images\train\mtki2db0wv728h2cm42a0ti.jpg</path>
	<source>
		<database>Unknown</database>
	</source>
	<size>
		<width>800</width>
		<height>800</height>
		<depth>3</depth>
	</size>
	<segmented>0</segmented>
	<object>
		<name>nomask</name>
		<pose>Unspecified</pose>
		<truncated>0</truncated>
		<difficult>0</difficult>
		<bndbox>
			<xmin>212</xmin>
			<ymin>183</ymin>
			<xmax>484</xmax>
			<ymax>491</ymax>
		</bndbox>
	</object>
</annotation>
