<annotation verified="yes">
	<folder>train</folder>
	<filename>mw6ckqhcc8c3ybk0ror6q.jpg</filename>
	<path>C:\tensorflow1\models\research\object_detection\images\train\mw6ckqhcc8c3ybk0ror6q.jpg</path>
	<source>
		<database>Unknown</database>
	</source>
	<size>
		<width>800</width>
		<height>800</height>
		<depth>3</depth>
	</size>
	<segmented>0</segmented>
	<object>
		<name>nomask</name>
		<pose>Unspecified</pose>
		<truncated>0</truncated>
		<difficult>0</difficult>
		<bndbox>
			<xmin>117</xmin>
			<ymin>150</ymin>
			<xmax>368</xmax>
			<ymax>499</ymax>
		</bndbox>
	</object>
</annotation>
