<annotation verified="yes">
	<folder>train</folder>
	<filename>my2faoiotwx4t5e4dqm3c.jpg</filename>
	<path>C:\tensorflow1\models\research\object_detection\images\train\my2faoiotwx4t5e4dqm3c.jpg</path>
	<source>
		<database>Unknown</database>
	</source>
	<size>
		<width>800</width>
		<height>800</height>
		<depth>3</depth>
	</size>
	<segmented>0</segmented>
	<object>
		<name>nomask</name>
		<pose>Unspecified</pose>
		<truncated>1</truncated>
		<difficult>0</difficult>
		<bndbox>
			<xmin>665</xmin>
			<ymin>127</ymin>
			<xmax>800</xmax>
			<ymax>414</ymax>
		</bndbox>
	</object>
	<object>
		<name>nomask</name>
		<pose>Unspecified</pose>
		<truncated>0</truncated>
		<difficult>0</difficult>
		<bndbox>
			<xmin>73</xmin>
			<ymin>463</ymin>
			<xmax>292</xmax>
			<ymax>693</ymax>
		</bndbox>
	</object>
</annotation>
