<annotation verified="yes">
	<folder>train</folder>
	<filename>mzb3ulx48af8aihwce2ymf.jpg</filename>
	<path>C:\tensorflow1\models\research\object_detection\images\train\mzb3ulx48af8aihwce2ymf.jpg</path>
	<source>
		<database>Unknown</database>
	</source>
	<size>
		<width>800</width>
		<height>800</height>
		<depth>3</depth>
	</size>
	<segmented>0</segmented>
	<object>
		<name>nomask</name>
		<pose>Unspecified</pose>
		<truncated>1</truncated>
		<difficult>0</difficult>
		<bndbox>
			<xmin>152</xmin>
			<ymin>311</ymin>
			<xmax>652</xmax>
			<ymax>800</ymax>
		</bndbox>
	</object>
</annotation>
