<annotation verified="yes">
	<folder>train</folder>
	<filename>n7gf1n45o4pbz0lghmfk2n.jpg</filename>
	<path>C:\tensorflow1\models\research\object_detection\images\train\n7gf1n45o4pbz0lghmfk2n.jpg</path>
	<source>
		<database>Unknown</database>
	</source>
	<size>
		<width>800</width>
		<height>800</height>
		<depth>3</depth>
	</size>
	<segmented>0</segmented>
	<object>
		<name>mask</name>
		<pose>Unspecified</pose>
		<truncated>0</truncated>
		<difficult>0</difficult>
		<bndbox>
			<xmin>596</xmin>
			<ymin>158</ymin>
			<xmax>795</xmax>
			<ymax>351</ymax>
		</bndbox>
	</object>
	<object>
		<name>mask</name>
		<pose>Unspecified</pose>
		<truncated>0</truncated>
		<difficult>0</difficult>
		<bndbox>
			<xmin>202</xmin>
			<ymin>385</ymin>
			<xmax>497</xmax>
			<ymax>680</ymax>
		</bndbox>
	</object>
	<object>
		<name>mask</name>
		<pose>Unspecified</pose>
		<truncated>1</truncated>
		<difficult>0</difficult>
		<bndbox>
			<xmin>1</xmin>
			<ymin>222</ymin>
			<xmax>55</xmax>
			<ymax>431</ymax>
		</bndbox>
	</object>
</annotation>
