<annotation verified="yes">
	<folder>train</folder>
	<filename>nhujtalo7mrz0zgvm5ob9o.jpg</filename>
	<path>C:\tensorflow1\models\research\object_detection\images\train\nhujtalo7mrz0zgvm5ob9o.jpg</path>
	<source>
		<database>Unknown</database>
	</source>
	<size>
		<width>800</width>
		<height>800</height>
		<depth>3</depth>
	</size>
	<segmented>0</segmented>
	<object>
		<name>mask</name>
		<pose>Unspecified</pose>
		<truncated>0</truncated>
		<difficult>0</difficult>
		<bndbox>
			<xmin>38</xmin>
			<ymin>43</ymin>
			<xmax>698</xmax>
			<ymax>757</ymax>
		</bndbox>
	</object>
</annotation>
