<annotation verified="yes">
	<folder>train</folder>
	<filename>niuubbyh3t90nvj2joci4c.jpg</filename>
	<path>C:\tensorflow1\models\research\object_detection\images\train\niuubbyh3t90nvj2joci4c.jpg</path>
	<source>
		<database>Unknown</database>
	</source>
	<size>
		<width>800</width>
		<height>800</height>
		<depth>3</depth>
	</size>
	<segmented>0</segmented>
	<object>
		<name>mask</name>
		<pose>Unspecified</pose>
		<truncated>0</truncated>
		<difficult>0</difficult>
		<bndbox>
			<xmin>666</xmin>
			<ymin>170</ymin>
			<xmax>797</xmax>
			<ymax>317</ymax>
		</bndbox>
	</object>
	<object>
		<name>mask</name>
		<pose>Unspecified</pose>
		<truncated>0</truncated>
		<difficult>0</difficult>
		<bndbox>
			<xmin>411</xmin>
			<ymin>271</ymin>
			<xmax>543</xmax>
			<ymax>415</ymax>
		</bndbox>
	</object>
	<object>
		<name>mask</name>
		<pose>Unspecified</pose>
		<truncated>1</truncated>
		<difficult>0</difficult>
		<bndbox>
			<xmin>1</xmin>
			<ymin>287</ymin>
			<xmax>48</xmax>
			<ymax>465</ymax>
		</bndbox>
	</object>
	<object>
		<name>nomask</name>
		<pose>Unspecified</pose>
		<truncated>0</truncated>
		<difficult>0</difficult>
		<bndbox>
			<xmin>39</xmin>
			<ymin>158</ymin>
			<xmax>143</xmax>
			<ymax>285</ymax>
		</bndbox>
	</object>
</annotation>
