<annotation verified="yes">
	<folder>train</folder>
	<filename>nl5dasls2tevj0h7ujbu9.jpg</filename>
	<path>C:\tensorflow1\models\research\object_detection\images\train\nl5dasls2tevj0h7ujbu9.jpg</path>
	<source>
		<database>Unknown</database>
	</source>
	<size>
		<width>800</width>
		<height>800</height>
		<depth>3</depth>
	</size>
	<segmented>0</segmented>
	<object>
		<name>mask</name>
		<pose>Unspecified</pose>
		<truncated>1</truncated>
		<difficult>0</difficult>
		<bndbox>
			<xmin>1</xmin>
			<ymin>191</ymin>
			<xmax>102</xmax>
			<ymax>319</ymax>
		</bndbox>
	</object>
	<object>
		<name>mask</name>
		<pose>Unspecified</pose>
		<truncated>0</truncated>
		<difficult>0</difficult>
		<bndbox>
			<xmin>354</xmin>
			<ymin>151</ymin>
			<xmax>475</xmax>
			<ymax>279</ymax>
		</bndbox>
	</object>
	<object>
		<name>mask</name>
		<pose>Unspecified</pose>
		<truncated>0</truncated>
		<difficult>0</difficult>
		<bndbox>
			<xmin>644</xmin>
			<ymin>186</ymin>
			<xmax>747</xmax>
			<ymax>322</ymax>
		</bndbox>
	</object>
</annotation>
