<annotation verified="yes">
	<folder>train</folder>
	<filename>nne5rcg2xim62nkqt9xteh.jpg</filename>
	<path>C:\tensorflow1\models\research\object_detection\images\train\nne5rcg2xim62nkqt9xteh.jpg</path>
	<source>
		<database>Unknown</database>
	</source>
	<size>
		<width>800</width>
		<height>800</height>
		<depth>3</depth>
	</size>
	<segmented>0</segmented>
	<object>
		<name>nomask</name>
		<pose>Unspecified</pose>
		<truncated>0</truncated>
		<difficult>0</difficult>
		<bndbox>
			<xmin>37</xmin>
			<ymin>129</ymin>
			<xmax>460</xmax>
			<ymax>609</ymax>
		</bndbox>
	</object>
</annotation>
