<annotation verified="yes">
	<folder>train</folder>
	<filename>nv6o37cs4emnigg361ywg.jpg</filename>
	<path>C:\tensorflow1\models\research\object_detection\images\train\nv6o37cs4emnigg361ywg.jpg</path>
	<source>
		<database>Unknown</database>
	</source>
	<size>
		<width>800</width>
		<height>800</height>
		<depth>3</depth>
	</size>
	<segmented>0</segmented>
	<object>
		<name>mask</name>
		<pose>Unspecified</pose>
		<truncated>0</truncated>
		<difficult>0</difficult>
		<bndbox>
			<xmin>10</xmin>
			<ymin>170</ymin>
			<xmax>358</xmax>
			<ymax>665</ymax>
		</bndbox>
	</object>
</annotation>
