<annotation verified="yes">
	<folder>train</folder>
	<filename>o4mi9vv144rit17xjvthm.jpg</filename>
	<path>C:\tensorflow1\models\research\object_detection\images\train\o4mi9vv144rit17xjvthm.jpg</path>
	<source>
		<database>Unknown</database>
	</source>
	<size>
		<width>800</width>
		<height>800</height>
		<depth>3</depth>
	</size>
	<segmented>0</segmented>
	<object>
		<name>nomask</name>
		<pose>Unspecified</pose>
		<truncated>1</truncated>
		<difficult>0</difficult>
		<bndbox>
			<xmin>530</xmin>
			<ymin>242</ymin>
			<xmax>800</xmax>
			<ymax>670</ymax>
		</bndbox>
	</object>
	<object>
		<name>nomask</name>
		<pose>Unspecified</pose>
		<truncated>1</truncated>
		<difficult>0</difficult>
		<bndbox>
			<xmin>1</xmin>
			<ymin>288</ymin>
			<xmax>268</xmax>
			<ymax>661</ymax>
		</bndbox>
	</object>
</annotation>
