<annotation verified="yes">
	<folder>train</folder>
	<filename>o4rbxn0b7bi0kfwu7hahys.jpg</filename>
	<path>C:\tensorflow1\models\research\object_detection\images\train\o4rbxn0b7bi0kfwu7hahys.jpg</path>
	<source>
		<database>Unknown</database>
	</source>
	<size>
		<width>800</width>
		<height>800</height>
		<depth>3</depth>
	</size>
	<segmented>0</segmented>
	<object>
		<name>mask</name>
		<pose>Unspecified</pose>
		<truncated>0</truncated>
		<difficult>0</difficult>
		<bndbox>
			<xmin>287</xmin>
			<ymin>155</ymin>
			<xmax>538</xmax>
			<ymax>450</ymax>
		</bndbox>
	</object>
</annotation>
