<annotation verified="yes">
	<folder>train</folder>
	<filename>o7rqbyiyfi3923a1u6gc1.jpg</filename>
	<path>C:\tensorflow1\models\research\object_detection\images\train\o7rqbyiyfi3923a1u6gc1.jpg</path>
	<source>
		<database>Unknown</database>
	</source>
	<size>
		<width>800</width>
		<height>800</height>
		<depth>3</depth>
	</size>
	<segmented>0</segmented>
	<object>
		<name>nomask</name>
		<pose>Unspecified</pose>
		<truncated>1</truncated>
		<difficult>0</difficult>
		<bndbox>
			<xmin>1</xmin>
			<ymin>65</ymin>
			<xmax>380</xmax>
			<ymax>683</ymax>
		</bndbox>
	</object>
	<object>
		<name>nomask</name>
		<pose>Unspecified</pose>
		<truncated>1</truncated>
		<difficult>0</difficult>
		<bndbox>
			<xmin>478</xmin>
			<ymin>57</ymin>
			<xmax>800</xmax>
			<ymax>688</ymax>
		</bndbox>
	</object>
</annotation>
