<annotation verified="yes">
	<folder>train</folder>
	<filename>ohqx79is1hahjsloyf9bat.jpg</filename>
	<path>C:\tensorflow1\models\research\object_detection\images\train\ohqx79is1hahjsloyf9bat.jpg</path>
	<source>
		<database>Unknown</database>
	</source>
	<size>
		<width>800</width>
		<height>800</height>
		<depth>3</depth>
	</size>
	<segmented>0</segmented>
	<object>
		<name>mask</name>
		<pose>Unspecified</pose>
		<truncated>1</truncated>
		<difficult>0</difficult>
		<bndbox>
			<xmin>1</xmin>
			<ymin>358</ymin>
			<xmax>189</xmax>
			<ymax>576</ymax>
		</bndbox>
	</object>
	<object>
		<name>mask</name>
		<pose>Unspecified</pose>
		<truncated>0</truncated>
		<difficult>0</difficult>
		<bndbox>
			<xmin>575</xmin>
			<ymin>193</ymin>
			<xmax>781</xmax>
			<ymax>435</ymax>
		</bndbox>
	</object>
</annotation>
