<annotation verified="yes">
	<folder>train</folder>
	<filename>oknkwvcfkbe3p0qg1nluks.jpg</filename>
	<path>C:\tensorflow1\models\research\object_detection\images\train\oknkwvcfkbe3p0qg1nluks.jpg</path>
	<source>
		<database>Unknown</database>
	</source>
	<size>
		<width>800</width>
		<height>800</height>
		<depth>3</depth>
	</size>
	<segmented>0</segmented>
	<object>
		<name>mask</name>
		<pose>Unspecified</pose>
		<truncated>1</truncated>
		<difficult>0</difficult>
		<bndbox>
			<xmin>533</xmin>
			<ymin>161</ymin>
			<xmax>800</xmax>
			<ymax>478</ymax>
		</bndbox>
	</object>
	<object>
		<name>mask</name>
		<pose>Unspecified</pose>
		<truncated>0</truncated>
		<difficult>0</difficult>
		<bndbox>
			<xmin>75</xmin>
			<ymin>99</ymin>
			<xmax>495</xmax>
			<ymax>640</ymax>
		</bndbox>
	</object>
</annotation>
