<annotation verified="yes">
	<folder>train</folder>
	<filename>ol657714qkq4tne3dn37ej.jpg</filename>
	<path>C:\tensorflow1\models\research\object_detection\images\train\ol657714qkq4tne3dn37ej.jpg</path>
	<source>
		<database>Unknown</database>
	</source>
	<size>
		<width>800</width>
		<height>800</height>
		<depth>3</depth>
	</size>
	<segmented>0</segmented>
	<object>
		<name>nomask</name>
		<pose>Unspecified</pose>
		<truncated>1</truncated>
		<difficult>0</difficult>
		<bndbox>
			<xmin>1</xmin>
			<ymin>211</ymin>
			<xmax>182</xmax>
			<ymax>508</ymax>
		</bndbox>
	</object>
	<object>
		<name>nomask</name>
		<pose>Unspecified</pose>
		<truncated>0</truncated>
		<difficult>0</difficult>
		<bndbox>
			<xmin>511</xmin>
			<ymin>208</ymin>
			<xmax>708</xmax>
			<ymax>436</ymax>
		</bndbox>
	</object>
</annotation>
