<annotation verified="yes">
	<folder>train</folder>
	<filename>ouacj4032htjy3rmc16j1k.jpg</filename>
	<path>C:\tensorflow1\models\research\object_detection\images\train\ouacj4032htjy3rmc16j1k.jpg</path>
	<source>
		<database>Unknown</database>
	</source>
	<size>
		<width>800</width>
		<height>800</height>
		<depth>3</depth>
	</size>
	<segmented>0</segmented>
	<object>
		<name>nomask</name>
		<pose>Unspecified</pose>
		<truncated>0</truncated>
		<difficult>0</difficult>
		<bndbox>
			<xmin>471</xmin>
			<ymin>107</ymin>
			<xmax>606</xmax>
			<ymax>248</ymax>
		</bndbox>
	</object>
</annotation>
