<annotation verified="yes">
	<folder>train</folder>
	<filename>oveu3nq8ezlvyrzyupmrq.jpg</filename>
	<path>C:\tensorflow1\models\research\object_detection\images\train\oveu3nq8ezlvyrzyupmrq.jpg</path>
	<source>
		<database>Unknown</database>
	</source>
	<size>
		<width>800</width>
		<height>800</height>
		<depth>3</depth>
	</size>
	<segmented>0</segmented>
	<object>
		<name>nomask</name>
		<pose>Unspecified</pose>
		<truncated>1</truncated>
		<difficult>0</difficult>
		<bndbox>
			<xmin>1</xmin>
			<ymin>115</ymin>
			<xmax>239</xmax>
			<ymax>461</ymax>
		</bndbox>
	</object>
	<object>
		<name>nomask</name>
		<pose>Unspecified</pose>
		<truncated>1</truncated>
		<difficult>0</difficult>
		<bndbox>
			<xmin>633</xmin>
			<ymin>55</ymin>
			<xmax>800</xmax>
			<ymax>445</ymax>
		</bndbox>
	</object>
</annotation>
